callId,system,family,question,provider,primary,transport,complete,format,semanticPlanCorrect,declaredNonNullTargetMatch,nativePlannerCalled,nativeQualified,nativeStatus,pendingScope,databaseUnchanged,layer,latencyMs,estimatedCostCny
qingye-07-1-r1/p/b/0,qingye,personal_scope,请帮我查看当前账号所有借用记录,qwen,True,SUCCESS,True,STRUCTURE_VALID,True,True,True,True,CONFIRM_SCOPE,True,True,MATCH,984.0,0.00064
qingye-07-1-r1/p/b/1,qingye,personal_scope,请帮我查看当前账号所有借用记录,qwen,False,SUCCESS,True,STRUCTURE_VALID,True,True,True,True,CONFIRM_SCOPE,True,True,MATCH,969.0,0.00064
qingye-07-1-r1/p/b/2,qingye,personal_scope,请帮我查看当前账号所有借用记录,qwen,False,SUCCESS,True,STRUCTURE_VALID,True,True,True,True,CONFIRM_SCOPE,True,True,MATCH,954.0,0.00064
qingye-07-1-r1/p/b/3,qingye,personal_scope,请帮我查看当前账号所有借用记录,qwen,False,SUCCESS,True,STRUCTURE_VALID,True,True,True,True,CONFIRM_SCOPE,True,True,MATCH,1047.0,0.00064
qingye-07-1-r1/p/a/0,qingye,personal_scope,请帮我查看当前账号所有借用记录,deepseek,True,SUCCESS,True,STRUCTURE_VALID,True,True,True,True,CONFIRM_SCOPE,True,True,MATCH,593.0,0.001738
qingye-07-1-r1/p/a/1,qingye,personal_scope,请帮我查看当前账号所有借用记录,deepseek,False,SUCCESS,True,STRUCTURE_VALID,True,True,True,True,CONFIRM_SCOPE,True,True,MATCH,562.0,0.001738
qingye-07-1-r1/p/a/2,qingye,personal_scope,请帮我查看当前账号所有借用记录,deepseek,False,SUCCESS,True,STRUCTURE_VALID,True,True,True,True,CONFIRM_SCOPE,True,True,MATCH,532.0,0.001738
qingye-07-1-r1/p/a/3,qingye,personal_scope,请帮我查看当前账号所有借用记录,deepseek,False,SUCCESS,True,STRUCTURE_VALID,True,True,True,True,CONFIRM_SCOPE,True,True,MATCH,531.0,0.001738
qingye-12-2-r2/p/a/0,qingye,business_noise,摄像机和相机借过又还了，这些是背景；现在唯一要查的是手机库存,deepseek,True,SUCCESS,True,STRUCTURE_VALID,True,True,True,True,QUERY,False,True,MATCH,609.0,0.001762
qingye-12-2-r2/p/a/1,qingye,business_noise,摄像机和相机借过又还了，这些是背景；现在唯一要查的是手机库存,deepseek,False,SUCCESS,True,STRUCTURE_VALID,True,True,True,True,QUERY,False,True,MATCH,672.0,0.001762
qingye-12-2-r2/p/a/2,qingye,business_noise,摄像机和相机借过又还了，这些是背景；现在唯一要查的是手机库存,deepseek,False,SUCCESS,True,STRUCTURE_VALID,True,True,True,True,QUERY,False,True,MATCH,593.0,0.001762
qingye-12-2-r2/p/a/3,qingye,business_noise,摄像机和相机借过又还了，这些是背景；现在唯一要查的是手机库存,deepseek,False,SUCCESS,True,STRUCTURE_VALID,True,True,True,True,QUERY,False,True,MATCH,468.0,0.001762
qingye-12-2-r2/p/b/0,qingye,business_noise,摄像机和相机借过又还了，这些是背景；现在唯一要查的是手机库存,qwen,True,SUCCESS,True,STRUCTURE_VALID,True,True,True,True,QUERY,False,True,MATCH,968.0,0.0006504
qingye-12-2-r2/p/b/1,qingye,business_noise,摄像机和相机借过又还了，这些是背景；现在唯一要查的是手机库存,qwen,False,SUCCESS,True,STRUCTURE_VALID,True,True,True,True,QUERY,False,True,MATCH,969.0,0.0006504
qingye-12-2-r2/p/b/2,qingye,business_noise,摄像机和相机借过又还了，这些是背景；现在唯一要查的是手机库存,qwen,False,SUCCESS,True,STRUCTURE_VALID,True,True,True,True,QUERY,False,True,MATCH,953.0,0.0006504
qingye-12-2-r2/p/b/3,qingye,business_noise,摄像机和相机借过又还了，这些是背景；现在唯一要查的是手机库存,qwen,False,SUCCESS,True,STRUCTURE_VALID,True,True,True,True,QUERY,False,True,MATCH,1000.0,0.0006504
library-01-1-r1/p/a/0,library,baseline,请帮忙看看《三体》所在的书架位置,deepseek,True,SUCCESS,True,STRUCTURE_VALID,True,True,True,True,QUERY,False,True,MATCH,921.0,0.002184
library-01-1-r1/p/a/1,library,baseline,请帮忙看看《三体》所在的书架位置,deepseek,False,SUCCESS,True,STRUCTURE_VALID,True,True,True,True,QUERY,False,True,MATCH,718.0,0.002184
library-01-1-r1/p/a/2,library,baseline,请帮忙看看《三体》所在的书架位置,deepseek,False,SUCCESS,True,STRUCTURE_VALID,True,True,True,True,QUERY,False,True,MATCH,875.0,0.002184
library-01-1-r1/p/a/3,library,baseline,请帮忙看看《三体》所在的书架位置,deepseek,False,SUCCESS,True,STRUCTURE_VALID,True,True,True,True,QUERY,False,True,MATCH,844.0,0.002184
library-01-1-r1/p/b/0,library,baseline,请帮忙看看《三体》所在的书架位置,qwen,True,SUCCESS,True,STRUCTURE_VALID,True,True,True,True,QUERY,False,True,MATCH,1703.0,0.0007976
library-01-1-r1/p/b/1,library,baseline,请帮忙看看《三体》所在的书架位置,qwen,False,SUCCESS,True,STRUCTURE_VALID,True,True,True,True,QUERY,False,True,MATCH,1625.0,0.0007976
library-01-1-r1/p/b/2,library,baseline,请帮忙看看《三体》所在的书架位置,qwen,False,SUCCESS,True,STRUCTURE_VALID,True,True,True,True,QUERY,False,True,MATCH,1671.0,0.0007976
library-01-1-r1/p/b/3,library,baseline,请帮忙看看《三体》所在的书架位置,qwen,False,SUCCESS,True,STRUCTURE_VALID,True,True,True,True,QUERY,False,True,MATCH,1672.0,0.0007976
library-03-1-r1/p/b/0,library,negation,《Java入门》不用查，请只看《三体》的位置,qwen,True,SUCCESS,True,STRUCTURE_VALID,True,True,True,True,QUERY,False,True,MATCH,1641.0,0.0008
library-03-1-r1/p/b/1,library,negation,《Java入门》不用查，请只看《三体》的位置,qwen,False,SUCCESS,True,STRUCTURE_VALID,True,True,True,True,QUERY,False,True,MATCH,1735.0,0.0008
library-03-1-r1/p/b/2,library,negation,《Java入门》不用查，请只看《三体》的位置,qwen,False,SUCCESS,True,STRUCTURE_VALID,True,True,True,True,QUERY,False,True,MATCH,1719.0,0.0008
library-03-1-r1/p/b/3,library,negation,《Java入门》不用查，请只看《三体》的位置,qwen,False,SUCCESS,True,STRUCTURE_VALID,True,True,True,True,QUERY,False,True,MATCH,1750.0,0.0008
library-03-1-r1/p/a/0,library,negation,《Java入门》不用查，请只看《三体》的位置,deepseek,True,SUCCESS,True,STRUCTURE_VALID,True,True,True,True,QUERY,False,True,MATCH,906.0,0.00219
library-03-1-r1/p/a/1,library,negation,《Java入门》不用查，请只看《三体》的位置,deepseek,False,SUCCESS,True,STRUCTURE_VALID,True,True,True,True,QUERY,False,True,MATCH,891.0,0.00219
library-03-1-r1/p/a/2,library,negation,《Java入门》不用查，请只看《三体》的位置,deepseek,False,SUCCESS,True,STRUCTURE_VALID,True,True,True,True,QUERY,False,True,MATCH,797.0,0.00219
library-03-1-r1/p/a/3,library,negation,《Java入门》不用查，请只看《三体》的位置,deepseek,False,SUCCESS,True,STRUCTURE_VALID,True,True,True,True,QUERY,False,True,MATCH,625.0,0.00219
library-08-1-r0/p/b/0,library,capability_difference,请只看我尚未归还的《Java入门》借阅记录,qwen,True,SUCCESS,True,INVALID_FIELDS,False,True,True,False,REJECT,False,True,PROTOCOL,1375.0,0.0007728
library-08-1-r0/p/b/1,library,capability_difference,请只看我尚未归还的《Java入门》借阅记录,qwen,False,SUCCESS,True,STRUCTURE_VALID,True,True,True,True,CONFIRM_SCOPE,True,True,MATCH,1735.0,0.0008028000000000001
library-08-1-r0/p/b/2,library,capability_difference,请只看我尚未归还的《Java入门》借阅记录,qwen,False,SUCCESS,True,STRUCTURE_VALID,True,True,True,True,CONFIRM_SCOPE,True,True,MATCH,1703.0,0.0008028000000000001
library-08-1-r0/p/b/3,library,capability_difference,请只看我尚未归还的《Java入门》借阅记录,qwen,False,SUCCESS,True,STRUCTURE_VALID,True,True,True,True,CONFIRM_SCOPE,True,True,MATCH,1656.0,0.0008028000000000001
library-08-1-r0/p/a/0,library,capability_difference,请只看我尚未归还的《Java入门》借阅记录,deepseek,True,SUCCESS,True,STRUCTURE_VALID,True,True,True,True,CONFIRM_SCOPE,True,True,MATCH,734.0,0.002196
library-08-1-r0/p/a/1,library,capability_difference,请只看我尚未归还的《Java入门》借阅记录,deepseek,False,SUCCESS,True,STRUCTURE_VALID,True,True,True,True,CONFIRM_SCOPE,True,True,MATCH,734.0,0.002196
library-08-1-r0/p/a/2,library,capability_difference,请只看我尚未归还的《Java入门》借阅记录,deepseek,False,SUCCESS,True,STRUCTURE_VALID,True,True,True,True,CONFIRM_SCOPE,True,True,MATCH,687.0,0.002196
library-08-1-r0/p/a/3,library,capability_difference,请只看我尚未归还的《Java入门》借阅记录,deepseek,False,SUCCESS,True,STRUCTURE_VALID,True,True,True,True,CONFIRM_SCOPE,True,True,MATCH,782.0,0.002196
qingye-08-1-r1/p/b/0,qingye,capability_difference,请只看我尚未归还的相机借用记录,qwen,True,SUCCESS,True,STRUCTURE_VALID,False,False,True,True,CONFIRM_SCOPE,True,True,SEMANTIC,1156.0,0.0006424
qingye-08-1-r1/p/b/1,qingye,capability_difference,请只看我尚未归还的相机借用记录,qwen,False,SUCCESS,True,STRUCTURE_VALID,False,False,True,True,CONFIRM_SCOPE,True,True,SEMANTIC,953.0,0.0006424
qingye-08-1-r1/p/b/2,qingye,capability_difference,请只看我尚未归还的相机借用记录,qwen,False,SUCCESS,True,STRUCTURE_VALID,False,False,True,True,CONFIRM_SCOPE,True,True,SEMANTIC,938.0,0.0006424
qingye-08-1-r1/p/b/3,qingye,capability_difference,请只看我尚未归还的相机借用记录,qwen,False,SUCCESS,True,STRUCTURE_VALID,False,False,True,True,CONFIRM_SCOPE,True,True,SEMANTIC,969.0,0.0006424
qingye-08-1-r1/p/a/0,qingye,capability_difference,请只看我尚未归还的相机借用记录,deepseek,True,SUCCESS,True,STRUCTURE_VALID,False,False,True,True,CONFIRM_SCOPE,True,True,SEMANTIC,860.0,0.00174
qingye-08-1-r1/p/a/1,qingye,capability_difference,请只看我尚未归还的相机借用记录,deepseek,False,SUCCESS,True,STRUCTURE_VALID,False,False,True,True,CONFIRM_SCOPE,True,True,SEMANTIC,765.0,0.00174
qingye-08-1-r1/p/a/2,qingye,capability_difference,请只看我尚未归还的相机借用记录,deepseek,False,SUCCESS,True,STRUCTURE_VALID,False,False,True,True,CONFIRM_SCOPE,True,True,SEMANTIC,859.0,0.00174
qingye-08-1-r1/p/a/3,qingye,capability_difference,请只看我尚未归还的相机借用记录,deepseek,False,SUCCESS,True,STRUCTURE_VALID,False,False,True,True,CONFIRM_SCOPE,True,True,SEMANTIC,610.0,0.00174
qingye-10-2-r0/p/b/0,qingye,greeting,你好呀，你是什么模型？我的业务请求是查相机库存,qwen,True,SUCCESS,True,STRUCTURE_VALID,True,True,True,True,QUERY,False,True,MATCH,968.0,0.0006448000000000001
qingye-10-2-r0/p/b/1,qingye,greeting,你好呀，你是什么模型？我的业务请求是查相机库存,qwen,False,SUCCESS,True,STRUCTURE_VALID,True,True,True,True,QUERY,False,True,MATCH,937.0,0.0006448000000000001
qingye-10-2-r0/p/b/2,qingye,greeting,你好呀，你是什么模型？我的业务请求是查相机库存,qwen,False,SUCCESS,True,STRUCTURE_VALID,True,True,True,True,QUERY,False,True,MATCH,922.0,0.0006448000000000001
qingye-10-2-r0/p/b/3,qingye,greeting,你好呀，你是什么模型？我的业务请求是查相机库存,qwen,False,SUCCESS,True,STRUCTURE_VALID,True,True,True,True,QUERY,False,True,MATCH,985.0,0.0006448000000000001
qingye-10-2-r0/p/a/0,qingye,greeting,你好呀，你是什么模型？我的业务请求是查相机库存,deepseek,True,SUCCESS,True,STRUCTURE_VALID,True,True,True,True,QUERY,False,True,MATCH,609.0,0.00175
qingye-10-2-r0/p/a/1,qingye,greeting,你好呀，你是什么模型？我的业务请求是查相机库存,deepseek,False,SUCCESS,True,STRUCTURE_VALID,True,True,True,True,QUERY,False,True,MATCH,640.0,0.00175
qingye-10-2-r0/p/a/2,qingye,greeting,你好呀，你是什么模型？我的业务请求是查相机库存,deepseek,False,SUCCESS,True,STRUCTURE_VALID,True,True,True,True,QUERY,False,True,MATCH,812.0,0.00175
qingye-10-2-r0/p/a/3,qingye,greeting,你好呀，你是什么模型？我的业务请求是查相机库存,deepseek,False,SUCCESS,True,STRUCTURE_VALID,True,True,True,True,QUERY,False,True,MATCH,781.0,0.00175
qingye-05-2-r0/p/a/0,qingye,multiple,相机库存与我报名了什么都查一下,deepseek,True,SUCCESS,True,STRUCTURE_VALID,True,True,True,True,CLARIFY,False,True,MATCH,641.0,0.001778
qingye-05-2-r0/p/a/1,qingye,multiple,相机库存与我报名了什么都查一下,deepseek,False,SUCCESS,True,STRUCTURE_VALID,True,True,True,True,CLARIFY,False,True,MATCH,625.0,0.001778
qingye-05-2-r0/p/a/2,qingye,multiple,相机库存与我报名了什么都查一下,deepseek,False,SUCCESS,True,STRUCTURE_VALID,True,True,True,True,CLARIFY,False,True,MATCH,735.0,0.001778
qingye-05-2-r0/p/a/3,qingye,multiple,相机库存与我报名了什么都查一下,deepseek,False,SUCCESS,True,STRUCTURE_VALID,True,True,True,True,CLARIFY,False,True,MATCH,438.0,0.001778
qingye-05-2-r0/p/b/0,qingye,multiple,相机库存与我报名了什么都查一下,qwen,True,SUCCESS,True,STRUCTURE_VALID,False,False,True,True,QUERY,False,True,SEMANTIC,922.0,0.0006408000000000001
qingye-05-2-r0/p/b/1,qingye,multiple,相机库存与我报名了什么都查一下,qwen,False,SUCCESS,True,STRUCTURE_VALID,False,False,True,True,QUERY,False,True,SEMANTIC,1016.0,0.0006408000000000001
qingye-05-2-r0/p/b/2,qingye,multiple,相机库存与我报名了什么都查一下,qwen,False,SUCCESS,True,STRUCTURE_VALID,False,False,True,True,QUERY,False,True,SEMANTIC,1016.0,0.0006408000000000001
qingye-05-2-r0/p/b/3,qingye,multiple,相机库存与我报名了什么都查一下,qwen,False,SUCCESS,True,STRUCTURE_VALID,False,False,True,True,QUERY,False,True,SEMANTIC,985.0,0.0006408000000000001
qingye-01-2-r2/p/b/0,qingye,baseline,麻烦查询现在相机是否有库存,qwen,True,SUCCESS,True,STRUCTURE_VALID,True,True,True,True,QUERY,False,True,MATCH,953.0,0.0006384
qingye-01-2-r2/p/b/1,qingye,baseline,麻烦查询现在相机是否有库存,qwen,False,SUCCESS,True,STRUCTURE_VALID,True,True,True,True,QUERY,False,True,MATCH,1031.0,0.0006384
qingye-01-2-r2/p/b/2,qingye,baseline,麻烦查询现在相机是否有库存,qwen,False,SUCCESS,True,STRUCTURE_VALID,True,True,True,True,QUERY,False,True,MATCH,938.0,0.0006384
qingye-01-2-r2/p/b/3,qingye,baseline,麻烦查询现在相机是否有库存,qwen,False,SUCCESS,True,STRUCTURE_VALID,True,True,True,True,QUERY,False,True,MATCH,985.0,0.0006384
qingye-01-2-r2/p/a/0,qingye,baseline,麻烦查询现在相机是否有库存,deepseek,True,SUCCESS,True,STRUCTURE_VALID,True,True,True,True,QUERY,False,True,MATCH,672.0,0.001734
qingye-01-2-r2/p/a/1,qingye,baseline,麻烦查询现在相机是否有库存,deepseek,False,SUCCESS,True,STRUCTURE_VALID,True,True,True,True,QUERY,False,True,MATCH,765.0,0.001734
qingye-01-2-r2/p/a/2,qingye,baseline,麻烦查询现在相机是否有库存,deepseek,False,SUCCESS,True,STRUCTURE_VALID,True,True,True,True,QUERY,False,True,MATCH,860.0,0.001734
qingye-01-2-r2/p/a/3,qingye,baseline,麻烦查询现在相机是否有库存,deepseek,False,SUCCESS,True,STRUCTURE_VALID,True,True,True,True,QUERY,False,True,MATCH,547.0,0.001734
library-07-1-r0/p/a/0,library,personal_scope,请帮我查看当前账号所有借阅记录,deepseek,True,SUCCESS,True,STRUCTURE_VALID,True,True,True,True,CONFIRM_SCOPE,True,True,MATCH,594.0,0.00218
library-07-1-r0/p/a/1,library,personal_scope,请帮我查看当前账号所有借阅记录,deepseek,False,SUCCESS,True,STRUCTURE_VALID,True,True,True,True,CONFIRM_SCOPE,True,True,MATCH,750.0,0.00218
library-07-1-r0/p/a/2,library,personal_scope,请帮我查看当前账号所有借阅记录,deepseek,False,SUCCESS,True,STRUCTURE_VALID,True,True,True,True,CONFIRM_SCOPE,True,True,MATCH,734.0,0.00218
library-07-1-r0/p/a/3,library,personal_scope,请帮我查看当前账号所有借阅记录,deepseek,False,SUCCESS,True,STRUCTURE_VALID,True,True,True,True,CONFIRM_SCOPE,True,True,MATCH,625.0,0.00218
library-07-1-r0/p/b/0,library,personal_scope,请帮我查看当前账号所有借阅记录,qwen,True,SUCCESS,True,STRUCTURE_VALID,True,True,True,True,CONFIRM_SCOPE,True,True,MATCH,1688.0,0.000796
library-07-1-r0/p/b/1,library,personal_scope,请帮我查看当前账号所有借阅记录,qwen,False,SUCCESS,True,STRUCTURE_VALID,True,True,True,True,CONFIRM_SCOPE,True,True,MATCH,1672.0,0.000796
library-07-1-r0/p/b/2,library,personal_scope,请帮我查看当前账号所有借阅记录,qwen,False,SUCCESS,True,STRUCTURE_VALID,True,True,True,True,CONFIRM_SCOPE,True,True,MATCH,1656.0,0.000796
library-07-1-r0/p/b/3,library,personal_scope,请帮我查看当前账号所有借阅记录,qwen,False,SUCCESS,True,STRUCTURE_VALID,True,True,True,True,CONFIRM_SCOPE,True,True,MATCH,1703.0,0.000796
library-08-2-r1/p/b/0,library,capability_difference,我的《Java入门》借阅，仅查询未归还的,qwen,True,SUCCESS,True,STRUCTURE_VALID,True,True,True,True,CONFIRM_SCOPE,True,True,MATCH,2016.0,0.000802
library-08-2-r1/p/b/1,library,capability_difference,我的《Java入门》借阅，仅查询未归还的,qwen,False,SUCCESS,True,STRUCTURE_VALID,True,True,True,True,CONFIRM_SCOPE,True,True,MATCH,1672.0,0.000802
library-08-2-r1/p/b/2,library,capability_difference,我的《Java入门》借阅，仅查询未归还的,qwen,False,SUCCESS,True,STRUCTURE_VALID,True,True,True,True,CONFIRM_SCOPE,True,True,MATCH,1672.0,0.000802
library-08-2-r1/p/b/3,library,capability_difference,我的《Java入门》借阅，仅查询未归还的,qwen,False,SUCCESS,True,STRUCTURE_VALID,True,True,True,True,CONFIRM_SCOPE,True,True,MATCH,1750.0,0.000802
library-08-2-r1/p/a/0,library,capability_difference,我的《Java入门》借阅，仅查询未归还的,deepseek,True,SUCCESS,True,STRUCTURE_VALID,True,True,True,True,CONFIRM_SCOPE,True,True,MATCH,454.0,0.002196
library-08-2-r1/p/a/1,library,capability_difference,我的《Java入门》借阅，仅查询未归还的,deepseek,False,SUCCESS,True,STRUCTURE_VALID,True,True,True,True,CONFIRM_SCOPE,True,True,MATCH,750.0,0.002196
library-08-2-r1/p/a/2,library,capability_difference,我的《Java入门》借阅，仅查询未归还的,deepseek,False,SUCCESS,True,STRUCTURE_VALID,True,True,True,True,CONFIRM_SCOPE,True,True,MATCH,766.0,0.002196
library-08-2-r1/p/a/3,library,capability_difference,我的《Java入门》借阅，仅查询未归还的,deepseek,False,SUCCESS,True,STRUCTURE_VALID,True,True,True,True,CONFIRM_SCOPE,True,True,MATCH,797.0,0.002196
qingye-08-2-r0/p/a/0,qingye,capability_difference,我的相机借用，仅查询未归还的,deepseek,True,SUCCESS,True,STRUCTURE_VALID,False,False,True,True,CONFIRM_SCOPE,True,True,SEMANTIC,797.0,0.00174
qingye-08-2-r0/p/a/1,qingye,capability_difference,我的相机借用，仅查询未归还的,deepseek,False,SUCCESS,True,STRUCTURE_VALID,False,False,True,True,CONFIRM_SCOPE,True,True,SEMANTIC,750.0,0.00174
qingye-08-2-r0/p/a/2,qingye,capability_difference,我的相机借用，仅查询未归还的,deepseek,False,SUCCESS,True,STRUCTURE_VALID,False,False,True,True,CONFIRM_SCOPE,True,True,SEMANTIC,719.0,0.00174
qingye-08-2-r0/p/a/3,qingye,capability_difference,我的相机借用，仅查询未归还的,deepseek,False,SUCCESS,True,STRUCTURE_VALID,False,False,True,True,CONFIRM_SCOPE,True,True,SEMANTIC,687.0,0.00174
qingye-08-2-r0/p/b/0,qingye,capability_difference,我的相机借用，仅查询未归还的,qwen,True,SUCCESS,True,STRUCTURE_VALID,False,False,True,True,CONFIRM_SCOPE,True,True,SEMANTIC,922.0,0.0006416
qingye-08-2-r0/p/b/1,qingye,capability_difference,我的相机借用，仅查询未归还的,qwen,False,SUCCESS,True,STRUCTURE_VALID,False,False,True,True,CONFIRM_SCOPE,True,True,SEMANTIC,953.0,0.0006416
qingye-08-2-r0/p/b/2,qingye,capability_difference,我的相机借用，仅查询未归还的,qwen,False,SUCCESS,True,STRUCTURE_VALID,False,False,True,True,CONFIRM_SCOPE,True,True,SEMANTIC,953.0,0.0006416
qingye-08-2-r0/p/b/3,qingye,capability_difference,我的相机借用，仅查询未归还的,qwen,False,SUCCESS,True,STRUCTURE_VALID,False,False,True,True,CONFIRM_SCOPE,True,True,SEMANTIC,969.0,0.0006416
qingye-02-1-r2/p/b/0,qingye,history,我昨天借过相机，今天只查询投影仪的当前库存,qwen,True,SUCCESS,True,STRUCTURE_VALID,True,True,True,True,QUERY,False,True,MATCH,1156.0,0.0006468000000000001
qingye-02-1-r2/p/b/1,qingye,history,我昨天借过相机，今天只查询投影仪的当前库存,qwen,False,SUCCESS,True,STRUCTURE_VALID,True,True,True,True,QUERY,False,True,MATCH,968.0,0.0006468000000000001
qingye-02-1-r2/p/b/2,qingye,history,我昨天借过相机，今天只查询投影仪的当前库存,qwen,False,SUCCESS,True,STRUCTURE_VALID,True,True,True,True,QUERY,False,True,MATCH,1000.0,0.0006468000000000001
qingye-02-1-r2/p/b/3,qingye,history,我昨天借过相机，今天只查询投影仪的当前库存,qwen,False,SUCCESS,True,STRUCTURE_VALID,True,True,True,True,QUERY,False,True,MATCH,1484.0,0.0006468000000000001
qingye-02-1-r2/p/a/0,qingye,history,我昨天借过相机，今天只查询投影仪的当前库存,deepseek,True,SUCCESS,True,STRUCTURE_VALID,True,True,True,True,QUERY,False,True,MATCH,859.0,0.001756
qingye-02-1-r2/p/a/1,qingye,history,我昨天借过相机，今天只查询投影仪的当前库存,deepseek,False,SUCCESS,True,STRUCTURE_VALID,True,True,True,True,QUERY,False,True,MATCH,485.0,0.001756
qingye-02-1-r2/p/a/2,qingye,history,我昨天借过相机，今天只查询投影仪的当前库存,deepseek,False,SUCCESS,True,STRUCTURE_VALID,True,True,True,True,QUERY,False,True,MATCH,516.0,0.001756
qingye-02-1-r2/p/a/3,qingye,history,我昨天借过相机，今天只查询投影仪的当前库存,deepseek,False,SUCCESS,True,STRUCTURE_VALID,True,True,True,True,QUERY,False,True,MATCH,610.0,0.001756
qingye-06-1-r2/p/b/0,qingye,unsupported_date,请只查我今天借用的器材记录,qwen,True,SUCCESS,True,STRUCTURE_VALID,False,False,True,False,CLARIFY,False,True,SEMANTIC,1000.0,0.0006448000000000001
qingye-06-1-r2/p/b/1,qingye,unsupported_date,请只查我今天借用的器材记录,qwen,False,SUCCESS,True,STRUCTURE_VALID,False,False,True,False,CLARIFY,False,True,SEMANTIC,1157.0,0.0006448000000000001
qingye-06-1-r2/p/b/2,qingye,unsupported_date,请只查我今天借用的器材记录,qwen,False,SUCCESS,True,STRUCTURE_VALID,False,False,True,False,CLARIFY,False,True,SEMANTIC,1078.0,0.0006448000000000001
qingye-06-1-r2/p/b/3,qingye,unsupported_date,请只查我今天借用的器材记录,qwen,False,SUCCESS,True,STRUCTURE_VALID,False,False,True,False,CLARIFY,False,True,SEMANTIC,1000.0,0.0006448000000000001
qingye-06-1-r2/p/a/0,qingye,unsupported_date,请只查我今天借用的器材记录,deepseek,True,SUCCESS,True,STRUCTURE_VALID,False,False,True,True,CONFIRM_SCOPE,True,True,SEMANTIC,547.0,0.001738
qingye-06-1-r2/p/a/1,qingye,unsupported_date,请只查我今天借用的器材记录,deepseek,False,SUCCESS,True,STRUCTURE_VALID,False,False,True,True,CONFIRM_SCOPE,True,True,SEMANTIC,750.0,0.001738
qingye-06-1-r2/p/a/2,qingye,unsupported_date,请只查我今天借用的器材记录,deepseek,False,SUCCESS,True,STRUCTURE_VALID,False,False,True,True,CONFIRM_SCOPE,True,True,SEMANTIC,500.0,0.001738
qingye-06-1-r2/p/a/3,qingye,unsupported_date,请只查我今天借用的器材记录,deepseek,False,SUCCESS,True,STRUCTURE_VALID,False,False,True,True,CONFIRM_SCOPE,True,True,SEMANTIC,719.0,0.001738
qingye-03-2-r0/p/b/0,qingye,negation,相机不用管，请只查询摄像机库存,qwen,True,SUCCESS,True,STRUCTURE_VALID,True,True,True,True,QUERY,False,True,MATCH,1000.0,0.0006428000000000001
qingye-03-2-r0/p/b/1,qingye,negation,相机不用管，请只查询摄像机库存,qwen,False,SUCCESS,True,STRUCTURE_VALID,True,True,True,True,QUERY,False,True,MATCH,1000.0,0.0006428000000000001
qingye-03-2-r0/p/b/2,qingye,negation,相机不用管，请只查询摄像机库存,qwen,False,SUCCESS,True,STRUCTURE_VALID,True,True,True,True,QUERY,False,True,MATCH,1047.0,0.0006428000000000001
qingye-03-2-r0/p/b/3,qingye,negation,相机不用管，请只查询摄像机库存,qwen,False,SUCCESS,True,STRUCTURE_VALID,True,True,True,True,QUERY,False,True,MATCH,1172.0,0.0006428000000000001
qingye-03-2-r0/p/a/0,qingye,negation,相机不用管，请只查询摄像机库存,deepseek,True,SUCCESS,True,STRUCTURE_VALID,True,True,True,True,QUERY,False,True,MATCH,640.0,0.00174
qingye-03-2-r0/p/a/1,qingye,negation,相机不用管，请只查询摄像机库存,deepseek,False,SUCCESS,True,STRUCTURE_VALID,True,True,True,True,QUERY,False,True,MATCH,484.0,0.00174
qingye-03-2-r0/p/a/2,qingye,negation,相机不用管，请只查询摄像机库存,deepseek,False,SUCCESS,True,STRUCTURE_VALID,True,True,True,True,QUERY,False,True,MATCH,859.0,0.00174
qingye-03-2-r0/p/a/3,qingye,negation,相机不用管，请只查询摄像机库存,deepseek,False,SUCCESS,True,STRUCTURE_VALID,True,True,True,True,QUERY,False,True,MATCH,438.0,0.00174
qingye-12-1-r2/p/b/0,qingye,business_noise,器材库存、摄影活动、归还记录都讨论过了，我本次唯一请求是看手机当前库存,qwen,True,SUCCESS,True,STRUCTURE_VALID,True,True,True,True,QUERY,False,True,MATCH,937.0,0.0006512
qingye-12-1-r2/p/b/1,qingye,business_noise,器材库存、摄影活动、归还记录都讨论过了，我本次唯一请求是看手机当前库存,qwen,False,SUCCESS,True,STRUCTURE_VALID,True,True,True,True,QUERY,False,True,MATCH,953.0,0.0006512
qingye-12-1-r2/p/b/2,qingye,business_noise,器材库存、摄影活动、归还记录都讨论过了，我本次唯一请求是看手机当前库存,qwen,False,SUCCESS,True,STRUCTURE_VALID,True,True,True,True,QUERY,False,True,MATCH,985.0,0.0006512
qingye-12-1-r2/p/b/3,qingye,business_noise,器材库存、摄影活动、归还记录都讨论过了，我本次唯一请求是看手机当前库存,qwen,False,SUCCESS,True,STRUCTURE_VALID,True,True,True,True,QUERY,False,True,MATCH,1031.0,0.0006512
qingye-12-1-r2/p/a/0,qingye,business_noise,器材库存、摄影活动、归还记录都讨论过了，我本次唯一请求是看手机当前库存,deepseek,True,SUCCESS,True,STRUCTURE_VALID,True,True,True,True,QUERY,False,True,MATCH,563.0,0.001764
qingye-12-1-r2/p/a/1,qingye,business_noise,器材库存、摄影活动、归还记录都讨论过了，我本次唯一请求是看手机当前库存,deepseek,False,SUCCESS,True,STRUCTURE_VALID,True,True,True,True,QUERY,False,True,MATCH,860.0,0.001764
qingye-12-1-r2/p/a/2,qingye,business_noise,器材库存、摄影活动、归还记录都讨论过了，我本次唯一请求是看手机当前库存,deepseek,False,SUCCESS,True,STRUCTURE_VALID,True,True,True,True,QUERY,False,True,MATCH,563.0,0.001764
qingye-12-1-r2/p/a/3,qingye,business_noise,器材库存、摄影活动、归还记录都讨论过了，我本次唯一请求是看手机当前库存,deepseek,False,SUCCESS,True,STRUCTURE_VALID,True,True,True,True,QUERY,False,True,MATCH,547.0,0.001764
qingye-09-1-r0/p/a/0,qingye,ambiguous_reference,那个器材的库存帮我查一下，我没有说具体是哪件,deepseek,True,SUCCESS,True,STRUCTURE_VALID,True,True,True,True,CLARIFY,False,True,MATCH,625.0,0.001756
qingye-09-1-r0/p/a/1,qingye,ambiguous_reference,那个器材的库存帮我查一下，我没有说具体是哪件,deepseek,False,SUCCESS,True,STRUCTURE_VALID,True,True,True,True,CLARIFY,False,True,MATCH,640.0,0.001756
qingye-09-1-r0/p/a/2,qingye,ambiguous_reference,那个器材的库存帮我查一下，我没有说具体是哪件,deepseek,False,SUCCESS,True,STRUCTURE_VALID,True,True,True,True,CLARIFY,False,True,MATCH,531.0,0.001756
qingye-09-1-r0/p/a/3,qingye,ambiguous_reference,那个器材的库存帮我查一下，我没有说具体是哪件,deepseek,False,SUCCESS,True,STRUCTURE_VALID,True,True,True,True,CLARIFY,False,True,MATCH,828.0,0.001756
qingye-09-1-r0/p/b/0,qingye,ambiguous_reference,那个器材的库存帮我查一下，我没有说具体是哪件,qwen,True,SUCCESS,True,STRUCTURE_VALID,True,True,True,True,CLARIFY,False,True,MATCH,1000.0,0.0006488
qingye-09-1-r0/p/b/1,qingye,ambiguous_reference,那个器材的库存帮我查一下，我没有说具体是哪件,qwen,False,SUCCESS,True,STRUCTURE_VALID,True,True,True,True,CLARIFY,False,True,MATCH,984.0,0.0006488
qingye-09-1-r0/p/b/2,qingye,ambiguous_reference,那个器材的库存帮我查一下，我没有说具体是哪件,qwen,False,SUCCESS,True,STRUCTURE_VALID,True,True,True,True,CLARIFY,False,True,MATCH,1094.0,0.0006488
qingye-09-1-r0/p/b/3,qingye,ambiguous_reference,那个器材的库存帮我查一下，我没有说具体是哪件,qwen,False,SUCCESS,True,STRUCTURE_VALID,True,True,True,True,CLARIFY,False,True,MATCH,1000.0,0.0006488
library-04-1-r2/p/b/0,library,supersession,先查我的借阅记录，算了，不查记录，只查《三体》的位置,qwen,True,SUCCESS,True,STRUCTURE_VALID,True,True,True,True,QUERY,False,True,MATCH,1672.0,0.0008048
library-04-1-r2/p/b/1,library,supersession,先查我的借阅记录，算了，不查记录，只查《三体》的位置,qwen,False,SUCCESS,True,STRUCTURE_VALID,True,True,True,True,QUERY,False,True,MATCH,1657.0,0.0008048
library-04-1-r2/p/b/2,library,supersession,先查我的借阅记录，算了，不查记录，只查《三体》的位置,qwen,False,SUCCESS,True,STRUCTURE_VALID,True,True,True,True,QUERY,False,True,MATCH,1812.0,0.0008048
library-04-1-r2/p/b/3,library,supersession,先查我的借阅记录，算了，不查记录，只查《三体》的位置,qwen,False,SUCCESS,True,STRUCTURE_VALID,True,True,True,True,QUERY,False,True,MATCH,1640.0,0.0008048
library-04-1-r2/p/a/0,library,supersession,先查我的借阅记录，算了，不查记录，只查《三体》的位置,deepseek,True,SUCCESS,True,STRUCTURE_VALID,True,True,True,True,QUERY,False,True,MATCH,906.0,0.002202
library-04-1-r2/p/a/1,library,supersession,先查我的借阅记录，算了，不查记录，只查《三体》的位置,deepseek,False,SUCCESS,True,STRUCTURE_VALID,True,True,True,True,QUERY,False,True,MATCH,797.0,0.002202
library-04-1-r2/p/a/2,library,supersession,先查我的借阅记录，算了，不查记录，只查《三体》的位置,deepseek,False,SUCCESS,True,STRUCTURE_VALID,True,True,True,True,QUERY,False,True,MATCH,594.0,0.002202
library-04-1-r2/p/a/3,library,supersession,先查我的借阅记录，算了，不查记录，只查《三体》的位置,deepseek,False,SUCCESS,True,STRUCTURE_VALID,True,True,True,True,QUERY,False,True,MATCH,891.0,0.002202
qingye-08-1-r0/p/a/0,qingye,capability_difference,请只看我尚未归还的相机借用记录,deepseek,True,SUCCESS,True,STRUCTURE_VALID,False,False,True,True,CONFIRM_SCOPE,True,True,SEMANTIC,469.0,0.00174
qingye-08-1-r0/p/a/1,qingye,capability_difference,请只看我尚未归还的相机借用记录,deepseek,False,SUCCESS,True,STRUCTURE_VALID,False,False,True,True,CONFIRM_SCOPE,True,True,SEMANTIC,719.0,0.00174
qingye-08-1-r0/p/a/2,qingye,capability_difference,请只看我尚未归还的相机借用记录,deepseek,False,SUCCESS,True,STRUCTURE_VALID,False,False,True,True,CONFIRM_SCOPE,True,True,SEMANTIC,828.0,0.00174
qingye-08-1-r0/p/a/3,qingye,capability_difference,请只看我尚未归还的相机借用记录,deepseek,False,SUCCESS,True,STRUCTURE_VALID,False,False,True,True,CONFIRM_SCOPE,True,True,SEMANTIC,547.0,0.00174
qingye-08-1-r0/p/b/0,qingye,capability_difference,请只看我尚未归还的相机借用记录,qwen,True,SUCCESS,True,STRUCTURE_VALID,False,False,True,True,CONFIRM_SCOPE,True,True,SEMANTIC,1094.0,0.0006424
qingye-08-1-r0/p/b/1,qingye,capability_difference,请只看我尚未归还的相机借用记录,qwen,False,SUCCESS,True,STRUCTURE_VALID,False,False,True,True,CONFIRM_SCOPE,True,True,SEMANTIC,969.0,0.0006424
qingye-08-1-r0/p/b/2,qingye,capability_difference,请只看我尚未归还的相机借用记录,qwen,False,SUCCESS,True,STRUCTURE_VALID,False,False,True,True,CONFIRM_SCOPE,True,True,SEMANTIC,968.0,0.0006424
qingye-08-1-r0/p/b/3,qingye,capability_difference,请只看我尚未归还的相机借用记录,qwen,False,SUCCESS,True,STRUCTURE_VALID,False,False,True,True,CONFIRM_SCOPE,True,True,SEMANTIC,968.0,0.0006424
qingye-01-1-r2/p/b/0,qingye,baseline,请帮忙看看相机当前的库存,qwen,True,SUCCESS,True,STRUCTURE_VALID,True,True,True,True,QUERY,False,True,MATCH,968.0,0.0006392
qingye-01-1-r2/p/b/1,qingye,baseline,请帮忙看看相机当前的库存,qwen,False,SUCCESS,True,STRUCTURE_VALID,True,True,True,True,QUERY,False,True,MATCH,1015.0,0.0006392
qingye-01-1-r2/p/b/2,qingye,baseline,请帮忙看看相机当前的库存,qwen,False,SUCCESS,True,STRUCTURE_VALID,True,True,True,True,QUERY,False,True,MATCH,1000.0,0.0006392
qingye-01-1-r2/p/b/3,qingye,baseline,请帮忙看看相机当前的库存,qwen,False,SUCCESS,True,STRUCTURE_VALID,True,True,True,True,QUERY,False,True,MATCH,985.0,0.0006392
qingye-01-1-r2/p/a/0,qingye,baseline,请帮忙看看相机当前的库存,deepseek,True,SUCCESS,True,STRUCTURE_VALID,True,True,True,True,QUERY,False,True,MATCH,1172.0,0.001734
qingye-01-1-r2/p/a/1,qingye,baseline,请帮忙看看相机当前的库存,deepseek,False,SUCCESS,True,STRUCTURE_VALID,True,True,True,True,QUERY,False,True,MATCH,750.0,0.001734
qingye-01-1-r2/p/a/2,qingye,baseline,请帮忙看看相机当前的库存,deepseek,False,SUCCESS,True,STRUCTURE_VALID,True,True,True,True,QUERY,False,True,MATCH,641.0,0.001734
qingye-01-1-r2/p/a/3,qingye,baseline,请帮忙看看相机当前的库存,deepseek,False,SUCCESS,True,STRUCTURE_VALID,True,True,True,True,QUERY,False,True,MATCH,937.0,0.001734
qingye-05-1-r0/p/b/0,qingye,multiple,请同时查相机库存和我的借用记录，两项都需要,qwen,True,SUCCESS,True,STRUCTURE_VALID,True,True,True,True,CLARIFY,False,True,MATCH,1047.0,0.0006492000000000001
qingye-05-1-r0/p/b/1,qingye,multiple,请同时查相机库存和我的借用记录，两项都需要,qwen,False,SUCCESS,True,STRUCTURE_VALID,True,True,True,True,CLARIFY,False,True,MATCH,1047.0,0.0006492000000000001
qingye-05-1-r0/p/b/2,qingye,multiple,请同时查相机库存和我的借用记录，两项都需要,qwen,False,SUCCESS,True,STRUCTURE_VALID,True,True,True,True,CLARIFY,False,True,MATCH,1031.0,0.0006492000000000001
qingye-05-1-r0/p/b/3,qingye,multiple,请同时查相机库存和我的借用记录，两项都需要,qwen,False,SUCCESS,True,STRUCTURE_VALID,True,True,True,True,CLARIFY,False,True,MATCH,1032.0,0.0006492000000000001
qingye-05-1-r0/p/a/0,qingye,multiple,请同时查相机库存和我的借用记录，两项都需要,deepseek,True,SUCCESS,True,STRUCTURE_VALID,True,True,True,True,CLARIFY,False,True,MATCH,609.0,0.001786
qingye-05-1-r0/p/a/1,qingye,multiple,请同时查相机库存和我的借用记录，两项都需要,deepseek,False,SUCCESS,True,STRUCTURE_VALID,True,True,True,True,CLARIFY,False,True,MATCH,610.0,0.001786
qingye-05-1-r0/p/a/2,qingye,multiple,请同时查相机库存和我的借用记录，两项都需要,deepseek,False,SUCCESS,True,STRUCTURE_VALID,True,True,True,True,CLARIFY,False,True,MATCH,594.0,0.001786
qingye-05-1-r0/p/a/3,qingye,multiple,请同时查相机库存和我的借用记录，两项都需要,deepseek,False,SUCCESS,True,STRUCTURE_VALID,True,True,True,True,CLARIFY,False,True,MATCH,594.0,0.001786
library-12-1-r1/p/a/0,library,business_noise,借阅、还书、书架都讨论过了，我本次唯一请求是看《三体》在哪里,deepseek,True,SUCCESS,True,STRUCTURE_VALID,True,True,True,True,QUERY,False,True,MATCH,906.0,0.002206
library-12-1-r1/p/a/1,library,business_noise,借阅、还书、书架都讨论过了，我本次唯一请求是看《三体》在哪里,deepseek,False,SUCCESS,True,STRUCTURE_VALID,True,True,True,True,QUERY,False,True,MATCH,625.0,0.002206
library-12-1-r1/p/a/2,library,business_noise,借阅、还书、书架都讨论过了，我本次唯一请求是看《三体》在哪里,deepseek,False,SUCCESS,True,STRUCTURE_VALID,True,True,True,True,QUERY,False,True,MATCH,609.0,0.002206
library-12-1-r1/p/a/3,library,business_noise,借阅、还书、书架都讨论过了，我本次唯一请求是看《三体》在哪里,deepseek,False,SUCCESS,True,STRUCTURE_VALID,True,True,True,True,QUERY,False,True,MATCH,687.0,0.002206
library-12-1-r1/p/b/0,library,business_noise,借阅、还书、书架都讨论过了，我本次唯一请求是看《三体》在哪里,qwen,True,SUCCESS,True,STRUCTURE_VALID,True,True,True,True,QUERY,False,True,MATCH,1766.0,0.0008072
library-12-1-r1/p/b/1,library,business_noise,借阅、还书、书架都讨论过了，我本次唯一请求是看《三体》在哪里,qwen,False,SUCCESS,True,STRUCTURE_VALID,True,True,True,True,QUERY,False,True,MATCH,1703.0,0.0008072
library-12-1-r1/p/b/2,library,business_noise,借阅、还书、书架都讨论过了，我本次唯一请求是看《三体》在哪里,qwen,False,SUCCESS,True,STRUCTURE_VALID,True,True,True,True,QUERY,False,True,MATCH,1750.0,0.0008072
library-12-1-r1/p/b/3,library,business_noise,借阅、还书、书架都讨论过了，我本次唯一请求是看《三体》在哪里,qwen,False,SUCCESS,True,STRUCTURE_VALID,True,True,True,True,QUERY,False,True,MATCH,1703.0,0.0008072
qingye-08-1-r2/p/a/0,qingye,capability_difference,请只看我尚未归还的相机借用记录,deepseek,True,SUCCESS,True,STRUCTURE_VALID,False,False,True,True,CONFIRM_SCOPE,True,True,SEMANTIC,859.0,0.00174
qingye-08-1-r2/p/a/1,qingye,capability_difference,请只看我尚未归还的相机借用记录,deepseek,False,SUCCESS,True,STRUCTURE_VALID,False,False,True,True,CONFIRM_SCOPE,True,True,SEMANTIC,813.0,0.00174
qingye-08-1-r2/p/a/2,qingye,capability_difference,请只看我尚未归还的相机借用记录,deepseek,False,SUCCESS,True,STRUCTURE_VALID,False,False,True,True,CONFIRM_SCOPE,True,True,SEMANTIC,453.0,0.00174
qingye-08-1-r2/p/a/3,qingye,capability_difference,请只看我尚未归还的相机借用记录,deepseek,False,SUCCESS,True,STRUCTURE_VALID,False,False,True,True,CONFIRM_SCOPE,True,True,SEMANTIC,703.0,0.00174
qingye-08-1-r2/p/b/0,qingye,capability_difference,请只看我尚未归还的相机借用记录,qwen,True,SUCCESS,True,STRUCTURE_VALID,False,False,True,True,CONFIRM_SCOPE,True,True,SEMANTIC,937.0,0.0006424
qingye-08-1-r2/p/b/1,qingye,capability_difference,请只看我尚未归还的相机借用记录,qwen,False,SUCCESS,True,STRUCTURE_VALID,False,False,True,True,CONFIRM_SCOPE,True,True,SEMANTIC,937.0,0.0006424
qingye-08-1-r2/p/b/2,qingye,capability_difference,请只看我尚未归还的相机借用记录,qwen,False,SUCCESS,True,STRUCTURE_VALID,False,False,True,True,CONFIRM_SCOPE,True,True,SEMANTIC,969.0,0.0006424
qingye-08-1-r2/p/b/3,qingye,capability_difference,请只看我尚未归还的相机借用记录,qwen,False,SUCCESS,True,STRUCTURE_VALID,False,False,True,True,CONFIRM_SCOPE,True,True,SEMANTIC,969.0,0.0006424
library-02-2-r2/p/a/0,library,history,昨天还了《三体》，现在想看看《Java入门》的馆藏位置,deepseek,True,SUCCESS,True,STRUCTURE_VALID,True,True,True,True,QUERY,False,True,MATCH,907.0,0.002198
library-02-2-r2/p/a/1,library,history,昨天还了《三体》，现在想看看《Java入门》的馆藏位置,deepseek,False,SUCCESS,True,STRUCTURE_VALID,True,True,True,True,QUERY,False,True,MATCH,828.0,0.002198
library-02-2-r2/p/a/2,library,history,昨天还了《三体》，现在想看看《Java入门》的馆藏位置,deepseek,False,SUCCESS,True,STRUCTURE_VALID,True,True,True,True,QUERY,False,True,MATCH,859.0,0.002198
library-02-2-r2/p/a/3,library,history,昨天还了《三体》，现在想看看《Java入门》的馆藏位置,deepseek,False,SUCCESS,True,STRUCTURE_VALID,True,True,True,True,QUERY,False,True,MATCH,640.0,0.002198
library-02-2-r2/p/b/0,library,history,昨天还了《三体》，现在想看看《Java入门》的馆藏位置,qwen,True,SUCCESS,True,STRUCTURE_VALID,True,True,True,True,QUERY,False,True,MATCH,1672.0,0.0008032
library-02-2-r2/p/b/1,library,history,昨天还了《三体》，现在想看看《Java入门》的馆藏位置,qwen,False,SUCCESS,True,STRUCTURE_VALID,True,True,True,True,QUERY,False,True,MATCH,1687.0,0.0008032
library-02-2-r2/p/b/2,library,history,昨天还了《三体》，现在想看看《Java入门》的馆藏位置,qwen,False,SUCCESS,True,STRUCTURE_VALID,True,True,True,True,QUERY,False,True,MATCH,1672.0,0.0008032
library-02-2-r2/p/b/3,library,history,昨天还了《三体》，现在想看看《Java入门》的馆藏位置,qwen,False,SUCCESS,True,STRUCTURE_VALID,True,True,True,True,QUERY,False,True,MATCH,1719.0,0.0008032
qingye-03-1-r1/p/a/0,qingye,negation,不要查相机，我要看摄像机的当前库存,deepseek,True,SUCCESS,True,STRUCTURE_VALID,True,True,True,True,QUERY,False,True,MATCH,609.0,0.001742
qingye-03-1-r1/p/a/1,qingye,negation,不要查相机，我要看摄像机的当前库存,deepseek,False,SUCCESS,True,STRUCTURE_VALID,True,True,True,True,QUERY,False,True,MATCH,953.0,0.001742
qingye-03-1-r1/p/a/2,qingye,negation,不要查相机，我要看摄像机的当前库存,deepseek,False,SUCCESS,True,STRUCTURE_VALID,True,True,True,True,QUERY,False,True,MATCH,765.0,0.001742
qingye-03-1-r1/p/a/3,qingye,negation,不要查相机，我要看摄像机的当前库存,deepseek,False,SUCCESS,True,STRUCTURE_VALID,True,True,True,True,QUERY,False,True,MATCH,828.0,0.001742
qingye-03-1-r1/p/b/0,qingye,negation,不要查相机，我要看摄像机的当前库存,qwen,True,SUCCESS,True,STRUCTURE_VALID,True,True,True,True,QUERY,False,True,MATCH,969.0,0.0006443999999999999
qingye-03-1-r1/p/b/1,qingye,negation,不要查相机，我要看摄像机的当前库存,qwen,False,SUCCESS,True,STRUCTURE_VALID,True,True,True,True,QUERY,False,True,MATCH,1094.0,0.0006443999999999999
qingye-03-1-r1/p/b/2,qingye,negation,不要查相机，我要看摄像机的当前库存,qwen,False,SUCCESS,True,STRUCTURE_VALID,True,True,True,True,QUERY,False,True,MATCH,953.0,0.0006443999999999999
qingye-03-1-r1/p/b/3,qingye,negation,不要查相机，我要看摄像机的当前库存,qwen,False,SUCCESS,True,STRUCTURE_VALID,True,True,True,True,QUERY,False,True,MATCH,1078.0,0.0006443999999999999
library-01-1-r2/p/a/0,library,baseline,请帮忙看看《三体》所在的书架位置,deepseek,True,SUCCESS,True,STRUCTURE_VALID,True,True,True,True,QUERY,False,True,MATCH,969.0,0.002184
library-01-1-r2/p/a/1,library,baseline,请帮忙看看《三体》所在的书架位置,deepseek,False,SUCCESS,True,STRUCTURE_VALID,True,True,True,True,QUERY,False,True,MATCH,860.0,0.002184
library-01-1-r2/p/a/2,library,baseline,请帮忙看看《三体》所在的书架位置,deepseek,False,SUCCESS,True,STRUCTURE_VALID,True,True,True,True,QUERY,False,True,MATCH,735.0,0.002184
library-01-1-r2/p/a/3,library,baseline,请帮忙看看《三体》所在的书架位置,deepseek,False,SUCCESS,True,STRUCTURE_VALID,True,True,True,True,QUERY,False,True,MATCH,922.0,0.002184
library-01-1-r2/p/b/0,library,baseline,请帮忙看看《三体》所在的书架位置,qwen,True,SUCCESS,True,STRUCTURE_VALID,True,True,True,True,QUERY,False,True,MATCH,1687.0,0.0007976
library-01-1-r2/p/b/1,library,baseline,请帮忙看看《三体》所在的书架位置,qwen,False,SUCCESS,True,STRUCTURE_VALID,True,True,True,True,QUERY,False,True,MATCH,1750.0,0.0007976
library-01-1-r2/p/b/2,library,baseline,请帮忙看看《三体》所在的书架位置,qwen,False,SUCCESS,True,STRUCTURE_VALID,True,True,True,True,QUERY,False,True,MATCH,1984.0,0.0007976
library-01-1-r2/p/b/3,library,baseline,请帮忙看看《三体》所在的书架位置,qwen,False,SUCCESS,True,STRUCTURE_VALID,True,True,True,True,QUERY,False,True,MATCH,1672.0,0.0007976
library-11-2-r1/p/b/0,library,time_option,我要了解我未来三天需要还的图书,qwen,True,SUCCESS,True,STRUCTURE_VALID,True,True,True,True,CONFIRM_SCOPE,True,True,MATCH,1797.0,0.000804
library-11-2-r1/p/b/1,library,time_option,我要了解我未来三天需要还的图书,qwen,False,SUCCESS,True,STRUCTURE_VALID,True,True,True,True,CONFIRM_SCOPE,True,True,MATCH,1719.0,0.000804
library-11-2-r1/p/b/2,library,time_option,我要了解我未来三天需要还的图书,qwen,False,SUCCESS,True,STRUCTURE_VALID,True,True,True,True,CONFIRM_SCOPE,True,True,MATCH,1750.0,0.000804
library-11-2-r1/p/b/3,library,time_option,我要了解我未来三天需要还的图书,qwen,False,SUCCESS,True,STRUCTURE_VALID,True,True,True,True,CONFIRM_SCOPE,True,True,MATCH,1797.0,0.000804
library-11-2-r1/p/a/0,library,time_option,我要了解我未来三天需要还的图书,deepseek,True,SUCCESS,True,STRUCTURE_VALID,True,True,True,True,CONFIRM_SCOPE,True,True,MATCH,578.0,0.00222
library-11-2-r1/p/a/1,library,time_option,我要了解我未来三天需要还的图书,deepseek,False,SUCCESS,True,STRUCTURE_VALID,True,True,True,True,CONFIRM_SCOPE,True,True,MATCH,828.0,0.00222
library-11-2-r1/p/a/2,library,time_option,我要了解我未来三天需要还的图书,deepseek,False,SUCCESS,True,STRUCTURE_VALID,True,True,True,True,CONFIRM_SCOPE,True,True,MATCH,890.0,0.00222
library-11-2-r1/p/a/3,library,time_option,我要了解我未来三天需要还的图书,deepseek,False,SUCCESS,True,STRUCTURE_VALID,True,True,True,True,CONFIRM_SCOPE,True,True,MATCH,610.0,0.00222
library-09-1-r2/p/a/0,library,ambiguous_reference,那本书放哪里，我没有提供书名,deepseek,True,SUCCESS,True,STRUCTURE_VALID,True,True,True,True,CLARIFY,False,True,MATCH,828.0,0.002178
library-09-1-r2/p/a/1,library,ambiguous_reference,那本书放哪里，我没有提供书名,deepseek,False,SUCCESS,True,STRUCTURE_VALID,True,True,True,True,CLARIFY,False,True,MATCH,578.0,0.002178
library-09-1-r2/p/a/2,library,ambiguous_reference,那本书放哪里，我没有提供书名,deepseek,False,SUCCESS,True,STRUCTURE_VALID,True,True,True,True,CLARIFY,False,True,MATCH,703.0,0.002178
library-09-1-r2/p/a/3,library,ambiguous_reference,那本书放哪里，我没有提供书名,deepseek,False,SUCCESS,True,STRUCTURE_VALID,True,True,True,True,CLARIFY,False,True,MATCH,1032.0,0.002178
library-09-1-r2/p/b/0,library,ambiguous_reference,那本书放哪里，我没有提供书名,qwen,True,SUCCESS,True,STRUCTURE_VALID,False,False,True,False,REJECT,False,True,SEMANTIC,1797.0,0.000808
library-09-1-r2/p/b/1,library,ambiguous_reference,那本书放哪里，我没有提供书名,qwen,False,SUCCESS,True,STRUCTURE_VALID,False,False,True,False,REJECT,False,True,SEMANTIC,1828.0,0.000808
library-09-1-r2/p/b/2,library,ambiguous_reference,那本书放哪里，我没有提供书名,qwen,False,SUCCESS,True,STRUCTURE_VALID,False,False,True,False,REJECT,False,True,SEMANTIC,1813.0,0.000808
library-09-1-r2/p/b/3,library,ambiguous_reference,那本书放哪里，我没有提供书名,qwen,False,SUCCESS,True,STRUCTURE_VALID,False,False,True,False,REJECT,False,True,SEMANTIC,1796.0,0.000808
qingye-04-2-r2/p/b/0,qingye,supersession,想查我的报名，但改主意了，只看看投影仪库存,qwen,True,SUCCESS,True,STRUCTURE_VALID,True,True,True,True,QUERY,False,True,MATCH,1016.0,0.0006476
qingye-04-2-r2/p/b/1,qingye,supersession,想查我的报名，但改主意了，只看看投影仪库存,qwen,False,SUCCESS,True,STRUCTURE_VALID,True,True,True,True,QUERY,False,True,MATCH,922.0,0.0006476
qingye-04-2-r2/p/b/2,qingye,supersession,想查我的报名，但改主意了，只看看投影仪库存,qwen,False,SUCCESS,True,STRUCTURE_VALID,True,True,True,True,QUERY,False,True,MATCH,1031.0,0.0006476
qingye-04-2-r2/p/b/3,qingye,supersession,想查我的报名，但改主意了，只看看投影仪库存,qwen,False,SUCCESS,True,STRUCTURE_VALID,True,True,True,True,QUERY,False,True,MATCH,984.0,0.0006476
qingye-04-2-r2/p/a/0,qingye,supersession,想查我的报名，但改主意了，只看看投影仪库存,deepseek,True,SUCCESS,True,STRUCTURE_VALID,True,True,True,True,QUERY,False,True,MATCH,625.0,0.00176
qingye-04-2-r2/p/a/1,qingye,supersession,想查我的报名，但改主意了，只看看投影仪库存,deepseek,False,SUCCESS,True,STRUCTURE_VALID,True,True,True,True,QUERY,False,True,MATCH,797.0,0.00176
qingye-04-2-r2/p/a/2,qingye,supersession,想查我的报名，但改主意了，只看看投影仪库存,deepseek,False,SUCCESS,True,STRUCTURE_VALID,True,True,True,True,QUERY,False,True,MATCH,640.0,0.00176
qingye-04-2-r2/p/a/3,qingye,supersession,想查我的报名，但改主意了，只看看投影仪库存,deepseek,False,SUCCESS,True,STRUCTURE_VALID,True,True,True,True,QUERY,False,True,MATCH,812.0,0.00176
qingye-12-2-r1/p/b/0,qingye,business_noise,摄像机和相机借过又还了，这些是背景；现在唯一要查的是手机库存,qwen,True,SUCCESS,True,STRUCTURE_VALID,True,True,True,True,QUERY,False,True,MATCH,922.0,0.0006504
qingye-12-2-r1/p/b/1,qingye,business_noise,摄像机和相机借过又还了，这些是背景；现在唯一要查的是手机库存,qwen,False,SUCCESS,True,STRUCTURE_VALID,True,True,True,True,QUERY,False,True,MATCH,1031.0,0.0006504
qingye-12-2-r1/p/b/2,qingye,business_noise,摄像机和相机借过又还了，这些是背景；现在唯一要查的是手机库存,qwen,False,SUCCESS,True,STRUCTURE_VALID,True,True,True,True,QUERY,False,True,MATCH,1343.0,0.0006504
qingye-12-2-r1/p/b/3,qingye,business_noise,摄像机和相机借过又还了，这些是背景；现在唯一要查的是手机库存,qwen,False,SUCCESS,True,STRUCTURE_VALID,True,True,True,True,QUERY,False,True,MATCH,968.0,0.0006504
qingye-12-2-r1/p/a/0,qingye,business_noise,摄像机和相机借过又还了，这些是背景；现在唯一要查的是手机库存,deepseek,True,SUCCESS,True,STRUCTURE_VALID,True,True,True,True,QUERY,False,True,MATCH,531.0,0.001762
qingye-12-2-r1/p/a/1,qingye,business_noise,摄像机和相机借过又还了，这些是背景；现在唯一要查的是手机库存,deepseek,False,SUCCESS,True,STRUCTURE_VALID,True,True,True,True,QUERY,False,True,MATCH,609.0,0.001762
qingye-12-2-r1/p/a/2,qingye,business_noise,摄像机和相机借过又还了，这些是背景；现在唯一要查的是手机库存,deepseek,False,SUCCESS,True,STRUCTURE_VALID,True,True,True,True,QUERY,False,True,MATCH,860.0,0.001762
qingye-12-2-r1/p/a/3,qingye,business_noise,摄像机和相机借过又还了，这些是背景；现在唯一要查的是手机库存,deepseek,False,SUCCESS,True,STRUCTURE_VALID,True,True,True,True,QUERY,False,True,MATCH,469.0,0.001762
library-10-1-r0/p/b/0,library,greeting,hello你好，你能帮我做什么？顺便帮我查《三体》的位置,qwen,True,SUCCESS,True,STRUCTURE_VALID,True,True,True,True,QUERY,False,True,MATCH,1641.0,0.0008008000000000001
library-10-1-r0/p/b/1,library,greeting,hello你好，你能帮我做什么？顺便帮我查《三体》的位置,qwen,False,SUCCESS,True,STRUCTURE_VALID,True,True,True,True,QUERY,False,True,MATCH,1641.0,0.0008008000000000001
library-10-1-r0/p/b/2,library,greeting,hello你好，你能帮我做什么？顺便帮我查《三体》的位置,qwen,False,SUCCESS,True,STRUCTURE_VALID,True,True,True,True,QUERY,False,True,MATCH,1625.0,0.0008008000000000001
library-10-1-r0/p/b/3,library,greeting,hello你好，你能帮我做什么？顺便帮我查《三体》的位置,qwen,False,SUCCESS,True,STRUCTURE_VALID,True,True,True,True,QUERY,False,True,MATCH,1703.0,0.0008008000000000001
library-10-1-r0/p/a/0,library,greeting,hello你好，你能帮我做什么？顺便帮我查《三体》的位置,deepseek,True,SUCCESS,True,STRUCTURE_VALID,False,False,True,True,CLARIFY,False,True,SEMANTIC,1016.0,0.002216
library-10-1-r0/p/a/1,library,greeting,hello你好，你能帮我做什么？顺便帮我查《三体》的位置,deepseek,False,SUCCESS,True,STRUCTURE_VALID,True,True,True,True,QUERY,False,True,MATCH,515.0,0.002192
library-10-1-r0/p/a/2,library,greeting,hello你好，你能帮我做什么？顺便帮我查《三体》的位置,deepseek,False,SUCCESS,True,STRUCTURE_VALID,False,False,True,True,CLARIFY,False,True,SEMANTIC,453.0,0.002216
library-10-1-r0/p/a/3,library,greeting,hello你好，你能帮我做什么？顺便帮我查《三体》的位置,deepseek,False,SUCCESS,True,STRUCTURE_VALID,True,True,True,True,QUERY,False,True,MATCH,578.0,0.002192
library-06-1-r1/p/b/0,library,unsupported_date,请只查我今天借阅的图书记录,qwen,True,SUCCESS,True,STRUCTURE_VALID,False,False,True,False,REJECT,False,True,SEMANTIC,1813.0,0.0008088
library-06-1-r1/p/b/1,library,unsupported_date,请只查我今天借阅的图书记录,qwen,False,SUCCESS,True,STRUCTURE_VALID,False,False,True,False,REJECT,False,True,SEMANTIC,1828.0,0.0008088
library-06-1-r1/p/b/2,library,unsupported_date,请只查我今天借阅的图书记录,qwen,False,SUCCESS,True,STRUCTURE_VALID,False,False,True,False,REJECT,False,True,SEMANTIC,1828.0,0.0008088
library-06-1-r1/p/b/3,library,unsupported_date,请只查我今天借阅的图书记录,qwen,False,SUCCESS,True,STRUCTURE_VALID,False,False,True,False,REJECT,False,True,SEMANTIC,1750.0,0.0008088
library-06-1-r1/p/a/0,library,unsupported_date,请只查我今天借阅的图书记录,deepseek,True,SUCCESS,True,STRUCTURE_VALID,True,True,True,True,CLARIFY,False,True,MATCH,922.0,0.002206
library-06-1-r1/p/a/1,library,unsupported_date,请只查我今天借阅的图书记录,deepseek,False,SUCCESS,True,STRUCTURE_VALID,True,True,True,True,CLARIFY,False,True,MATCH,688.0,0.002206
library-06-1-r1/p/a/2,library,unsupported_date,请只查我今天借阅的图书记录,deepseek,False,SUCCESS,True,STRUCTURE_VALID,True,True,True,True,CLARIFY,False,True,MATCH,797.0,0.002206
library-06-1-r1/p/a/3,library,unsupported_date,请只查我今天借阅的图书记录,deepseek,False,SUCCESS,True,STRUCTURE_VALID,True,True,True,True,CLARIFY,False,True,MATCH,922.0,0.002206
library-08-2-r0/p/a/0,library,capability_difference,我的《Java入门》借阅，仅查询未归还的,deepseek,True,SUCCESS,True,STRUCTURE_VALID,True,True,True,True,CONFIRM_SCOPE,True,True,MATCH,1079.0,0.002196
library-08-2-r0/p/a/1,library,capability_difference,我的《Java入门》借阅，仅查询未归还的,deepseek,False,SUCCESS,True,STRUCTURE_VALID,True,True,True,True,CONFIRM_SCOPE,True,True,MATCH,1000.0,0.002196
library-08-2-r0/p/a/2,library,capability_difference,我的《Java入门》借阅，仅查询未归还的,deepseek,False,SUCCESS,True,STRUCTURE_VALID,True,True,True,True,CONFIRM_SCOPE,True,True,MATCH,500.0,0.002196
library-08-2-r0/p/a/3,library,capability_difference,我的《Java入门》借阅，仅查询未归还的,deepseek,False,SUCCESS,True,STRUCTURE_VALID,True,True,True,True,CONFIRM_SCOPE,True,True,MATCH,953.0,0.002196
library-08-2-r0/p/b/0,library,capability_difference,我的《Java入门》借阅，仅查询未归还的,qwen,True,SUCCESS,True,STRUCTURE_VALID,True,True,True,True,CONFIRM_SCOPE,True,True,MATCH,1750.0,0.000802
library-08-2-r0/p/b/1,library,capability_difference,我的《Java入门》借阅，仅查询未归还的,qwen,False,SUCCESS,True,STRUCTURE_VALID,True,True,True,True,CONFIRM_SCOPE,True,True,MATCH,1672.0,0.000802
library-08-2-r0/p/b/2,library,capability_difference,我的《Java入门》借阅，仅查询未归还的,qwen,False,SUCCESS,True,STRUCTURE_VALID,True,True,True,True,CONFIRM_SCOPE,True,True,MATCH,1719.0,0.000802
library-08-2-r0/p/b/3,library,capability_difference,我的《Java入门》借阅，仅查询未归还的,qwen,False,SUCCESS,True,STRUCTURE_VALID,True,True,True,True,CONFIRM_SCOPE,True,True,MATCH,1688.0,0.000802
library-11-1-r1/p/a/0,library,time_option,请看看我未来三天内未归还且到期的借阅,deepseek,True,SUCCESS,True,STRUCTURE_VALID,True,True,True,True,CONFIRM_SCOPE,True,True,MATCH,750.0,0.002228
library-11-1-r1/p/a/1,library,time_option,请看看我未来三天内未归还且到期的借阅,deepseek,False,SUCCESS,True,STRUCTURE_VALID,True,True,True,True,CONFIRM_SCOPE,True,True,MATCH,688.0,0.002228
library-11-1-r1/p/a/2,library,time_option,请看看我未来三天内未归还且到期的借阅,deepseek,False,SUCCESS,True,STRUCTURE_VALID,True,True,True,True,CONFIRM_SCOPE,True,True,MATCH,891.0,0.002228
library-11-1-r1/p/a/3,library,time_option,请看看我未来三天内未归还且到期的借阅,deepseek,False,SUCCESS,True,STRUCTURE_VALID,True,True,True,True,CONFIRM_SCOPE,True,True,MATCH,985.0,0.002228
library-11-1-r1/p/b/0,library,time_option,请看看我未来三天内未归还且到期的借阅,qwen,True,SUCCESS,True,STRUCTURE_VALID,True,True,True,True,CONFIRM_SCOPE,True,True,MATCH,1797.0,0.000808
library-11-1-r1/p/b/1,library,time_option,请看看我未来三天内未归还且到期的借阅,qwen,False,SUCCESS,True,STRUCTURE_VALID,True,True,True,True,CONFIRM_SCOPE,True,True,MATCH,1750.0,0.000808
library-11-1-r1/p/b/2,library,time_option,请看看我未来三天内未归还且到期的借阅,qwen,False,SUCCESS,True,STRUCTURE_VALID,True,True,True,True,CONFIRM_SCOPE,True,True,MATCH,1766.0,0.000808
library-11-1-r1/p/b/3,library,time_option,请看看我未来三天内未归还且到期的借阅,qwen,False,SUCCESS,True,STRUCTURE_VALID,True,True,True,True,CONFIRM_SCOPE,True,True,MATCH,1797.0,0.000808
library-11-1-r0/p/a/0,library,time_option,请看看我未来三天内未归还且到期的借阅,deepseek,True,SUCCESS,True,STRUCTURE_VALID,True,True,True,True,CONFIRM_SCOPE,True,True,MATCH,813.0,0.002228
library-11-1-r0/p/a/1,library,time_option,请看看我未来三天内未归还且到期的借阅,deepseek,False,SUCCESS,True,STRUCTURE_VALID,True,True,True,True,CONFIRM_SCOPE,True,True,MATCH,671.0,0.002228
library-11-1-r0/p/a/2,library,time_option,请看看我未来三天内未归还且到期的借阅,deepseek,False,SUCCESS,True,STRUCTURE_VALID,True,True,True,True,CONFIRM_SCOPE,True,True,MATCH,484.0,0.002228
library-11-1-r0/p/a/3,library,time_option,请看看我未来三天内未归还且到期的借阅,deepseek,False,SUCCESS,True,STRUCTURE_VALID,True,True,True,True,CONFIRM_SCOPE,True,True,MATCH,797.0,0.002228
library-11-1-r0/p/b/0,library,time_option,请看看我未来三天内未归还且到期的借阅,qwen,True,SUCCESS,True,STRUCTURE_VALID,True,True,True,True,CONFIRM_SCOPE,True,True,MATCH,1781.0,0.000808
library-11-1-r0/p/b/1,library,time_option,请看看我未来三天内未归还且到期的借阅,qwen,False,SUCCESS,True,STRUCTURE_VALID,True,True,True,True,CONFIRM_SCOPE,True,True,MATCH,1782.0,0.000808
library-11-1-r0/p/b/2,library,time_option,请看看我未来三天内未归还且到期的借阅,qwen,False,SUCCESS,True,STRUCTURE_VALID,True,True,True,True,CONFIRM_SCOPE,True,True,MATCH,1765.0,0.000808
library-11-1-r0/p/b/3,library,time_option,请看看我未来三天内未归还且到期的借阅,qwen,False,SUCCESS,True,STRUCTURE_VALID,True,True,True,True,CONFIRM_SCOPE,True,True,MATCH,2453.0,0.000808
qingye-06-1-r0/p/a/0,qingye,unsupported_date,请只查我今天借用的器材记录,deepseek,True,SUCCESS,True,STRUCTURE_VALID,False,False,True,True,CONFIRM_SCOPE,True,True,SEMANTIC,656.0,0.001738
qingye-06-1-r0/p/a/1,qingye,unsupported_date,请只查我今天借用的器材记录,deepseek,False,SUCCESS,True,STRUCTURE_VALID,False,False,True,True,CONFIRM_SCOPE,True,True,SEMANTIC,531.0,0.001738
qingye-06-1-r0/p/a/2,qingye,unsupported_date,请只查我今天借用的器材记录,deepseek,False,SUCCESS,True,STRUCTURE_VALID,False,False,True,True,CONFIRM_SCOPE,True,True,SEMANTIC,610.0,0.001738
qingye-06-1-r0/p/a/3,qingye,unsupported_date,请只查我今天借用的器材记录,deepseek,False,SUCCESS,True,STRUCTURE_VALID,False,False,True,True,CONFIRM_SCOPE,True,True,SEMANTIC,406.0,0.001738
qingye-06-1-r0/p/b/0,qingye,unsupported_date,请只查我今天借用的器材记录,qwen,True,SUCCESS,True,STRUCTURE_VALID,False,False,True,False,CLARIFY,False,True,SEMANTIC,1093.0,0.0006448000000000001
qingye-06-1-r0/p/b/1,qingye,unsupported_date,请只查我今天借用的器材记录,qwen,False,SUCCESS,True,STRUCTURE_VALID,False,False,True,False,CLARIFY,False,True,SEMANTIC,1016.0,0.0006448000000000001
qingye-06-1-r0/p/b/2,qingye,unsupported_date,请只查我今天借用的器材记录,qwen,False,SUCCESS,True,STRUCTURE_VALID,False,False,True,False,CLARIFY,False,True,SEMANTIC,1094.0,0.0006448000000000001
qingye-06-1-r0/p/b/3,qingye,unsupported_date,请只查我今天借用的器材记录,qwen,False,SUCCESS,True,STRUCTURE_VALID,False,False,True,False,CLARIFY,False,True,SEMANTIC,985.0,0.0006448000000000001
qingye-09-2-r1/p/b/0,qingye,ambiguous_reference,帮我看看那个设备，没有具体名称,qwen,True,SUCCESS,True,STRUCTURE_VALID,True,True,False,False,REJECT,False,True,NATIVE_ENTRY,1109.0,0.000644
qingye-09-2-r1/p/b/1,qingye,ambiguous_reference,帮我看看那个设备，没有具体名称,qwen,False,SUCCESS,True,STRUCTURE_VALID,True,True,False,False,REJECT,False,True,NATIVE_ENTRY,1062.0,0.000644
qingye-09-2-r1/p/b/2,qingye,ambiguous_reference,帮我看看那个设备，没有具体名称,qwen,False,SUCCESS,True,STRUCTURE_VALID,True,True,False,False,REJECT,False,True,NATIVE_ENTRY,1000.0,0.000644
qingye-09-2-r1/p/b/3,qingye,ambiguous_reference,帮我看看那个设备，没有具体名称,qwen,False,SUCCESS,True,STRUCTURE_VALID,True,True,False,False,REJECT,False,True,NATIVE_ENTRY,1156.0,0.000644
qingye-09-2-r1/p/a/0,qingye,ambiguous_reference,帮我看看那个设备，没有具体名称,deepseek,True,SUCCESS,True,STRUCTURE_VALID,True,True,False,False,REJECT,False,True,NATIVE_ENTRY,609.0,0.001746
qingye-09-2-r1/p/a/1,qingye,ambiguous_reference,帮我看看那个设备，没有具体名称,deepseek,False,SUCCESS,True,STRUCTURE_VALID,True,True,False,False,REJECT,False,True,NATIVE_ENTRY,703.0,0.001746
qingye-09-2-r1/p/a/2,qingye,ambiguous_reference,帮我看看那个设备，没有具体名称,deepseek,False,SUCCESS,True,STRUCTURE_VALID,True,True,False,False,REJECT,False,True,NATIVE_ENTRY,547.0,0.001746
qingye-09-2-r1/p/a/3,qingye,ambiguous_reference,帮我看看那个设备，没有具体名称,deepseek,False,SUCCESS,True,STRUCTURE_VALID,True,True,False,False,REJECT,False,True,NATIVE_ENTRY,594.0,0.001746
qingye-04-2-r0/p/b/0,qingye,supersession,想查我的报名，但改主意了，只看看投影仪库存,qwen,True,SUCCESS,True,STRUCTURE_VALID,True,True,True,True,QUERY,False,True,MATCH,1032.0,0.0006476
qingye-04-2-r0/p/b/1,qingye,supersession,想查我的报名，但改主意了，只看看投影仪库存,qwen,False,SUCCESS,True,STRUCTURE_VALID,True,True,True,True,QUERY,False,True,MATCH,1031.0,0.0006476
qingye-04-2-r0/p/b/2,qingye,supersession,想查我的报名，但改主意了，只看看投影仪库存,qwen,False,SUCCESS,True,STRUCTURE_VALID,True,True,True,True,QUERY,False,True,MATCH,1000.0,0.0006476
qingye-04-2-r0/p/b/3,qingye,supersession,想查我的报名，但改主意了，只看看投影仪库存,qwen,False,SUCCESS,True,STRUCTURE_VALID,True,True,True,True,QUERY,False,True,MATCH,1000.0,0.0006476
qingye-04-2-r0/p/a/0,qingye,supersession,想查我的报名，但改主意了，只看看投影仪库存,deepseek,True,SUCCESS,True,STRUCTURE_VALID,True,True,True,True,QUERY,False,True,MATCH,719.0,0.00176
qingye-04-2-r0/p/a/1,qingye,supersession,想查我的报名，但改主意了，只看看投影仪库存,deepseek,False,SUCCESS,True,STRUCTURE_VALID,True,True,True,True,QUERY,False,True,MATCH,547.0,0.00176
qingye-04-2-r0/p/a/2,qingye,supersession,想查我的报名，但改主意了，只看看投影仪库存,deepseek,False,SUCCESS,True,STRUCTURE_VALID,True,True,True,True,QUERY,False,True,MATCH,594.0,0.00176
qingye-04-2-r0/p/a/3,qingye,supersession,想查我的报名，但改主意了，只看看投影仪库存,deepseek,False,SUCCESS,True,STRUCTURE_VALID,True,True,True,True,QUERY,False,True,MATCH,594.0,0.00176
qingye-05-1-r2/p/a/0,qingye,multiple,请同时查相机库存和我的借用记录，两项都需要,deepseek,True,SUCCESS,True,STRUCTURE_VALID,True,True,True,True,CLARIFY,False,True,MATCH,938.0,0.001786
qingye-05-1-r2/p/a/1,qingye,multiple,请同时查相机库存和我的借用记录，两项都需要,deepseek,False,SUCCESS,True,STRUCTURE_VALID,True,True,True,True,CLARIFY,False,True,MATCH,547.0,0.001786
qingye-05-1-r2/p/a/2,qingye,multiple,请同时查相机库存和我的借用记录，两项都需要,deepseek,False,SUCCESS,True,STRUCTURE_VALID,True,True,True,True,CLARIFY,False,True,MATCH,657.0,0.001786
qingye-05-1-r2/p/a/3,qingye,multiple,请同时查相机库存和我的借用记录，两项都需要,deepseek,False,SUCCESS,True,STRUCTURE_VALID,True,True,True,True,CLARIFY,False,True,MATCH,735.0,0.001786
qingye-05-1-r2/p/b/0,qingye,multiple,请同时查相机库存和我的借用记录，两项都需要,qwen,True,SUCCESS,True,STRUCTURE_VALID,True,True,True,True,CLARIFY,False,True,MATCH,1016.0,0.0006492000000000001
qingye-05-1-r2/p/b/1,qingye,multiple,请同时查相机库存和我的借用记录，两项都需要,qwen,False,SUCCESS,True,STRUCTURE_VALID,True,True,True,True,CLARIFY,False,True,MATCH,1016.0,0.0006492000000000001
qingye-05-1-r2/p/b/2,qingye,multiple,请同时查相机库存和我的借用记录，两项都需要,qwen,False,SUCCESS,True,STRUCTURE_VALID,True,True,True,True,CLARIFY,False,True,MATCH,1016.0,0.0006492000000000001
qingye-05-1-r2/p/b/3,qingye,multiple,请同时查相机库存和我的借用记录，两项都需要,qwen,False,SUCCESS,True,STRUCTURE_VALID,True,True,True,True,CLARIFY,False,True,MATCH,1046.0,0.0006492000000000001
library-04-1-r0/p/a/0,library,supersession,先查我的借阅记录，算了，不查记录，只查《三体》的位置,deepseek,True,SUCCESS,True,STRUCTURE_VALID,True,True,True,True,QUERY,False,True,MATCH,750.0,0.002202
library-04-1-r0/p/a/1,library,supersession,先查我的借阅记录，算了，不查记录，只查《三体》的位置,deepseek,False,SUCCESS,True,STRUCTURE_VALID,True,True,True,True,QUERY,False,True,MATCH,719.0,0.002202
library-04-1-r0/p/a/2,library,supersession,先查我的借阅记录，算了，不查记录，只查《三体》的位置,deepseek,False,SUCCESS,True,STRUCTURE_VALID,True,True,True,True,QUERY,False,True,MATCH,688.0,0.002202
library-04-1-r0/p/a/3,library,supersession,先查我的借阅记录，算了，不查记录，只查《三体》的位置,deepseek,False,SUCCESS,True,STRUCTURE_VALID,True,True,True,True,QUERY,False,True,MATCH,843.0,0.002202
library-04-1-r0/p/b/0,library,supersession,先查我的借阅记录，算了，不查记录，只查《三体》的位置,qwen,True,SUCCESS,True,STRUCTURE_VALID,True,True,True,True,QUERY,False,True,MATCH,1719.0,0.0008048
library-04-1-r0/p/b/1,library,supersession,先查我的借阅记录，算了，不查记录，只查《三体》的位置,qwen,False,SUCCESS,True,STRUCTURE_VALID,True,True,True,True,QUERY,False,True,MATCH,1672.0,0.0008048
library-04-1-r0/p/b/2,library,supersession,先查我的借阅记录，算了，不查记录，只查《三体》的位置,qwen,False,SUCCESS,True,STRUCTURE_VALID,True,True,True,True,QUERY,False,True,MATCH,1704.0,0.0008048
library-04-1-r0/p/b/3,library,supersession,先查我的借阅记录，算了，不查记录，只查《三体》的位置,qwen,False,SUCCESS,True,STRUCTURE_VALID,True,True,True,True,QUERY,False,True,MATCH,1672.0,0.0008048
qingye-11-2-r0/p/a/0,qingye,time_option,我要了解明天的相机可借数量,deepseek,True,SUCCESS,True,STRUCTURE_VALID,True,True,True,True,QUERY,False,True,MATCH,797.0,0.001744
qingye-11-2-r0/p/a/1,qingye,time_option,我要了解明天的相机可借数量,deepseek,False,SUCCESS,True,STRUCTURE_VALID,True,True,True,True,QUERY,False,True,MATCH,625.0,0.001744
qingye-11-2-r0/p/a/2,qingye,time_option,我要了解明天的相机可借数量,deepseek,False,SUCCESS,True,STRUCTURE_VALID,True,True,True,True,QUERY,False,True,MATCH,828.0,0.001744
qingye-11-2-r0/p/a/3,qingye,time_option,我要了解明天的相机可借数量,deepseek,False,SUCCESS,True,STRUCTURE_VALID,True,True,True,True,QUERY,False,True,MATCH,500.0,0.001744
qingye-11-2-r0/p/b/0,qingye,time_option,我要了解明天的相机可借数量,qwen,True,SUCCESS,True,STRUCTURE_VALID,True,True,True,True,QUERY,False,True,MATCH,1078.0,0.000646
qingye-11-2-r0/p/b/1,qingye,time_option,我要了解明天的相机可借数量,qwen,False,SUCCESS,True,STRUCTURE_VALID,True,True,True,True,QUERY,False,True,MATCH,1125.0,0.000646
qingye-11-2-r0/p/b/2,qingye,time_option,我要了解明天的相机可借数量,qwen,False,SUCCESS,True,STRUCTURE_VALID,True,True,True,True,QUERY,False,True,MATCH,1016.0,0.000646
qingye-11-2-r0/p/b/3,qingye,time_option,我要了解明天的相机可借数量,qwen,False,SUCCESS,True,STRUCTURE_VALID,True,True,True,True,QUERY,False,True,MATCH,1031.0,0.000646
library-05-2-r0/p/a/0,library,multiple,馆藏位置和我个人反馈都查一下,deepseek,True,SUCCESS,True,STRUCTURE_VALID,True,True,True,True,CLARIFY,False,True,MATCH,766.0,0.002204
library-05-2-r0/p/a/1,library,multiple,馆藏位置和我个人反馈都查一下,deepseek,False,SUCCESS,True,STRUCTURE_VALID,True,True,True,True,CLARIFY,False,True,MATCH,781.0,0.002204
library-05-2-r0/p/a/2,library,multiple,馆藏位置和我个人反馈都查一下,deepseek,False,SUCCESS,True,STRUCTURE_VALID,True,True,True,True,CLARIFY,False,True,MATCH,907.0,0.002204
library-05-2-r0/p/a/3,library,multiple,馆藏位置和我个人反馈都查一下,deepseek,False,SUCCESS,True,STRUCTURE_VALID,True,True,True,True,CLARIFY,False,True,MATCH,750.0,0.002204
library-05-2-r0/p/b/0,library,multiple,馆藏位置和我个人反馈都查一下,qwen,True,SUCCESS,True,STRUCTURE_VALID,False,False,True,False,REJECT,False,True,SEMANTIC,1828.0,0.000806
library-05-2-r0/p/b/1,library,multiple,馆藏位置和我个人反馈都查一下,qwen,False,SUCCESS,True,STRUCTURE_VALID,False,False,True,False,REJECT,False,True,SEMANTIC,1781.0,0.000806
library-05-2-r0/p/b/2,library,multiple,馆藏位置和我个人反馈都查一下,qwen,False,SUCCESS,True,STRUCTURE_VALID,False,False,True,False,REJECT,False,True,SEMANTIC,2110.0,0.000806
library-05-2-r0/p/b/3,library,multiple,馆藏位置和我个人反馈都查一下,qwen,False,SUCCESS,True,STRUCTURE_VALID,False,False,True,False,REJECT,False,True,SEMANTIC,2219.0,0.000846
qingye-02-2-r2/p/b/0,qingye,history,之前归还了摄像机，现在要查看投影仪库存,qwen,True,SUCCESS,True,STRUCTURE_VALID,True,True,True,True,QUERY,False,True,MATCH,1015.0,0.000646
qingye-02-2-r2/p/b/1,qingye,history,之前归还了摄像机，现在要查看投影仪库存,qwen,False,SUCCESS,True,STRUCTURE_VALID,True,True,True,True,QUERY,False,True,MATCH,984.0,0.000646
qingye-02-2-r2/p/b/2,qingye,history,之前归还了摄像机，现在要查看投影仪库存,qwen,False,SUCCESS,True,STRUCTURE_VALID,True,True,True,True,QUERY,False,True,MATCH,1031.0,0.000646
qingye-02-2-r2/p/b/3,qingye,history,之前归还了摄像机，现在要查看投影仪库存,qwen,False,SUCCESS,True,STRUCTURE_VALID,True,True,True,True,QUERY,False,True,MATCH,1015.0,0.000646
qingye-02-2-r2/p/a/0,qingye,history,之前归还了摄像机，现在要查看投影仪库存,deepseek,True,SUCCESS,True,STRUCTURE_VALID,True,True,True,True,QUERY,False,True,MATCH,719.0,0.001752
qingye-02-2-r2/p/a/1,qingye,history,之前归还了摄像机，现在要查看投影仪库存,deepseek,False,SUCCESS,True,STRUCTURE_VALID,True,True,True,True,QUERY,False,True,MATCH,672.0,0.001752
qingye-02-2-r2/p/a/2,qingye,history,之前归还了摄像机，现在要查看投影仪库存,deepseek,False,SUCCESS,True,STRUCTURE_VALID,True,True,True,True,QUERY,False,True,MATCH,547.0,0.001752
qingye-02-2-r2/p/a/3,qingye,history,之前归还了摄像机，现在要查看投影仪库存,deepseek,False,SUCCESS,True,STRUCTURE_VALID,True,True,True,True,QUERY,False,True,MATCH,578.0,0.001752
library-07-1-r2/p/a/0,library,personal_scope,请帮我查看当前账号所有借阅记录,deepseek,True,SUCCESS,True,STRUCTURE_VALID,True,True,True,True,CONFIRM_SCOPE,True,True,MATCH,1047.0,0.00218
library-07-1-r2/p/a/1,library,personal_scope,请帮我查看当前账号所有借阅记录,deepseek,False,SUCCESS,True,STRUCTURE_VALID,True,True,True,True,CONFIRM_SCOPE,True,True,MATCH,953.0,0.00218
library-07-1-r2/p/a/2,library,personal_scope,请帮我查看当前账号所有借阅记录,deepseek,False,SUCCESS,True,STRUCTURE_VALID,True,True,True,True,CONFIRM_SCOPE,True,True,MATCH,766.0,0.00218
library-07-1-r2/p/a/3,library,personal_scope,请帮我查看当前账号所有借阅记录,deepseek,False,SUCCESS,True,STRUCTURE_VALID,True,True,True,True,CONFIRM_SCOPE,True,True,MATCH,750.0,0.00218
library-07-1-r2/p/b/0,library,personal_scope,请帮我查看当前账号所有借阅记录,qwen,True,SUCCESS,True,STRUCTURE_VALID,True,True,True,True,CONFIRM_SCOPE,True,True,MATCH,1734.0,0.000796
library-07-1-r2/p/b/1,library,personal_scope,请帮我查看当前账号所有借阅记录,qwen,False,SUCCESS,True,STRUCTURE_VALID,True,True,True,True,CONFIRM_SCOPE,True,True,MATCH,2250.0,0.000796
library-07-1-r2/p/b/2,library,personal_scope,请帮我查看当前账号所有借阅记录,qwen,False,SUCCESS,True,STRUCTURE_VALID,True,True,True,True,CONFIRM_SCOPE,True,True,MATCH,1672.0,0.000796
library-07-1-r2/p/b/3,library,personal_scope,请帮我查看当前账号所有借阅记录,qwen,False,SUCCESS,True,STRUCTURE_VALID,True,True,True,True,CONFIRM_SCOPE,True,True,MATCH,1718.0,0.000796
qingye-05-2-r2/p/b/0,qingye,multiple,相机库存与我报名了什么都查一下,qwen,True,SUCCESS,True,STRUCTURE_VALID,False,False,True,True,QUERY,False,True,SEMANTIC,953.0,0.0006408000000000001
qingye-05-2-r2/p/b/1,qingye,multiple,相机库存与我报名了什么都查一下,qwen,False,SUCCESS,True,STRUCTURE_VALID,False,False,True,True,QUERY,False,True,SEMANTIC,1063.0,0.0006408000000000001
qingye-05-2-r2/p/b/2,qingye,multiple,相机库存与我报名了什么都查一下,qwen,False,SUCCESS,True,STRUCTURE_VALID,False,False,True,True,QUERY,False,True,SEMANTIC,1000.0,0.0006408000000000001
qingye-05-2-r2/p/b/3,qingye,multiple,相机库存与我报名了什么都查一下,qwen,False,SUCCESS,True,STRUCTURE_VALID,False,False,True,True,QUERY,False,True,SEMANTIC,906.0,0.0006408000000000001
qingye-05-2-r2/p/a/0,qingye,multiple,相机库存与我报名了什么都查一下,deepseek,True,SUCCESS,True,STRUCTURE_VALID,True,True,True,True,CLARIFY,False,True,MATCH,937.0,0.001778
qingye-05-2-r2/p/a/1,qingye,multiple,相机库存与我报名了什么都查一下,deepseek,False,SUCCESS,True,STRUCTURE_VALID,True,True,True,True,CLARIFY,False,True,MATCH,735.0,0.001778
qingye-05-2-r2/p/a/2,qingye,multiple,相机库存与我报名了什么都查一下,deepseek,False,SUCCESS,True,STRUCTURE_VALID,True,True,True,True,CLARIFY,False,True,MATCH,750.0,0.001778
qingye-05-2-r2/p/a/3,qingye,multiple,相机库存与我报名了什么都查一下,deepseek,False,SUCCESS,True,STRUCTURE_VALID,True,True,True,True,CLARIFY,False,True,MATCH,687.0,0.001778
library-06-2-r0/p/b/0,library,unsupported_date,仅看昨天我的借阅记录，不要全部历史,qwen,True,SUCCESS,True,STRUCTURE_VALID,False,False,True,False,REJECT,False,True,SEMANTIC,1812.0,0.0008096000000000001
library-06-2-r0/p/b/1,library,unsupported_date,仅看昨天我的借阅记录，不要全部历史,qwen,False,SUCCESS,True,STRUCTURE_VALID,False,False,True,False,REJECT,False,True,SEMANTIC,1813.0,0.0008096000000000001
library-06-2-r0/p/b/2,library,unsupported_date,仅看昨天我的借阅记录，不要全部历史,qwen,False,SUCCESS,True,STRUCTURE_VALID,False,False,True,False,REJECT,False,True,SEMANTIC,1797.0,0.0008096000000000001
library-06-2-r0/p/b/3,library,unsupported_date,仅看昨天我的借阅记录，不要全部历史,qwen,False,SUCCESS,True,STRUCTURE_VALID,False,False,True,False,REJECT,False,True,SEMANTIC,1813.0,0.0008096000000000001
library-06-2-r0/p/a/0,library,unsupported_date,仅看昨天我的借阅记录，不要全部历史,deepseek,True,SUCCESS,True,STRUCTURE_VALID,True,True,True,True,CLARIFY,False,True,MATCH,672.0,0.002208
library-06-2-r0/p/a/1,library,unsupported_date,仅看昨天我的借阅记录，不要全部历史,deepseek,False,SUCCESS,True,STRUCTURE_VALID,True,True,True,True,CLARIFY,False,True,MATCH,641.0,0.002208
library-06-2-r0/p/a/2,library,unsupported_date,仅看昨天我的借阅记录，不要全部历史,deepseek,False,SUCCESS,True,STRUCTURE_VALID,True,True,True,True,CLARIFY,False,True,MATCH,1047.0,0.002208
library-06-2-r0/p/a/3,library,unsupported_date,仅看昨天我的借阅记录，不要全部历史,deepseek,False,SUCCESS,True,STRUCTURE_VALID,True,True,True,True,CLARIFY,False,True,MATCH,578.0,0.002208
qingye-12-1-r1/p/a/0,qingye,business_noise,器材库存、摄影活动、归还记录都讨论过了，我本次唯一请求是看手机当前库存,deepseek,True,SUCCESS,True,STRUCTURE_VALID,True,True,True,True,QUERY,False,True,MATCH,500.0,0.001764
qingye-12-1-r1/p/a/1,qingye,business_noise,器材库存、摄影活动、归还记录都讨论过了，我本次唯一请求是看手机当前库存,deepseek,False,SUCCESS,True,STRUCTURE_VALID,True,True,True,True,QUERY,False,True,MATCH,812.0,0.001764
qingye-12-1-r1/p/a/2,qingye,business_noise,器材库存、摄影活动、归还记录都讨论过了，我本次唯一请求是看手机当前库存,deepseek,False,SUCCESS,True,STRUCTURE_VALID,True,True,True,True,QUERY,False,True,MATCH,344.0,0.001764
qingye-12-1-r1/p/a/3,qingye,business_noise,器材库存、摄影活动、归还记录都讨论过了，我本次唯一请求是看手机当前库存,deepseek,False,SUCCESS,True,STRUCTURE_VALID,True,True,True,True,QUERY,False,True,MATCH,907.0,0.001764
qingye-12-1-r1/p/b/0,qingye,business_noise,器材库存、摄影活动、归还记录都讨论过了，我本次唯一请求是看手机当前库存,qwen,True,SUCCESS,True,STRUCTURE_VALID,True,True,True,True,QUERY,False,True,MATCH,953.0,0.0006512
qingye-12-1-r1/p/b/1,qingye,business_noise,器材库存、摄影活动、归还记录都讨论过了，我本次唯一请求是看手机当前库存,qwen,False,SUCCESS,True,STRUCTURE_VALID,True,True,True,True,QUERY,False,True,MATCH,969.0,0.0006512
qingye-12-1-r1/p/b/2,qingye,business_noise,器材库存、摄影活动、归还记录都讨论过了，我本次唯一请求是看手机当前库存,qwen,False,SUCCESS,True,STRUCTURE_VALID,True,True,True,True,QUERY,False,True,MATCH,969.0,0.0006512
qingye-12-1-r1/p/b/3,qingye,business_noise,器材库存、摄影活动、归还记录都讨论过了，我本次唯一请求是看手机当前库存,qwen,False,SUCCESS,True,STRUCTURE_VALID,True,True,True,True,QUERY,False,True,MATCH,953.0,0.0006512
library-07-2-r1/p/a/0,library,personal_scope,麻烦列出我自己的全部借阅记录,deepseek,True,SUCCESS,True,STRUCTURE_VALID,True,True,True,True,CONFIRM_SCOPE,True,True,MATCH,703.0,0.002178
library-07-2-r1/p/a/1,library,personal_scope,麻烦列出我自己的全部借阅记录,deepseek,False,SUCCESS,True,STRUCTURE_VALID,True,True,True,True,CONFIRM_SCOPE,True,True,MATCH,453.0,0.002178
library-07-2-r1/p/a/2,library,personal_scope,麻烦列出我自己的全部借阅记录,deepseek,False,SUCCESS,True,STRUCTURE_VALID,True,True,True,True,CONFIRM_SCOPE,True,True,MATCH,844.0,0.002178
library-07-2-r1/p/a/3,library,personal_scope,麻烦列出我自己的全部借阅记录,deepseek,False,SUCCESS,True,STRUCTURE_VALID,True,True,True,True,CONFIRM_SCOPE,True,True,MATCH,734.0,0.002178
library-07-2-r1/p/b/0,library,personal_scope,麻烦列出我自己的全部借阅记录,qwen,True,SUCCESS,True,STRUCTURE_VALID,True,True,True,True,CONFIRM_SCOPE,True,True,MATCH,1687.0,0.0007952
library-07-2-r1/p/b/1,library,personal_scope,麻烦列出我自己的全部借阅记录,qwen,False,SUCCESS,True,STRUCTURE_VALID,True,True,True,True,CONFIRM_SCOPE,True,True,MATCH,1672.0,0.0007952
library-07-2-r1/p/b/2,library,personal_scope,麻烦列出我自己的全部借阅记录,qwen,False,SUCCESS,True,STRUCTURE_VALID,True,True,True,True,CONFIRM_SCOPE,True,True,MATCH,1672.0,0.0007952
library-07-2-r1/p/b/3,library,personal_scope,麻烦列出我自己的全部借阅记录,qwen,False,SUCCESS,True,STRUCTURE_VALID,True,True,True,True,CONFIRM_SCOPE,True,True,MATCH,1703.0,0.0007952
qingye-03-2-r2/p/b/0,qingye,negation,相机不用管，请只查询摄像机库存,qwen,True,SUCCESS,True,STRUCTURE_VALID,True,True,True,True,QUERY,False,True,MATCH,1015.0,0.0006428000000000001
qingye-03-2-r2/p/b/1,qingye,negation,相机不用管，请只查询摄像机库存,qwen,False,SUCCESS,True,STRUCTURE_VALID,True,True,True,True,QUERY,False,True,MATCH,1031.0,0.0006428000000000001
qingye-03-2-r2/p/b/2,qingye,negation,相机不用管，请只查询摄像机库存,qwen,False,SUCCESS,True,STRUCTURE_VALID,True,True,True,True,QUERY,False,True,MATCH,984.0,0.0006428000000000001
qingye-03-2-r2/p/b/3,qingye,negation,相机不用管，请只查询摄像机库存,qwen,False,SUCCESS,True,STRUCTURE_VALID,True,True,True,True,QUERY,False,True,MATCH,984.0,0.0006428000000000001
qingye-03-2-r2/p/a/0,qingye,negation,相机不用管，请只查询摄像机库存,deepseek,True,SUCCESS,True,STRUCTURE_VALID,True,True,True,True,QUERY,False,True,MATCH,796.0,0.00174
qingye-03-2-r2/p/a/1,qingye,negation,相机不用管，请只查询摄像机库存,deepseek,False,SUCCESS,True,STRUCTURE_VALID,True,True,True,True,QUERY,False,True,MATCH,781.0,0.00174
qingye-03-2-r2/p/a/2,qingye,negation,相机不用管，请只查询摄像机库存,deepseek,False,SUCCESS,True,STRUCTURE_VALID,True,True,True,True,QUERY,False,True,MATCH,531.0,0.00174
qingye-03-2-r2/p/a/3,qingye,negation,相机不用管，请只查询摄像机库存,deepseek,False,SUCCESS,True,STRUCTURE_VALID,True,True,True,True,QUERY,False,True,MATCH,844.0,0.00174
qingye-03-1-r0/p/a/0,qingye,negation,不要查相机，我要看摄像机的当前库存,deepseek,True,SUCCESS,True,STRUCTURE_VALID,True,True,True,True,QUERY,False,True,MATCH,671.0,0.001742
qingye-03-1-r0/p/a/1,qingye,negation,不要查相机，我要看摄像机的当前库存,deepseek,False,SUCCESS,True,STRUCTURE_VALID,True,True,True,True,QUERY,False,True,MATCH,672.0,0.001742
qingye-03-1-r0/p/a/2,qingye,negation,不要查相机，我要看摄像机的当前库存,deepseek,False,SUCCESS,True,STRUCTURE_VALID,True,True,True,True,QUERY,False,True,MATCH,828.0,0.001742
qingye-03-1-r0/p/a/3,qingye,negation,不要查相机，我要看摄像机的当前库存,deepseek,False,SUCCESS,True,STRUCTURE_VALID,True,True,True,True,QUERY,False,True,MATCH,484.0,0.001742
qingye-03-1-r0/p/b/0,qingye,negation,不要查相机，我要看摄像机的当前库存,qwen,True,SUCCESS,True,STRUCTURE_VALID,True,True,True,True,QUERY,False,True,MATCH,1000.0,0.0006443999999999999
qingye-03-1-r0/p/b/1,qingye,negation,不要查相机，我要看摄像机的当前库存,qwen,False,SUCCESS,True,STRUCTURE_VALID,True,True,True,True,QUERY,False,True,MATCH,1000.0,0.0006443999999999999
qingye-03-1-r0/p/b/2,qingye,negation,不要查相机，我要看摄像机的当前库存,qwen,False,SUCCESS,True,STRUCTURE_VALID,True,True,True,True,QUERY,False,True,MATCH,1031.0,0.0006443999999999999
qingye-03-1-r0/p/b/3,qingye,negation,不要查相机，我要看摄像机的当前库存,qwen,False,SUCCESS,True,STRUCTURE_VALID,True,True,True,True,QUERY,False,True,MATCH,984.0,0.0006443999999999999
library-09-2-r2/p/a/0,library,ambiguous_reference,帮我查那个图书的位置，没有说是哪一本,deepseek,True,SUCCESS,True,STRUCTURE_VALID,True,True,True,True,CLARIFY,False,True,MATCH,782.0,0.002182
library-09-2-r2/p/a/1,library,ambiguous_reference,帮我查那个图书的位置，没有说是哪一本,deepseek,False,SUCCESS,True,STRUCTURE_VALID,True,True,True,True,CLARIFY,False,True,MATCH,953.0,0.002182
library-09-2-r2/p/a/2,library,ambiguous_reference,帮我查那个图书的位置，没有说是哪一本,deepseek,False,SUCCESS,True,STRUCTURE_VALID,True,True,True,True,CLARIFY,False,True,MATCH,750.0,0.002182
library-09-2-r2/p/a/3,library,ambiguous_reference,帮我查那个图书的位置，没有说是哪一本,deepseek,False,SUCCESS,True,STRUCTURE_VALID,True,True,True,True,CLARIFY,False,True,MATCH,969.0,0.002182
library-09-2-r2/p/b/0,library,ambiguous_reference,帮我查那个图书的位置，没有说是哪一本,qwen,True,SUCCESS,True,STRUCTURE_VALID,False,False,True,False,REJECT,False,True,SEMANTIC,1750.0,0.0008048
library-09-2-r2/p/b/1,library,ambiguous_reference,帮我查那个图书的位置，没有说是哪一本,qwen,False,SUCCESS,True,STRUCTURE_VALID,False,False,True,False,REJECT,False,True,SEMANTIC,1860.0,0.0008088
library-09-2-r2/p/b/2,library,ambiguous_reference,帮我查那个图书的位置，没有说是哪一本,qwen,False,SUCCESS,True,STRUCTURE_VALID,False,False,True,False,REJECT,False,True,SEMANTIC,1812.0,0.0008088
library-09-2-r2/p/b/3,library,ambiguous_reference,帮我查那个图书的位置，没有说是哪一本,qwen,False,SUCCESS,True,STRUCTURE_VALID,False,False,True,False,REJECT,False,True,SEMANTIC,1828.0,0.0008088
library-02-2-r0/p/b/0,library,history,昨天还了《三体》，现在想看看《Java入门》的馆藏位置,qwen,True,SUCCESS,True,STRUCTURE_VALID,True,True,True,True,QUERY,False,True,MATCH,1656.0,0.0008032
library-02-2-r0/p/b/1,library,history,昨天还了《三体》，现在想看看《Java入门》的馆藏位置,qwen,False,SUCCESS,True,STRUCTURE_VALID,True,True,True,True,QUERY,False,True,MATCH,1656.0,0.0008032
library-02-2-r0/p/b/2,library,history,昨天还了《三体》，现在想看看《Java入门》的馆藏位置,qwen,False,SUCCESS,True,STRUCTURE_VALID,True,True,True,True,QUERY,False,True,MATCH,1734.0,0.0008032
library-02-2-r0/p/b/3,library,history,昨天还了《三体》，现在想看看《Java入门》的馆藏位置,qwen,False,SUCCESS,True,STRUCTURE_VALID,True,True,True,True,QUERY,False,True,MATCH,1750.0,0.0008032
library-02-2-r0/p/a/0,library,history,昨天还了《三体》，现在想看看《Java入门》的馆藏位置,deepseek,True,SUCCESS,True,STRUCTURE_VALID,True,True,True,True,QUERY,False,True,MATCH,453.0,0.002198
library-02-2-r0/p/a/1,library,history,昨天还了《三体》，现在想看看《Java入门》的馆藏位置,deepseek,False,SUCCESS,True,STRUCTURE_VALID,True,True,True,True,QUERY,False,True,MATCH,937.0,0.002198
library-02-2-r0/p/a/2,library,history,昨天还了《三体》，现在想看看《Java入门》的馆藏位置,deepseek,False,SUCCESS,True,STRUCTURE_VALID,True,True,True,True,QUERY,False,True,MATCH,781.0,0.002198
library-02-2-r0/p/a/3,library,history,昨天还了《三体》，现在想看看《Java入门》的馆藏位置,deepseek,False,SUCCESS,True,STRUCTURE_VALID,True,True,True,True,QUERY,False,True,MATCH,922.0,0.002198
qingye-02-2-r0/p/a/0,qingye,history,之前归还了摄像机，现在要查看投影仪库存,deepseek,True,SUCCESS,True,STRUCTURE_VALID,True,True,True,True,QUERY,False,True,MATCH,672.0,0.001752
qingye-02-2-r0/p/a/1,qingye,history,之前归还了摄像机，现在要查看投影仪库存,deepseek,False,SUCCESS,True,STRUCTURE_VALID,True,True,True,True,QUERY,False,True,MATCH,609.0,0.001752
qingye-02-2-r0/p/a/2,qingye,history,之前归还了摄像机，现在要查看投影仪库存,deepseek,False,SUCCESS,True,STRUCTURE_VALID,True,True,True,True,QUERY,False,True,MATCH,375.0,0.001752
qingye-02-2-r0/p/a/3,qingye,history,之前归还了摄像机，现在要查看投影仪库存,deepseek,False,SUCCESS,True,STRUCTURE_VALID,True,True,True,True,QUERY,False,True,MATCH,1328.0,0.001752
qingye-02-2-r0/p/b/0,qingye,history,之前归还了摄像机，现在要查看投影仪库存,qwen,True,SUCCESS,True,STRUCTURE_VALID,True,True,True,True,QUERY,False,True,MATCH,1031.0,0.000646
qingye-02-2-r0/p/b/1,qingye,history,之前归还了摄像机，现在要查看投影仪库存,qwen,False,SUCCESS,True,STRUCTURE_VALID,True,True,True,True,QUERY,False,True,MATCH,1375.0,0.000646
qingye-02-2-r0/p/b/2,qingye,history,之前归还了摄像机，现在要查看投影仪库存,qwen,False,SUCCESS,True,STRUCTURE_VALID,True,True,True,True,QUERY,False,True,MATCH,1000.0,0.000646
qingye-02-2-r0/p/b/3,qingye,history,之前归还了摄像机，现在要查看投影仪库存,qwen,False,SUCCESS,True,STRUCTURE_VALID,True,True,True,True,QUERY,False,True,MATCH,1203.0,0.000646
library-08-1-r2/p/a/0,library,capability_difference,请只看我尚未归还的《Java入门》借阅记录,deepseek,True,SUCCESS,True,STRUCTURE_VALID,True,True,True,True,CONFIRM_SCOPE,True,True,MATCH,672.0,0.002196
library-08-1-r2/p/a/1,library,capability_difference,请只看我尚未归还的《Java入门》借阅记录,deepseek,False,SUCCESS,True,STRUCTURE_VALID,True,True,True,True,CONFIRM_SCOPE,True,True,MATCH,735.0,0.002196
library-08-1-r2/p/a/2,library,capability_difference,请只看我尚未归还的《Java入门》借阅记录,deepseek,False,SUCCESS,True,STRUCTURE_VALID,True,True,True,True,CONFIRM_SCOPE,True,True,MATCH,641.0,0.002196
library-08-1-r2/p/a/3,library,capability_difference,请只看我尚未归还的《Java入门》借阅记录,deepseek,False,SUCCESS,True,STRUCTURE_VALID,True,True,True,True,CONFIRM_SCOPE,True,True,MATCH,687.0,0.002196
library-08-1-r2/p/b/0,library,capability_difference,请只看我尚未归还的《Java入门》借阅记录,qwen,True,SUCCESS,True,STRUCTURE_VALID,True,True,True,True,CONFIRM_SCOPE,True,True,MATCH,1734.0,0.0008028000000000001
library-08-1-r2/p/b/1,library,capability_difference,请只看我尚未归还的《Java入门》借阅记录,qwen,False,SUCCESS,True,STRUCTURE_VALID,True,True,True,True,CONFIRM_SCOPE,True,True,MATCH,1703.0,0.0008028000000000001
library-08-1-r2/p/b/2,library,capability_difference,请只看我尚未归还的《Java入门》借阅记录,qwen,False,SUCCESS,True,STRUCTURE_VALID,True,True,True,True,CONFIRM_SCOPE,True,True,MATCH,1656.0,0.0008028000000000001
library-08-1-r2/p/b/3,library,capability_difference,请只看我尚未归还的《Java入门》借阅记录,qwen,False,SUCCESS,True,STRUCTURE_VALID,True,True,True,True,CONFIRM_SCOPE,True,True,MATCH,1703.0,0.0008028000000000001
library-10-2-r0/p/b/0,library,greeting,你好呀，你是什么模型？我的业务请求是查《三体》在哪里,qwen,True,SUCCESS,True,STRUCTURE_VALID,True,True,True,True,QUERY,False,True,MATCH,1657.0,0.0008024000000000001
library-10-2-r0/p/b/1,library,greeting,你好呀，你是什么模型？我的业务请求是查《三体》在哪里,qwen,False,SUCCESS,True,STRUCTURE_VALID,True,True,True,True,QUERY,False,True,MATCH,1797.0,0.0008024000000000001
library-10-2-r0/p/b/2,library,greeting,你好呀，你是什么模型？我的业务请求是查《三体》在哪里,qwen,False,SUCCESS,True,STRUCTURE_VALID,True,True,True,True,QUERY,False,True,MATCH,1735.0,0.0008024000000000001
library-10-2-r0/p/b/3,library,greeting,你好呀，你是什么模型？我的业务请求是查《三体》在哪里,qwen,False,SUCCESS,True,STRUCTURE_VALID,True,True,True,True,QUERY,False,True,MATCH,1938.0,0.0008024000000000001
library-10-2-r0/p/a/0,library,greeting,你好呀，你是什么模型？我的业务请求是查《三体》在哪里,deepseek,True,SUCCESS,True,STRUCTURE_VALID,True,True,True,True,QUERY,False,True,MATCH,922.0,0.002196
library-10-2-r0/p/a/1,library,greeting,你好呀，你是什么模型？我的业务请求是查《三体》在哪里,deepseek,False,SUCCESS,True,STRUCTURE_VALID,True,True,True,True,QUERY,False,True,MATCH,937.0,0.002196
library-10-2-r0/p/a/2,library,greeting,你好呀，你是什么模型？我的业务请求是查《三体》在哪里,deepseek,False,SUCCESS,True,STRUCTURE_VALID,True,True,True,True,QUERY,False,True,MATCH,781.0,0.002196
library-10-2-r0/p/a/3,library,greeting,你好呀，你是什么模型？我的业务请求是查《三体》在哪里,deepseek,False,SUCCESS,True,STRUCTURE_VALID,True,True,True,True,QUERY,False,True,MATCH,625.0,0.002196
library-04-2-r1/p/a/0,library,supersession,本来要看自己的反馈，改成只查《三体》放在哪里,deepseek,True,SUCCESS,True,STRUCTURE_VALID,True,True,True,True,QUERY,False,True,MATCH,922.0,0.00219
library-04-2-r1/p/a/1,library,supersession,本来要看自己的反馈，改成只查《三体》放在哪里,deepseek,False,SUCCESS,True,STRUCTURE_VALID,True,True,True,True,QUERY,False,True,MATCH,735.0,0.00219
library-04-2-r1/p/a/2,library,supersession,本来要看自己的反馈，改成只查《三体》放在哪里,deepseek,False,SUCCESS,True,STRUCTURE_VALID,True,True,True,True,QUERY,False,True,MATCH,938.0,0.00219
library-04-2-r1/p/a/3,library,supersession,本来要看自己的反馈，改成只查《三体》放在哪里,deepseek,False,SUCCESS,True,STRUCTURE_VALID,True,True,True,True,QUERY,False,True,MATCH,734.0,0.00219
library-04-2-r1/p/b/0,library,supersession,本来要看自己的反馈，改成只查《三体》放在哪里,qwen,True,SUCCESS,True,STRUCTURE_VALID,True,True,True,True,QUERY,False,True,MATCH,2312.0,0.0008
library-04-2-r1/p/b/1,library,supersession,本来要看自己的反馈，改成只查《三体》放在哪里,qwen,False,SUCCESS,True,STRUCTURE_VALID,True,True,True,True,QUERY,False,True,MATCH,1671.0,0.0008
library-04-2-r1/p/b/2,library,supersession,本来要看自己的反馈，改成只查《三体》放在哪里,qwen,False,SUCCESS,True,STRUCTURE_VALID,True,True,True,True,QUERY,False,True,MATCH,1656.0,0.0008
library-04-2-r1/p/b/3,library,supersession,本来要看自己的反馈，改成只查《三体》放在哪里,qwen,False,SUCCESS,True,STRUCTURE_VALID,True,True,True,True,QUERY,False,True,MATCH,1656.0,0.0008
library-05-1-r0/p/b/0,library,multiple,请同时查《三体》的位置和我的借阅，两项都需要,qwen,True,SUCCESS,True,STRUCTURE_VALID,False,False,True,False,REJECT,False,True,SEMANTIC,1796.0,0.0008108000000000001
library-05-1-r0/p/b/1,library,multiple,请同时查《三体》的位置和我的借阅，两项都需要,qwen,False,SUCCESS,True,STRUCTURE_VALID,False,False,True,False,REJECT,False,True,SEMANTIC,1813.0,0.0008108000000000001
library-05-1-r0/p/b/2,library,multiple,请同时查《三体》的位置和我的借阅，两项都需要,qwen,False,SUCCESS,True,STRUCTURE_VALID,False,False,True,False,REJECT,False,True,SEMANTIC,1828.0,0.0008108000000000001
library-05-1-r0/p/b/3,library,multiple,请同时查《三体》的位置和我的借阅，两项都需要,qwen,False,SUCCESS,True,STRUCTURE_VALID,False,False,True,False,REJECT,False,True,SEMANTIC,1797.0,0.0008108000000000001
library-05-1-r0/p/a/0,library,multiple,请同时查《三体》的位置和我的借阅，两项都需要,deepseek,True,SUCCESS,True,STRUCTURE_VALID,True,True,True,True,CLARIFY,False,True,MATCH,1188.0,0.002216
library-05-1-r0/p/a/1,library,multiple,请同时查《三体》的位置和我的借阅，两项都需要,deepseek,False,SUCCESS,True,STRUCTURE_VALID,True,True,True,True,CLARIFY,False,True,MATCH,953.0,0.002216
library-05-1-r0/p/a/2,library,multiple,请同时查《三体》的位置和我的借阅，两项都需要,deepseek,False,SUCCESS,True,STRUCTURE_VALID,True,True,True,True,CLARIFY,False,True,MATCH,844.0,0.002216
library-05-1-r0/p/a/3,library,multiple,请同时查《三体》的位置和我的借阅，两项都需要,deepseek,False,SUCCESS,True,STRUCTURE_VALID,True,True,True,True,CLARIFY,False,True,MATCH,985.0,0.002216
qingye-07-2-r2/p/b/0,qingye,personal_scope,麻烦列出我自己的全部借用记录,qwen,True,SUCCESS,True,STRUCTURE_VALID,True,True,True,True,CONFIRM_SCOPE,True,True,MATCH,985.0,0.0006392
qingye-07-2-r2/p/b/1,qingye,personal_scope,麻烦列出我自己的全部借用记录,qwen,False,SUCCESS,True,STRUCTURE_VALID,True,True,True,True,CONFIRM_SCOPE,True,True,MATCH,969.0,0.0006392
qingye-07-2-r2/p/b/2,qingye,personal_scope,麻烦列出我自己的全部借用记录,qwen,False,SUCCESS,True,STRUCTURE_VALID,True,True,True,True,CONFIRM_SCOPE,True,True,MATCH,1078.0,0.0006392
qingye-07-2-r2/p/b/3,qingye,personal_scope,麻烦列出我自己的全部借用记录,qwen,False,SUCCESS,True,STRUCTURE_VALID,True,True,True,True,CONFIRM_SCOPE,True,True,MATCH,985.0,0.0006392
qingye-07-2-r2/p/a/0,qingye,personal_scope,麻烦列出我自己的全部借用记录,deepseek,True,SUCCESS,True,STRUCTURE_VALID,True,True,True,True,CONFIRM_SCOPE,True,True,MATCH,954.0,0.001736
qingye-07-2-r2/p/a/1,qingye,personal_scope,麻烦列出我自己的全部借用记录,deepseek,False,SUCCESS,True,STRUCTURE_VALID,True,True,True,True,CONFIRM_SCOPE,True,True,MATCH,985.0,0.001736
qingye-07-2-r2/p/a/2,qingye,personal_scope,麻烦列出我自己的全部借用记录,deepseek,False,SUCCESS,True,STRUCTURE_VALID,True,True,True,True,CONFIRM_SCOPE,True,True,MATCH,875.0,0.001736
qingye-07-2-r2/p/a/3,qingye,personal_scope,麻烦列出我自己的全部借用记录,deepseek,False,SUCCESS,True,STRUCTURE_VALID,True,True,True,True,CONFIRM_SCOPE,True,True,MATCH,938.0,0.001736
library-02-1-r0/p/b/0,library,history,我以前借过《三体》，现在只查询《Java入门》放在哪里,qwen,True,SUCCESS,True,STRUCTURE_VALID,True,True,True,True,QUERY,False,True,MATCH,1828.0,0.0008024000000000001
library-02-1-r0/p/b/1,library,history,我以前借过《三体》，现在只查询《Java入门》放在哪里,qwen,False,SUCCESS,True,STRUCTURE_VALID,True,True,True,True,QUERY,False,True,MATCH,1672.0,0.0008024000000000001
library-02-1-r0/p/b/2,library,history,我以前借过《三体》，现在只查询《Java入门》放在哪里,qwen,False,SUCCESS,True,STRUCTURE_VALID,True,True,True,True,QUERY,False,True,MATCH,1750.0,0.0008024000000000001
library-02-1-r0/p/b/3,library,history,我以前借过《三体》，现在只查询《Java入门》放在哪里,qwen,False,SUCCESS,True,STRUCTURE_VALID,True,True,True,True,QUERY,False,True,MATCH,1688.0,0.0008024000000000001
library-02-1-r0/p/a/0,library,history,我以前借过《三体》，现在只查询《Java入门》放在哪里,deepseek,True,SUCCESS,True,STRUCTURE_VALID,True,True,True,True,QUERY,False,True,MATCH,1031.0,0.002194
library-02-1-r0/p/a/1,library,history,我以前借过《三体》，现在只查询《Java入门》放在哪里,deepseek,False,SUCCESS,True,STRUCTURE_VALID,True,True,True,True,QUERY,False,True,MATCH,1093.0,0.002194
library-02-1-r0/p/a/2,library,history,我以前借过《三体》，现在只查询《Java入门》放在哪里,deepseek,False,SUCCESS,True,STRUCTURE_VALID,True,True,True,True,QUERY,False,True,MATCH,1015.0,0.002194
library-02-1-r0/p/a/3,library,history,我以前借过《三体》，现在只查询《Java入门》放在哪里,deepseek,False,SUCCESS,True,STRUCTURE_VALID,True,True,True,True,QUERY,False,True,MATCH,906.0,0.002194
library-02-1-r2/p/b/0,library,history,我以前借过《三体》，现在只查询《Java入门》放在哪里,qwen,True,SUCCESS,True,STRUCTURE_VALID,True,True,True,True,QUERY,False,True,MATCH,1672.0,0.0008024000000000001
library-02-1-r2/p/b/1,library,history,我以前借过《三体》，现在只查询《Java入门》放在哪里,qwen,False,SUCCESS,True,STRUCTURE_VALID,True,True,True,True,QUERY,False,True,MATCH,1750.0,0.0008024000000000001
library-02-1-r2/p/b/2,library,history,我以前借过《三体》，现在只查询《Java入门》放在哪里,qwen,False,SUCCESS,True,STRUCTURE_VALID,True,True,True,True,QUERY,False,True,MATCH,1703.0,0.0008024000000000001
library-02-1-r2/p/b/3,library,history,我以前借过《三体》，现在只查询《Java入门》放在哪里,qwen,False,UNKNOWN_INTERRUPTED,False,INVALID_JSON,False,False,True,False,CLARIFY,False,True,TRANSPORT,,
library-02-1-r2/p/a/0,library,history,我以前借过《三体》，现在只查询《Java入门》放在哪里,deepseek,True,SUCCESS,True,STRUCTURE_VALID,True,True,True,True,QUERY,False,True,MATCH,812.0,0.002194
library-02-1-r2/p/a/1,library,history,我以前借过《三体》，现在只查询《Java入门》放在哪里,deepseek,False,SUCCESS,True,STRUCTURE_VALID,True,True,True,True,QUERY,False,True,MATCH,1016.0,0.002194
library-02-1-r2/p/a/2,library,history,我以前借过《三体》，现在只查询《Java入门》放在哪里,deepseek,False,SUCCESS,True,STRUCTURE_VALID,True,True,True,True,QUERY,False,True,MATCH,1218.0,0.002194
library-02-1-r2/p/a/3,library,history,我以前借过《三体》，现在只查询《Java入门》放在哪里,deepseek,False,SUCCESS,True,STRUCTURE_VALID,True,True,True,True,QUERY,False,True,MATCH,1046.0,0.002194
qingye-09-2-r0/p/b/0,qingye,ambiguous_reference,帮我看看那个设备，没有具体名称,qwen,True,SUCCESS,True,STRUCTURE_VALID,True,True,False,False,REJECT,False,True,NATIVE_ENTRY,1046.0,0.000644
qingye-09-2-r0/p/b/1,qingye,ambiguous_reference,帮我看看那个设备，没有具体名称,qwen,False,SUCCESS,True,STRUCTURE_VALID,True,True,False,False,REJECT,False,True,NATIVE_ENTRY,1172.0,0.000644
qingye-09-2-r0/p/b/2,qingye,ambiguous_reference,帮我看看那个设备，没有具体名称,qwen,False,SUCCESS,True,STRUCTURE_VALID,True,True,False,False,REJECT,False,True,NATIVE_ENTRY,1140.0,0.000644
qingye-09-2-r0/p/b/3,qingye,ambiguous_reference,帮我看看那个设备，没有具体名称,qwen,False,SUCCESS,True,STRUCTURE_VALID,True,True,False,False,REJECT,False,True,NATIVE_ENTRY,1015.0,0.000644
qingye-09-2-r0/p/a/0,qingye,ambiguous_reference,帮我看看那个设备，没有具体名称,deepseek,True,SUCCESS,True,STRUCTURE_VALID,True,True,False,False,REJECT,False,True,NATIVE_ENTRY,531.0,0.001746
qingye-09-2-r0/p/a/1,qingye,ambiguous_reference,帮我看看那个设备，没有具体名称,deepseek,False,SUCCESS,True,STRUCTURE_VALID,True,True,False,False,REJECT,False,True,NATIVE_ENTRY,578.0,0.001746
qingye-09-2-r0/p/a/2,qingye,ambiguous_reference,帮我看看那个设备，没有具体名称,deepseek,False,SUCCESS,True,STRUCTURE_VALID,True,True,False,False,REJECT,False,True,NATIVE_ENTRY,578.0,0.001746
qingye-09-2-r0/p/a/3,qingye,ambiguous_reference,帮我看看那个设备，没有具体名称,deepseek,False,SUCCESS,True,STRUCTURE_VALID,True,True,False,False,REJECT,False,True,NATIVE_ENTRY,656.0,0.001746
library-11-2-r2/p/b/0,library,time_option,我要了解我未来三天需要还的图书,qwen,True,SUCCESS,True,STRUCTURE_VALID,True,True,True,True,CONFIRM_SCOPE,True,True,MATCH,1765.0,0.000804
library-11-2-r2/p/b/1,library,time_option,我要了解我未来三天需要还的图书,qwen,False,SUCCESS,True,STRUCTURE_VALID,True,True,True,True,CONFIRM_SCOPE,True,True,MATCH,1765.0,0.000804
library-11-2-r2/p/b/2,library,time_option,我要了解我未来三天需要还的图书,qwen,False,SUCCESS,True,STRUCTURE_VALID,True,True,True,True,CONFIRM_SCOPE,True,True,MATCH,2234.0,0.000804
library-11-2-r2/p/b/3,library,time_option,我要了解我未来三天需要还的图书,qwen,False,SUCCESS,True,STRUCTURE_VALID,True,True,True,True,CONFIRM_SCOPE,True,True,MATCH,1781.0,0.000804
library-11-2-r2/p/a/0,library,time_option,我要了解我未来三天需要还的图书,deepseek,True,SUCCESS,True,STRUCTURE_VALID,True,True,True,True,CONFIRM_SCOPE,True,True,MATCH,844.0,0.00222
library-11-2-r2/p/a/1,library,time_option,我要了解我未来三天需要还的图书,deepseek,False,SUCCESS,True,STRUCTURE_VALID,True,True,True,True,CONFIRM_SCOPE,True,True,MATCH,781.0,0.00222
library-11-2-r2/p/a/2,library,time_option,我要了解我未来三天需要还的图书,deepseek,False,SUCCESS,True,STRUCTURE_VALID,True,True,True,True,CONFIRM_SCOPE,True,True,MATCH,500.0,0.00222
library-11-2-r2/p/a/3,library,time_option,我要了解我未来三天需要还的图书,deepseek,False,SUCCESS,True,STRUCTURE_VALID,True,True,True,True,CONFIRM_SCOPE,True,True,MATCH,656.0,0.00222
qingye-10-2-r2/p/b/0,qingye,greeting,你好呀，你是什么模型？我的业务请求是查相机库存,qwen,True,SUCCESS,True,STRUCTURE_VALID,True,True,True,True,QUERY,False,True,MATCH,1000.0,0.0006448000000000001
qingye-10-2-r2/p/b/1,qingye,greeting,你好呀，你是什么模型？我的业务请求是查相机库存,qwen,False,SUCCESS,True,STRUCTURE_VALID,True,True,True,True,QUERY,False,True,MATCH,969.0,0.0006448000000000001
qingye-10-2-r2/p/b/2,qingye,greeting,你好呀，你是什么模型？我的业务请求是查相机库存,qwen,False,SUCCESS,True,STRUCTURE_VALID,True,True,True,True,QUERY,False,True,MATCH,968.0,0.0006448000000000001
qingye-10-2-r2/p/b/3,qingye,greeting,你好呀，你是什么模型？我的业务请求是查相机库存,qwen,False,SUCCESS,True,STRUCTURE_VALID,True,True,True,True,QUERY,False,True,MATCH,1219.0,0.0006448000000000001
qingye-10-2-r2/p/a/0,qingye,greeting,你好呀，你是什么模型？我的业务请求是查相机库存,deepseek,True,SUCCESS,True,STRUCTURE_VALID,True,True,True,True,QUERY,False,True,MATCH,766.0,0.00175
qingye-10-2-r2/p/a/1,qingye,greeting,你好呀，你是什么模型？我的业务请求是查相机库存,deepseek,False,SUCCESS,True,STRUCTURE_VALID,True,True,True,True,QUERY,False,True,MATCH,719.0,0.00175
qingye-10-2-r2/p/a/2,qingye,greeting,你好呀，你是什么模型？我的业务请求是查相机库存,deepseek,False,SUCCESS,True,STRUCTURE_VALID,True,True,True,True,QUERY,False,True,MATCH,656.0,0.00175
qingye-10-2-r2/p/a/3,qingye,greeting,你好呀，你是什么模型？我的业务请求是查相机库存,deepseek,False,SUCCESS,True,STRUCTURE_VALID,True,True,True,True,QUERY,False,True,MATCH,922.0,0.00175
qingye-01-1-r1/p/a/0,qingye,baseline,请帮忙看看相机当前的库存,deepseek,True,SUCCESS,True,STRUCTURE_VALID,True,True,True,True,QUERY,False,True,MATCH,469.0,0.001734
qingye-01-1-r1/p/a/1,qingye,baseline,请帮忙看看相机当前的库存,deepseek,False,SUCCESS,True,STRUCTURE_VALID,True,True,True,True,QUERY,False,True,MATCH,750.0,0.001734
qingye-01-1-r1/p/a/2,qingye,baseline,请帮忙看看相机当前的库存,deepseek,False,SUCCESS,True,STRUCTURE_VALID,True,True,True,True,QUERY,False,True,MATCH,687.0,0.001734
qingye-01-1-r1/p/a/3,qingye,baseline,请帮忙看看相机当前的库存,deepseek,False,SUCCESS,True,STRUCTURE_VALID,True,True,True,True,QUERY,False,True,MATCH,750.0,0.001734
qingye-01-1-r1/p/b/0,qingye,baseline,请帮忙看看相机当前的库存,qwen,True,SUCCESS,True,STRUCTURE_VALID,True,True,True,True,QUERY,False,True,MATCH,985.0,0.0006392
qingye-01-1-r1/p/b/1,qingye,baseline,请帮忙看看相机当前的库存,qwen,False,SUCCESS,True,STRUCTURE_VALID,True,True,True,True,QUERY,False,True,MATCH,969.0,0.0006392
qingye-01-1-r1/p/b/2,qingye,baseline,请帮忙看看相机当前的库存,qwen,False,SUCCESS,True,STRUCTURE_VALID,True,True,True,True,QUERY,False,True,MATCH,969.0,0.0006392
qingye-01-1-r1/p/b/3,qingye,baseline,请帮忙看看相机当前的库存,qwen,False,SUCCESS,True,STRUCTURE_VALID,True,True,True,True,QUERY,False,True,MATCH,953.0,0.0006392
qingye-01-1-r0/p/b/0,qingye,baseline,请帮忙看看相机当前的库存,qwen,True,SUCCESS,True,STRUCTURE_VALID,True,True,True,True,QUERY,False,True,MATCH,969.0,0.0006392
qingye-01-1-r0/p/b/1,qingye,baseline,请帮忙看看相机当前的库存,qwen,False,SUCCESS,True,STRUCTURE_VALID,True,True,True,True,QUERY,False,True,MATCH,1266.0,0.0006392
qingye-01-1-r0/p/b/2,qingye,baseline,请帮忙看看相机当前的库存,qwen,False,SUCCESS,True,STRUCTURE_VALID,True,True,True,True,QUERY,False,True,MATCH,1422.0,0.0006392
qingye-01-1-r0/p/b/3,qingye,baseline,请帮忙看看相机当前的库存,qwen,False,SUCCESS,True,STRUCTURE_VALID,True,True,True,True,QUERY,False,True,MATCH,969.0,0.0006392
qingye-01-1-r0/p/a/0,qingye,baseline,请帮忙看看相机当前的库存,deepseek,True,SUCCESS,True,STRUCTURE_VALID,True,True,True,True,QUERY,False,True,MATCH,750.0,0.001734
qingye-01-1-r0/p/a/1,qingye,baseline,请帮忙看看相机当前的库存,deepseek,False,SUCCESS,True,STRUCTURE_VALID,True,True,True,True,QUERY,False,True,MATCH,906.0,0.001734
qingye-01-1-r0/p/a/2,qingye,baseline,请帮忙看看相机当前的库存,deepseek,False,SUCCESS,True,STRUCTURE_VALID,True,True,True,True,QUERY,False,True,MATCH,594.0,0.001734
qingye-01-1-r0/p/a/3,qingye,baseline,请帮忙看看相机当前的库存,deepseek,False,SUCCESS,True,STRUCTURE_VALID,True,True,True,True,QUERY,False,True,MATCH,969.0,0.001734
library-01-1-r0/p/a/0,library,baseline,请帮忙看看《三体》所在的书架位置,deepseek,True,SUCCESS,True,STRUCTURE_VALID,True,True,True,True,QUERY,False,True,MATCH,938.0,0.002184
library-01-1-r0/p/a/1,library,baseline,请帮忙看看《三体》所在的书架位置,deepseek,False,SUCCESS,True,STRUCTURE_VALID,True,True,True,True,QUERY,False,True,MATCH,891.0,0.002184
library-01-1-r0/p/a/2,library,baseline,请帮忙看看《三体》所在的书架位置,deepseek,False,SUCCESS,True,STRUCTURE_VALID,True,True,True,True,QUERY,False,True,MATCH,828.0,0.002184
library-01-1-r0/p/a/3,library,baseline,请帮忙看看《三体》所在的书架位置,deepseek,False,SUCCESS,True,STRUCTURE_VALID,True,True,True,True,QUERY,False,True,MATCH,968.0,0.002184
library-01-1-r0/p/b/0,library,baseline,请帮忙看看《三体》所在的书架位置,qwen,True,SUCCESS,True,STRUCTURE_VALID,True,True,True,True,QUERY,False,True,MATCH,1672.0,0.0007976
library-01-1-r0/p/b/1,library,baseline,请帮忙看看《三体》所在的书架位置,qwen,False,SUCCESS,True,STRUCTURE_VALID,True,True,True,True,QUERY,False,True,MATCH,1688.0,0.0007976
library-01-1-r0/p/b/2,library,baseline,请帮忙看看《三体》所在的书架位置,qwen,False,SUCCESS,True,STRUCTURE_VALID,True,True,True,True,QUERY,False,True,MATCH,1719.0,0.0007976
library-01-1-r0/p/b/3,library,baseline,请帮忙看看《三体》所在的书架位置,qwen,False,SUCCESS,True,STRUCTURE_VALID,True,True,True,True,QUERY,False,True,MATCH,1703.0,0.0007976
qingye-11-1-r0/p/b/0,qingye,time_option,请看看明天相机能否借用,qwen,True,SUCCESS,True,STRUCTURE_VALID,True,True,True,True,QUERY,False,True,MATCH,1063.0,0.0006443999999999999
qingye-11-1-r0/p/b/1,qingye,time_option,请看看明天相机能否借用,qwen,False,SUCCESS,True,STRUCTURE_VALID,True,True,True,True,QUERY,False,True,MATCH,1032.0,0.0006443999999999999
qingye-11-1-r0/p/b/2,qingye,time_option,请看看明天相机能否借用,qwen,False,SUCCESS,True,STRUCTURE_VALID,True,True,True,True,QUERY,False,True,MATCH,1141.0,0.0006443999999999999
qingye-11-1-r0/p/b/3,qingye,time_option,请看看明天相机能否借用,qwen,False,SUCCESS,True,STRUCTURE_VALID,True,True,True,True,QUERY,False,True,MATCH,1047.0,0.0006443999999999999
qingye-11-1-r0/p/a/0,qingye,time_option,请看看明天相机能否借用,deepseek,True,SUCCESS,True,STRUCTURE_VALID,True,True,True,True,QUERY,False,True,MATCH,891.0,0.001742
qingye-11-1-r0/p/a/1,qingye,time_option,请看看明天相机能否借用,deepseek,False,SUCCESS,True,STRUCTURE_VALID,True,True,True,True,QUERY,False,True,MATCH,547.0,0.001742
qingye-11-1-r0/p/a/2,qingye,time_option,请看看明天相机能否借用,deepseek,False,SUCCESS,True,STRUCTURE_VALID,True,True,True,True,QUERY,False,True,MATCH,422.0,0.001742
qingye-11-1-r0/p/a/3,qingye,time_option,请看看明天相机能否借用,deepseek,False,SUCCESS,True,STRUCTURE_VALID,True,True,True,True,QUERY,False,True,MATCH,813.0,0.001742
library-06-1-r0/p/a/0,library,unsupported_date,请只查我今天借阅的图书记录,deepseek,True,SUCCESS,True,STRUCTURE_VALID,True,True,True,True,CLARIFY,False,True,MATCH,828.0,0.002206
library-06-1-r0/p/a/1,library,unsupported_date,请只查我今天借阅的图书记录,deepseek,False,SUCCESS,True,STRUCTURE_VALID,True,True,True,True,CLARIFY,False,True,MATCH,532.0,0.002206
library-06-1-r0/p/a/2,library,unsupported_date,请只查我今天借阅的图书记录,deepseek,False,SUCCESS,True,STRUCTURE_VALID,True,True,True,True,CLARIFY,False,True,MATCH,984.0,0.002206
library-06-1-r0/p/a/3,library,unsupported_date,请只查我今天借阅的图书记录,deepseek,False,SUCCESS,True,STRUCTURE_VALID,True,True,True,True,CLARIFY,False,True,MATCH,640.0,0.002206
library-06-1-r0/p/b/0,library,unsupported_date,请只查我今天借阅的图书记录,qwen,True,SUCCESS,True,STRUCTURE_VALID,False,False,True,False,REJECT,False,True,SEMANTIC,1812.0,0.0008088
library-06-1-r0/p/b/1,library,unsupported_date,请只查我今天借阅的图书记录,qwen,False,SUCCESS,True,STRUCTURE_VALID,False,False,True,False,REJECT,False,True,SEMANTIC,1797.0,0.0008088
library-06-1-r0/p/b/2,library,unsupported_date,请只查我今天借阅的图书记录,qwen,False,SUCCESS,True,STRUCTURE_VALID,False,False,True,False,REJECT,False,True,SEMANTIC,1797.0,0.0008088
library-06-1-r0/p/b/3,library,unsupported_date,请只查我今天借阅的图书记录,qwen,False,SUCCESS,True,STRUCTURE_VALID,False,False,True,False,REJECT,False,True,SEMANTIC,1875.0,0.0008088
qingye-10-1-r0/p/a/0,qingye,greeting,hello你好，你能帮我做什么？顺便帮我查相机当前库存,deepseek,True,SUCCESS,True,STRUCTURE_VALID,True,True,True,True,QUERY,False,True,MATCH,609.0,0.001748
qingye-10-1-r0/p/a/1,qingye,greeting,hello你好，你能帮我做什么？顺便帮我查相机当前库存,deepseek,False,SUCCESS,True,STRUCTURE_VALID,True,True,True,True,QUERY,False,True,MATCH,875.0,0.001748
qingye-10-1-r0/p/a/2,qingye,greeting,hello你好，你能帮我做什么？顺便帮我查相机当前库存,deepseek,False,SUCCESS,True,STRUCTURE_VALID,True,True,True,True,QUERY,False,True,MATCH,859.0,0.001748
qingye-10-1-r0/p/a/3,qingye,greeting,hello你好，你能帮我做什么？顺便帮我查相机当前库存,deepseek,False,SUCCESS,True,STRUCTURE_VALID,True,True,True,True,QUERY,False,True,MATCH,797.0,0.001748
qingye-10-1-r0/p/b/0,qingye,greeting,hello你好，你能帮我做什么？顺便帮我查相机当前库存,qwen,True,SUCCESS,True,STRUCTURE_VALID,True,True,True,True,QUERY,False,True,MATCH,969.0,0.000644
qingye-10-1-r0/p/b/1,qingye,greeting,hello你好，你能帮我做什么？顺便帮我查相机当前库存,qwen,False,SUCCESS,True,STRUCTURE_VALID,True,True,True,True,QUERY,False,True,MATCH,985.0,0.000644
qingye-10-1-r0/p/b/2,qingye,greeting,hello你好，你能帮我做什么？顺便帮我查相机当前库存,qwen,False,SUCCESS,True,STRUCTURE_VALID,True,True,True,True,QUERY,False,True,MATCH,969.0,0.000644
qingye-10-1-r0/p/b/3,qingye,greeting,hello你好，你能帮我做什么？顺便帮我查相机当前库存,qwen,False,SUCCESS,True,STRUCTURE_VALID,True,True,True,True,QUERY,False,True,MATCH,1078.0,0.000644
library-03-1-r0/p/a/0,library,negation,《Java入门》不用查，请只看《三体》的位置,deepseek,True,SUCCESS,True,STRUCTURE_VALID,True,True,True,True,QUERY,False,True,MATCH,657.0,0.00219
library-03-1-r0/p/a/1,library,negation,《Java入门》不用查，请只看《三体》的位置,deepseek,False,SUCCESS,True,STRUCTURE_VALID,True,True,True,True,QUERY,False,True,MATCH,656.0,0.00219
library-03-1-r0/p/a/2,library,negation,《Java入门》不用查，请只看《三体》的位置,deepseek,False,SUCCESS,True,STRUCTURE_VALID,True,True,True,True,QUERY,False,True,MATCH,907.0,0.00219
library-03-1-r0/p/a/3,library,negation,《Java入门》不用查，请只看《三体》的位置,deepseek,False,SUCCESS,True,STRUCTURE_VALID,True,True,True,True,QUERY,False,True,MATCH,969.0,0.00219
library-03-1-r0/p/b/0,library,negation,《Java入门》不用查，请只看《三体》的位置,qwen,True,SUCCESS,True,STRUCTURE_VALID,True,True,True,True,QUERY,False,True,MATCH,1735.0,0.0008
library-03-1-r0/p/b/1,library,negation,《Java入门》不用查，请只看《三体》的位置,qwen,False,SUCCESS,True,STRUCTURE_VALID,True,True,True,True,QUERY,False,True,MATCH,1656.0,0.0008
library-03-1-r0/p/b/2,library,negation,《Java入门》不用查，请只看《三体》的位置,qwen,False,SUCCESS,True,STRUCTURE_VALID,True,True,True,True,QUERY,False,True,MATCH,1797.0,0.0008
library-03-1-r0/p/b/3,library,negation,《Java入门》不用查，请只看《三体》的位置,qwen,False,SUCCESS,True,STRUCTURE_VALID,True,True,True,True,QUERY,False,True,MATCH,1703.0,0.0008
library-12-2-r0/p/a/0,library,business_noise,《Java入门》借过又还了，这是背景；现在唯一要查的是《三体》的馆藏位置,deepseek,True,SUCCESS,True,STRUCTURE_VALID,True,True,True,True,QUERY,False,True,MATCH,938.0,0.002214
library-12-2-r0/p/a/1,library,business_noise,《Java入门》借过又还了，这是背景；现在唯一要查的是《三体》的馆藏位置,deepseek,False,SUCCESS,True,STRUCTURE_VALID,True,True,True,True,QUERY,False,True,MATCH,641.0,0.002214
library-12-2-r0/p/a/2,library,business_noise,《Java入门》借过又还了，这是背景；现在唯一要查的是《三体》的馆藏位置,deepseek,False,SUCCESS,True,STRUCTURE_VALID,True,True,True,True,QUERY,False,True,MATCH,1000.0,0.002214
library-12-2-r0/p/a/3,library,business_noise,《Java入门》借过又还了，这是背景；现在唯一要查的是《三体》的馆藏位置,deepseek,False,SUCCESS,True,STRUCTURE_VALID,True,True,True,True,QUERY,False,True,MATCH,1063.0,0.002214
library-12-2-r0/p/b/0,library,business_noise,《Java入门》借过又还了，这是背景；现在唯一要查的是《三体》的馆藏位置,qwen,True,SUCCESS,True,STRUCTURE_VALID,True,True,True,True,QUERY,False,True,MATCH,1688.0,0.0008096000000000001
library-12-2-r0/p/b/1,library,business_noise,《Java入门》借过又还了，这是背景；现在唯一要查的是《三体》的馆藏位置,qwen,False,SUCCESS,True,STRUCTURE_VALID,True,True,True,True,QUERY,False,True,MATCH,1672.0,0.0008096000000000001
library-12-2-r0/p/b/2,library,business_noise,《Java入门》借过又还了，这是背景；现在唯一要查的是《三体》的馆藏位置,qwen,False,SUCCESS,True,STRUCTURE_VALID,True,True,True,True,QUERY,False,True,MATCH,1703.0,0.0008096000000000001
library-12-2-r0/p/b/3,library,business_noise,《Java入门》借过又还了，这是背景；现在唯一要查的是《三体》的馆藏位置,qwen,False,SUCCESS,True,STRUCTURE_VALID,True,True,True,True,QUERY,False,True,MATCH,1688.0,0.0008096000000000001
qingye-11-2-r1/p/a/0,qingye,time_option,我要了解明天的相机可借数量,deepseek,True,SUCCESS,True,STRUCTURE_VALID,True,True,True,True,QUERY,False,True,MATCH,766.0,0.001744
qingye-11-2-r1/p/a/1,qingye,time_option,我要了解明天的相机可借数量,deepseek,False,SUCCESS,True,STRUCTURE_VALID,True,True,True,True,QUERY,False,True,MATCH,641.0,0.001744
qingye-11-2-r1/p/a/2,qingye,time_option,我要了解明天的相机可借数量,deepseek,False,SUCCESS,True,STRUCTURE_VALID,True,True,True,True,QUERY,False,True,MATCH,891.0,0.001744
qingye-11-2-r1/p/a/3,qingye,time_option,我要了解明天的相机可借数量,deepseek,False,SUCCESS,True,STRUCTURE_VALID,True,True,True,True,QUERY,False,True,MATCH,547.0,0.001744
qingye-11-2-r1/p/b/0,qingye,time_option,我要了解明天的相机可借数量,qwen,True,SUCCESS,True,STRUCTURE_VALID,True,True,True,True,QUERY,False,True,MATCH,1171.0,0.000646
qingye-11-2-r1/p/b/1,qingye,time_option,我要了解明天的相机可借数量,qwen,False,SUCCESS,True,STRUCTURE_VALID,True,True,True,True,QUERY,False,True,MATCH,1000.0,0.000646
qingye-11-2-r1/p/b/2,qingye,time_option,我要了解明天的相机可借数量,qwen,False,SUCCESS,True,STRUCTURE_VALID,True,True,True,True,QUERY,False,True,MATCH,1016.0,0.000646
qingye-11-2-r1/p/b/3,qingye,time_option,我要了解明天的相机可借数量,qwen,False,SUCCESS,True,STRUCTURE_VALID,True,True,True,True,QUERY,False,True,MATCH,1078.0,0.000646
qingye-12-1-r0/p/a/0,qingye,business_noise,器材库存、摄影活动、归还记录都讨论过了，我本次唯一请求是看手机当前库存,deepseek,True,SUCCESS,True,STRUCTURE_VALID,True,True,True,True,QUERY,False,True,MATCH,875.0,0.001764
qingye-12-1-r0/p/a/1,qingye,business_noise,器材库存、摄影活动、归还记录都讨论过了，我本次唯一请求是看手机当前库存,deepseek,False,SUCCESS,True,STRUCTURE_VALID,True,True,True,True,QUERY,False,True,MATCH,578.0,0.001764
qingye-12-1-r0/p/a/2,qingye,business_noise,器材库存、摄影活动、归还记录都讨论过了，我本次唯一请求是看手机当前库存,deepseek,False,SUCCESS,True,STRUCTURE_VALID,True,True,True,True,QUERY,False,True,MATCH,828.0,0.001764
qingye-12-1-r0/p/a/3,qingye,business_noise,器材库存、摄影活动、归还记录都讨论过了，我本次唯一请求是看手机当前库存,deepseek,False,SUCCESS,True,STRUCTURE_VALID,True,True,True,True,QUERY,False,True,MATCH,813.0,0.001764
qingye-12-1-r0/p/b/0,qingye,business_noise,器材库存、摄影活动、归还记录都讨论过了，我本次唯一请求是看手机当前库存,qwen,True,SUCCESS,True,STRUCTURE_VALID,True,True,True,True,QUERY,False,True,MATCH,1328.0,0.0006512
qingye-12-1-r0/p/b/1,qingye,business_noise,器材库存、摄影活动、归还记录都讨论过了，我本次唯一请求是看手机当前库存,qwen,False,SUCCESS,True,STRUCTURE_VALID,True,True,True,True,QUERY,False,True,MATCH,984.0,0.0006512
qingye-12-1-r0/p/b/2,qingye,business_noise,器材库存、摄影活动、归还记录都讨论过了，我本次唯一请求是看手机当前库存,qwen,False,SUCCESS,True,STRUCTURE_VALID,True,True,True,True,QUERY,False,True,MATCH,1093.0,0.0006512
qingye-12-1-r0/p/b/3,qingye,business_noise,器材库存、摄影活动、归还记录都讨论过了，我本次唯一请求是看手机当前库存,qwen,False,SUCCESS,True,STRUCTURE_VALID,True,True,True,True,QUERY,False,True,MATCH,968.0,0.0006512
qingye-09-2-r2/p/b/0,qingye,ambiguous_reference,帮我看看那个设备，没有具体名称,qwen,True,SUCCESS,True,STRUCTURE_VALID,True,True,False,False,REJECT,False,True,NATIVE_ENTRY,1016.0,0.000644
qingye-09-2-r2/p/b/1,qingye,ambiguous_reference,帮我看看那个设备，没有具体名称,qwen,False,SUCCESS,True,STRUCTURE_VALID,True,True,False,False,REJECT,False,True,NATIVE_ENTRY,1094.0,0.000644
qingye-09-2-r2/p/b/2,qingye,ambiguous_reference,帮我看看那个设备，没有具体名称,qwen,False,SUCCESS,True,STRUCTURE_VALID,True,True,False,False,REJECT,False,True,NATIVE_ENTRY,1219.0,0.000644
qingye-09-2-r2/p/b/3,qingye,ambiguous_reference,帮我看看那个设备，没有具体名称,qwen,False,SUCCESS,True,STRUCTURE_VALID,True,True,False,False,REJECT,False,True,NATIVE_ENTRY,1032.0,0.000644
qingye-09-2-r2/p/a/0,qingye,ambiguous_reference,帮我看看那个设备，没有具体名称,deepseek,True,SUCCESS,True,STRUCTURE_VALID,True,True,False,False,REJECT,False,True,NATIVE_ENTRY,750.0,0.001746
qingye-09-2-r2/p/a/1,qingye,ambiguous_reference,帮我看看那个设备，没有具体名称,deepseek,False,SUCCESS,True,STRUCTURE_VALID,True,True,False,False,REJECT,False,True,NATIVE_ENTRY,531.0,0.001746
qingye-09-2-r2/p/a/2,qingye,ambiguous_reference,帮我看看那个设备，没有具体名称,deepseek,False,SUCCESS,True,STRUCTURE_VALID,True,True,False,False,REJECT,False,True,NATIVE_ENTRY,938.0,0.001746
qingye-09-2-r2/p/a/3,qingye,ambiguous_reference,帮我看看那个设备，没有具体名称,deepseek,False,SUCCESS,True,STRUCTURE_VALID,True,True,False,False,REJECT,False,True,NATIVE_ENTRY,656.0,0.001746
library-01-2-r0/p/b/0,library,baseline,麻烦查询《三体》在馆内什么位置,qwen,True,SUCCESS,True,STRUCTURE_VALID,True,True,True,True,QUERY,False,True,MATCH,1797.0,0.0007976
library-01-2-r0/p/b/1,library,baseline,麻烦查询《三体》在馆内什么位置,qwen,False,SUCCESS,True,STRUCTURE_VALID,True,True,True,True,QUERY,False,True,MATCH,1672.0,0.0007976
library-01-2-r0/p/b/2,library,baseline,麻烦查询《三体》在馆内什么位置,qwen,False,SUCCESS,True,STRUCTURE_VALID,True,True,True,True,QUERY,False,True,MATCH,1688.0,0.0007976
library-01-2-r0/p/b/3,library,baseline,麻烦查询《三体》在馆内什么位置,qwen,False,SUCCESS,True,STRUCTURE_VALID,True,True,True,True,QUERY,False,True,MATCH,1718.0,0.0007976
library-01-2-r0/p/a/0,library,baseline,麻烦查询《三体》在馆内什么位置,deepseek,True,SUCCESS,True,STRUCTURE_VALID,True,True,True,True,QUERY,False,True,MATCH,890.0,0.002184
library-01-2-r0/p/a/1,library,baseline,麻烦查询《三体》在馆内什么位置,deepseek,False,SUCCESS,True,STRUCTURE_VALID,True,True,True,True,QUERY,False,True,MATCH,687.0,0.002184
library-01-2-r0/p/a/2,library,baseline,麻烦查询《三体》在馆内什么位置,deepseek,False,SUCCESS,True,STRUCTURE_VALID,True,True,True,True,QUERY,False,True,MATCH,734.0,0.002184
library-01-2-r0/p/a/3,library,baseline,麻烦查询《三体》在馆内什么位置,deepseek,False,SUCCESS,True,STRUCTURE_VALID,True,True,True,True,QUERY,False,True,MATCH,547.0,0.002184
qingye-06-2-r2/p/b/0,qingye,unsupported_date,仅看昨天我的借用记录，不要全部历史,qwen,True,SUCCESS,True,STRUCTURE_VALID,True,True,True,True,CLARIFY,False,True,MATCH,1047.0,0.0006456
qingye-06-2-r2/p/b/1,qingye,unsupported_date,仅看昨天我的借用记录，不要全部历史,qwen,False,SUCCESS,True,STRUCTURE_VALID,True,True,True,True,CLARIFY,False,True,MATCH,1015.0,0.0006456
qingye-06-2-r2/p/b/2,qingye,unsupported_date,仅看昨天我的借用记录，不要全部历史,qwen,False,SUCCESS,True,STRUCTURE_VALID,True,True,True,True,CLARIFY,False,True,MATCH,1047.0,0.0006456
qingye-06-2-r2/p/b/3,qingye,unsupported_date,仅看昨天我的借用记录，不要全部历史,qwen,False,SUCCESS,True,STRUCTURE_VALID,True,True,True,True,CLARIFY,False,True,MATCH,1016.0,0.0006456
qingye-06-2-r2/p/a/0,qingye,unsupported_date,仅看昨天我的借用记录，不要全部历史,deepseek,True,SUCCESS,True,STRUCTURE_VALID,True,True,True,True,CLARIFY,False,True,MATCH,735.0,0.001774
qingye-06-2-r2/p/a/1,qingye,unsupported_date,仅看昨天我的借用记录，不要全部历史,deepseek,False,SUCCESS,True,STRUCTURE_VALID,True,True,True,True,CLARIFY,False,True,MATCH,703.0,0.001774
qingye-06-2-r2/p/a/2,qingye,unsupported_date,仅看昨天我的借用记录，不要全部历史,deepseek,False,SUCCESS,True,STRUCTURE_VALID,True,True,True,True,CLARIFY,False,True,MATCH,843.0,0.001774
qingye-06-2-r2/p/a/3,qingye,unsupported_date,仅看昨天我的借用记录，不要全部历史,deepseek,False,SUCCESS,True,STRUCTURE_VALID,True,True,True,True,CLARIFY,False,True,MATCH,921.0,0.001774
qingye-05-1-r1/p/b/0,qingye,multiple,请同时查相机库存和我的借用记录，两项都需要,qwen,True,SUCCESS,True,STRUCTURE_VALID,True,True,True,True,CLARIFY,False,True,MATCH,1109.0,0.0006492000000000001
qingye-05-1-r1/p/b/1,qingye,multiple,请同时查相机库存和我的借用记录，两项都需要,qwen,False,SUCCESS,True,STRUCTURE_VALID,True,True,True,True,CLARIFY,False,True,MATCH,1015.0,0.0006492000000000001
qingye-05-1-r1/p/b/2,qingye,multiple,请同时查相机库存和我的借用记录，两项都需要,qwen,False,SUCCESS,True,STRUCTURE_VALID,True,True,True,True,CLARIFY,False,True,MATCH,1016.0,0.0006492000000000001
qingye-05-1-r1/p/b/3,qingye,multiple,请同时查相机库存和我的借用记录，两项都需要,qwen,False,SUCCESS,True,STRUCTURE_VALID,True,True,True,True,CLARIFY,False,True,MATCH,1062.0,0.0006492000000000001
qingye-05-1-r1/p/a/0,qingye,multiple,请同时查相机库存和我的借用记录，两项都需要,deepseek,True,SUCCESS,True,STRUCTURE_VALID,True,True,True,True,CLARIFY,False,True,MATCH,875.0,0.001786
qingye-05-1-r1/p/a/1,qingye,multiple,请同时查相机库存和我的借用记录，两项都需要,deepseek,False,SUCCESS,True,STRUCTURE_VALID,True,True,True,True,CLARIFY,False,True,MATCH,406.0,0.001786
qingye-05-1-r1/p/a/2,qingye,multiple,请同时查相机库存和我的借用记录，两项都需要,deepseek,False,SUCCESS,True,STRUCTURE_VALID,True,True,True,True,CLARIFY,False,True,MATCH,625.0,0.001786
qingye-05-1-r1/p/a/3,qingye,multiple,请同时查相机库存和我的借用记录，两项都需要,deepseek,False,SUCCESS,True,STRUCTURE_VALID,True,True,True,True,CLARIFY,False,True,MATCH,672.0,0.001786
qingye-05-2-r1/p/a/0,qingye,multiple,相机库存与我报名了什么都查一下,deepseek,True,SUCCESS,True,STRUCTURE_VALID,True,True,True,True,CLARIFY,False,True,MATCH,890.0,0.001778
qingye-05-2-r1/p/a/1,qingye,multiple,相机库存与我报名了什么都查一下,deepseek,False,SUCCESS,True,STRUCTURE_VALID,True,True,True,True,CLARIFY,False,True,MATCH,765.0,0.001778
qingye-05-2-r1/p/a/2,qingye,multiple,相机库存与我报名了什么都查一下,deepseek,False,SUCCESS,True,STRUCTURE_VALID,True,True,True,True,CLARIFY,False,True,MATCH,703.0,0.001778
qingye-05-2-r1/p/a/3,qingye,multiple,相机库存与我报名了什么都查一下,deepseek,False,SUCCESS,True,STRUCTURE_VALID,True,True,True,True,CLARIFY,False,True,MATCH,812.0,0.001778
qingye-05-2-r1/p/b/0,qingye,multiple,相机库存与我报名了什么都查一下,qwen,True,SUCCESS,True,STRUCTURE_VALID,False,False,True,True,QUERY,False,True,SEMANTIC,1000.0,0.0006408000000000001
qingye-05-2-r1/p/b/1,qingye,multiple,相机库存与我报名了什么都查一下,qwen,False,SUCCESS,True,STRUCTURE_VALID,False,False,True,True,QUERY,False,True,SEMANTIC,1344.0,0.0006748
qingye-05-2-r1/p/b/2,qingye,multiple,相机库存与我报名了什么都查一下,qwen,False,SUCCESS,True,STRUCTURE_VALID,False,False,True,True,QUERY,False,True,SEMANTIC,2140.0,0.0006748
qingye-05-2-r1/p/b/3,qingye,multiple,相机库存与我报名了什么都查一下,qwen,False,SUCCESS,True,STRUCTURE_VALID,False,False,True,True,QUERY,False,True,SEMANTIC,954.0,0.0006408000000000001
library-02-1-r1/p/b/0,library,history,我以前借过《三体》，现在只查询《Java入门》放在哪里,qwen,True,SUCCESS,True,STRUCTURE_VALID,True,True,True,True,QUERY,False,True,MATCH,1703.0,0.0008024000000000001
library-02-1-r1/p/b/1,library,history,我以前借过《三体》，现在只查询《Java入门》放在哪里,qwen,False,SUCCESS,True,STRUCTURE_VALID,True,True,True,True,QUERY,False,True,MATCH,1641.0,0.0008024000000000001
library-02-1-r1/p/b/2,library,history,我以前借过《三体》，现在只查询《Java入门》放在哪里,qwen,False,SUCCESS,True,STRUCTURE_VALID,True,True,True,True,QUERY,False,True,MATCH,1672.0,0.0008024000000000001
library-02-1-r1/p/b/3,library,history,我以前借过《三体》，现在只查询《Java入门》放在哪里,qwen,False,SUCCESS,True,STRUCTURE_VALID,True,True,True,True,QUERY,False,True,MATCH,1735.0,0.0008024000000000001
library-02-1-r1/p/a/0,library,history,我以前借过《三体》，现在只查询《Java入门》放在哪里,deepseek,True,SUCCESS,True,STRUCTURE_VALID,True,True,True,True,QUERY,False,True,MATCH,859.0,0.002194
library-02-1-r1/p/a/1,library,history,我以前借过《三体》，现在只查询《Java入门》放在哪里,deepseek,False,SUCCESS,True,STRUCTURE_VALID,True,True,True,True,QUERY,False,True,MATCH,844.0,0.002194
library-02-1-r1/p/a/2,library,history,我以前借过《三体》，现在只查询《Java入门》放在哪里,deepseek,False,SUCCESS,True,STRUCTURE_VALID,True,True,True,True,QUERY,False,True,MATCH,969.0,0.002194
library-02-1-r1/p/a/3,library,history,我以前借过《三体》，现在只查询《Java入门》放在哪里,deepseek,False,SUCCESS,True,STRUCTURE_VALID,True,True,True,True,QUERY,False,True,MATCH,641.0,0.002194
qingye-11-1-r1/p/b/0,qingye,time_option,请看看明天相机能否借用,qwen,True,SUCCESS,True,STRUCTURE_VALID,True,True,True,True,QUERY,False,True,MATCH,1062.0,0.0006443999999999999
qingye-11-1-r1/p/b/1,qingye,time_option,请看看明天相机能否借用,qwen,False,SUCCESS,True,STRUCTURE_VALID,True,True,True,True,QUERY,False,True,MATCH,1015.0,0.0006443999999999999
qingye-11-1-r1/p/b/2,qingye,time_option,请看看明天相机能否借用,qwen,False,SUCCESS,True,STRUCTURE_VALID,True,True,True,True,QUERY,False,True,MATCH,1047.0,0.0006443999999999999
qingye-11-1-r1/p/b/3,qingye,time_option,请看看明天相机能否借用,qwen,False,SUCCESS,True,STRUCTURE_VALID,True,True,True,True,QUERY,False,True,MATCH,1141.0,0.0006443999999999999
qingye-11-1-r1/p/a/0,qingye,time_option,请看看明天相机能否借用,deepseek,True,SUCCESS,True,STRUCTURE_VALID,True,True,True,True,QUERY,False,True,MATCH,485.0,0.001742
qingye-11-1-r1/p/a/1,qingye,time_option,请看看明天相机能否借用,deepseek,False,SUCCESS,True,STRUCTURE_VALID,True,True,True,True,QUERY,False,True,MATCH,485.0,0.001742
qingye-11-1-r1/p/a/2,qingye,time_option,请看看明天相机能否借用,deepseek,False,SUCCESS,True,STRUCTURE_VALID,True,True,True,True,QUERY,False,True,MATCH,407.0,0.001742
qingye-11-1-r1/p/a/3,qingye,time_option,请看看明天相机能否借用,deepseek,False,SUCCESS,True,STRUCTURE_VALID,True,True,True,True,QUERY,False,True,MATCH,844.0,0.001742
qingye-01-2-r0/p/b/0,qingye,baseline,麻烦查询现在相机是否有库存,qwen,True,SUCCESS,True,STRUCTURE_VALID,True,True,True,True,QUERY,False,True,MATCH,1047.0,0.0006384
qingye-01-2-r0/p/b/1,qingye,baseline,麻烦查询现在相机是否有库存,qwen,False,SUCCESS,True,STRUCTURE_VALID,True,True,True,True,QUERY,False,True,MATCH,969.0,0.0006384
qingye-01-2-r0/p/b/2,qingye,baseline,麻烦查询现在相机是否有库存,qwen,False,SUCCESS,True,STRUCTURE_VALID,True,True,True,True,QUERY,False,True,MATCH,1000.0,0.0006384
qingye-01-2-r0/p/b/3,qingye,baseline,麻烦查询现在相机是否有库存,qwen,False,SUCCESS,True,STRUCTURE_VALID,True,True,True,True,QUERY,False,True,MATCH,953.0,0.0006384
qingye-01-2-r0/p/a/0,qingye,baseline,麻烦查询现在相机是否有库存,deepseek,True,SUCCESS,True,STRUCTURE_VALID,True,True,True,True,QUERY,False,True,MATCH,781.0,0.001734
qingye-01-2-r0/p/a/1,qingye,baseline,麻烦查询现在相机是否有库存,deepseek,False,SUCCESS,True,STRUCTURE_VALID,True,True,True,True,QUERY,False,True,MATCH,859.0,0.001734
qingye-01-2-r0/p/a/2,qingye,baseline,麻烦查询现在相机是否有库存,deepseek,False,SUCCESS,True,STRUCTURE_VALID,True,True,True,True,QUERY,False,True,MATCH,578.0,0.001734
qingye-01-2-r0/p/a/3,qingye,baseline,麻烦查询现在相机是否有库存,deepseek,False,SUCCESS,True,STRUCTURE_VALID,True,True,True,True,QUERY,False,True,MATCH,703.0,0.001734
library-08-1-r1/p/b/0,library,capability_difference,请只看我尚未归还的《Java入门》借阅记录,qwen,True,SUCCESS,True,STRUCTURE_VALID,True,True,True,True,CONFIRM_SCOPE,True,True,MATCH,1688.0,0.0008028000000000001
library-08-1-r1/p/b/1,library,capability_difference,请只看我尚未归还的《Java入门》借阅记录,qwen,False,SUCCESS,True,STRUCTURE_VALID,True,True,True,True,CONFIRM_SCOPE,True,True,MATCH,1703.0,0.0008028000000000001
library-08-1-r1/p/b/2,library,capability_difference,请只看我尚未归还的《Java入门》借阅记录,qwen,False,SUCCESS,True,STRUCTURE_VALID,True,True,True,True,CONFIRM_SCOPE,True,True,MATCH,1735.0,0.0008028000000000001
library-08-1-r1/p/b/3,library,capability_difference,请只看我尚未归还的《Java入门》借阅记录,qwen,False,SUCCESS,True,STRUCTURE_VALID,True,True,True,True,CONFIRM_SCOPE,True,True,MATCH,1766.0,0.0008028000000000001
library-08-1-r1/p/a/0,library,capability_difference,请只看我尚未归还的《Java入门》借阅记录,deepseek,True,SUCCESS,True,STRUCTURE_VALID,True,True,True,True,CONFIRM_SCOPE,True,True,MATCH,735.0,0.002196
library-08-1-r1/p/a/1,library,capability_difference,请只看我尚未归还的《Java入门》借阅记录,deepseek,False,SUCCESS,True,STRUCTURE_VALID,True,True,True,True,CONFIRM_SCOPE,True,True,MATCH,813.0,0.002196
library-08-1-r1/p/a/2,library,capability_difference,请只看我尚未归还的《Java入门》借阅记录,deepseek,False,SUCCESS,True,STRUCTURE_VALID,True,True,True,True,CONFIRM_SCOPE,True,True,MATCH,922.0,0.002196
library-08-1-r1/p/a/3,library,capability_difference,请只看我尚未归还的《Java入门》借阅记录,deepseek,False,SUCCESS,True,STRUCTURE_VALID,True,True,True,True,CONFIRM_SCOPE,True,True,MATCH,1047.0,0.002196
library-08-2-r2/p/b/0,library,capability_difference,我的《Java入门》借阅，仅查询未归还的,qwen,True,SUCCESS,True,STRUCTURE_VALID,True,True,True,True,CONFIRM_SCOPE,True,True,MATCH,2437.0,0.000802
library-08-2-r2/p/b/1,library,capability_difference,我的《Java入门》借阅，仅查询未归还的,qwen,False,SUCCESS,True,STRUCTURE_VALID,True,True,True,True,CONFIRM_SCOPE,True,True,MATCH,1843.0,0.000802
library-08-2-r2/p/b/2,library,capability_difference,我的《Java入门》借阅，仅查询未归还的,qwen,False,SUCCESS,True,STRUCTURE_VALID,True,True,True,True,CONFIRM_SCOPE,True,True,MATCH,1672.0,0.000802
library-08-2-r2/p/b/3,library,capability_difference,我的《Java入门》借阅，仅查询未归还的,qwen,False,SUCCESS,True,STRUCTURE_VALID,True,True,True,True,CONFIRM_SCOPE,True,True,MATCH,1781.0,0.000802
library-08-2-r2/p/a/0,library,capability_difference,我的《Java入门》借阅，仅查询未归还的,deepseek,True,SUCCESS,True,STRUCTURE_VALID,True,True,True,True,CONFIRM_SCOPE,True,True,MATCH,938.0,0.002196
library-08-2-r2/p/a/1,library,capability_difference,我的《Java入门》借阅，仅查询未归还的,deepseek,False,SUCCESS,True,STRUCTURE_VALID,True,True,True,True,CONFIRM_SCOPE,True,True,MATCH,687.0,0.002196
library-08-2-r2/p/a/2,library,capability_difference,我的《Java入门》借阅，仅查询未归还的,deepseek,False,SUCCESS,True,STRUCTURE_VALID,True,True,True,True,CONFIRM_SCOPE,True,True,MATCH,828.0,0.002196
library-08-2-r2/p/a/3,library,capability_difference,我的《Java入门》借阅，仅查询未归还的,deepseek,False,SUCCESS,True,STRUCTURE_VALID,True,True,True,True,CONFIRM_SCOPE,True,True,MATCH,734.0,0.002196
library-10-1-r1/p/b/0,library,greeting,hello你好，你能帮我做什么？顺便帮我查《三体》的位置,qwen,True,SUCCESS,True,STRUCTURE_VALID,True,True,True,True,QUERY,False,True,MATCH,1703.0,0.0008008000000000001
library-10-1-r1/p/b/1,library,greeting,hello你好，你能帮我做什么？顺便帮我查《三体》的位置,qwen,False,SUCCESS,True,STRUCTURE_VALID,True,True,True,True,QUERY,False,True,MATCH,1656.0,0.0008008000000000001
library-10-1-r1/p/b/2,library,greeting,hello你好，你能帮我做什么？顺便帮我查《三体》的位置,qwen,False,SUCCESS,True,STRUCTURE_VALID,True,True,True,True,QUERY,False,True,MATCH,1671.0,0.0008008000000000001
library-10-1-r1/p/b/3,library,greeting,hello你好，你能帮我做什么？顺便帮我查《三体》的位置,qwen,False,SUCCESS,True,STRUCTURE_VALID,True,True,True,True,QUERY,False,True,MATCH,1672.0,0.0008008000000000001
library-10-1-r1/p/a/0,library,greeting,hello你好，你能帮我做什么？顺便帮我查《三体》的位置,deepseek,True,SUCCESS,True,STRUCTURE_VALID,False,False,True,True,CLARIFY,False,True,SEMANTIC,1000.0,0.002216
library-10-1-r1/p/a/1,library,greeting,hello你好，你能帮我做什么？顺便帮我查《三体》的位置,deepseek,False,SUCCESS,True,STRUCTURE_VALID,True,True,True,True,QUERY,False,True,MATCH,937.0,0.002192
library-10-1-r1/p/a/2,library,greeting,hello你好，你能帮我做什么？顺便帮我查《三体》的位置,deepseek,False,SUCCESS,True,STRUCTURE_VALID,False,False,True,True,CLARIFY,False,True,SEMANTIC,719.0,0.002216
library-10-1-r1/p/a/3,library,greeting,hello你好，你能帮我做什么？顺便帮我查《三体》的位置,deepseek,False,SUCCESS,True,STRUCTURE_VALID,True,True,True,True,QUERY,False,True,MATCH,562.0,0.002192
library-04-2-r0/p/a/0,library,supersession,本来要看自己的反馈，改成只查《三体》放在哪里,deepseek,True,SUCCESS,True,STRUCTURE_VALID,True,True,True,True,QUERY,False,True,MATCH,641.0,0.00219
library-04-2-r0/p/a/1,library,supersession,本来要看自己的反馈，改成只查《三体》放在哪里,deepseek,False,SUCCESS,True,STRUCTURE_VALID,True,True,True,True,QUERY,False,True,MATCH,656.0,0.00219
library-04-2-r0/p/a/2,library,supersession,本来要看自己的反馈，改成只查《三体》放在哪里,deepseek,False,SUCCESS,True,STRUCTURE_VALID,True,True,True,True,QUERY,False,True,MATCH,687.0,0.00219
library-04-2-r0/p/a/3,library,supersession,本来要看自己的反馈，改成只查《三体》放在哪里,deepseek,False,SUCCESS,True,STRUCTURE_VALID,True,True,True,True,QUERY,False,True,MATCH,594.0,0.00219
library-04-2-r0/p/b/0,library,supersession,本来要看自己的反馈，改成只查《三体》放在哪里,qwen,True,SUCCESS,True,STRUCTURE_VALID,True,True,True,True,QUERY,False,True,MATCH,1735.0,0.0008
library-04-2-r0/p/b/1,library,supersession,本来要看自己的反馈，改成只查《三体》放在哪里,qwen,False,SUCCESS,True,STRUCTURE_VALID,True,True,True,True,QUERY,False,True,MATCH,1688.0,0.0008
library-04-2-r0/p/b/2,library,supersession,本来要看自己的反馈，改成只查《三体》放在哪里,qwen,False,SUCCESS,True,STRUCTURE_VALID,True,True,True,True,QUERY,False,True,MATCH,1671.0,0.0008
library-04-2-r0/p/b/3,library,supersession,本来要看自己的反馈，改成只查《三体》放在哪里,qwen,False,SUCCESS,True,STRUCTURE_VALID,True,True,True,True,QUERY,False,True,MATCH,1703.0,0.0008
qingye-02-2-r1/p/a/0,qingye,history,之前归还了摄像机，现在要查看投影仪库存,deepseek,True,SUCCESS,True,STRUCTURE_VALID,True,True,True,True,QUERY,False,True,MATCH,656.0,0.001752
qingye-02-2-r1/p/a/1,qingye,history,之前归还了摄像机，现在要查看投影仪库存,deepseek,False,SUCCESS,True,STRUCTURE_VALID,True,True,True,True,QUERY,False,True,MATCH,516.0,0.001752
qingye-02-2-r1/p/a/2,qingye,history,之前归还了摄像机，现在要查看投影仪库存,deepseek,False,SUCCESS,True,STRUCTURE_VALID,True,True,True,True,QUERY,False,True,MATCH,656.0,0.001752
qingye-02-2-r1/p/a/3,qingye,history,之前归还了摄像机，现在要查看投影仪库存,deepseek,False,SUCCESS,True,STRUCTURE_VALID,True,True,True,True,QUERY,False,True,MATCH,578.0,0.001752
qingye-02-2-r1/p/b/0,qingye,history,之前归还了摄像机，现在要查看投影仪库存,qwen,True,SUCCESS,True,STRUCTURE_VALID,True,True,True,True,QUERY,False,True,MATCH,984.0,0.000646
qingye-02-2-r1/p/b/1,qingye,history,之前归还了摄像机，现在要查看投影仪库存,qwen,False,SUCCESS,True,STRUCTURE_VALID,True,True,True,True,QUERY,False,True,MATCH,1047.0,0.000646
qingye-02-2-r1/p/b/2,qingye,history,之前归还了摄像机，现在要查看投影仪库存,qwen,False,SUCCESS,True,STRUCTURE_VALID,True,True,True,True,QUERY,False,True,MATCH,953.0,0.000646
qingye-02-2-r1/p/b/3,qingye,history,之前归还了摄像机，现在要查看投影仪库存,qwen,False,SUCCESS,True,STRUCTURE_VALID,True,True,True,True,QUERY,False,True,MATCH,1047.0,0.000646
qingye-04-1-r0/p/b/0,qingye,supersession,先查我的借用记录，算了，记录不要了，只查投影仪当前库存,qwen,True,SUCCESS,True,STRUCTURE_VALID,True,True,True,True,QUERY,False,True,MATCH,1000.0,0.00065
qingye-04-1-r0/p/b/1,qingye,supersession,先查我的借用记录，算了，记录不要了，只查投影仪当前库存,qwen,False,SUCCESS,True,STRUCTURE_VALID,True,True,True,True,QUERY,False,True,MATCH,1000.0,0.00065
qingye-04-1-r0/p/b/2,qingye,supersession,先查我的借用记录，算了，记录不要了，只查投影仪当前库存,qwen,False,SUCCESS,True,STRUCTURE_VALID,True,True,True,True,QUERY,False,True,MATCH,953.0,0.00065
qingye-04-1-r0/p/b/3,qingye,supersession,先查我的借用记录，算了，记录不要了，只查投影仪当前库存,qwen,False,SUCCESS,True,STRUCTURE_VALID,True,True,True,True,QUERY,False,True,MATCH,1000.0,0.00065
qingye-04-1-r0/p/a/0,qingye,supersession,先查我的借用记录，算了，记录不要了，只查投影仪当前库存,deepseek,True,SUCCESS,True,STRUCTURE_VALID,True,True,True,True,QUERY,False,True,MATCH,594.0,0.001766
qingye-04-1-r0/p/a/1,qingye,supersession,先查我的借用记录，算了，记录不要了，只查投影仪当前库存,deepseek,False,SUCCESS,True,STRUCTURE_VALID,True,True,True,True,QUERY,False,True,MATCH,1172.0,0.001766
qingye-04-1-r0/p/a/2,qingye,supersession,先查我的借用记录，算了，记录不要了，只查投影仪当前库存,deepseek,False,SUCCESS,True,STRUCTURE_VALID,True,True,True,True,QUERY,False,True,MATCH,719.0,0.001766
qingye-04-1-r0/p/a/3,qingye,supersession,先查我的借用记录，算了，记录不要了，只查投影仪当前库存,deepseek,False,SUCCESS,True,STRUCTURE_VALID,True,True,True,True,QUERY,False,True,MATCH,906.0,0.001766
qingye-09-1-r1/p/b/0,qingye,ambiguous_reference,那个器材的库存帮我查一下，我没有说具体是哪件,qwen,True,SUCCESS,True,STRUCTURE_VALID,True,True,True,True,CLARIFY,False,True,MATCH,1015.0,0.0006488
qingye-09-1-r1/p/b/1,qingye,ambiguous_reference,那个器材的库存帮我查一下，我没有说具体是哪件,qwen,False,SUCCESS,True,STRUCTURE_VALID,True,True,True,True,CLARIFY,False,True,MATCH,1047.0,0.0006488
qingye-09-1-r1/p/b/2,qingye,ambiguous_reference,那个器材的库存帮我查一下，我没有说具体是哪件,qwen,False,SUCCESS,True,STRUCTURE_VALID,True,True,True,True,CLARIFY,False,True,MATCH,1000.0,0.0006488
qingye-09-1-r1/p/b/3,qingye,ambiguous_reference,那个器材的库存帮我查一下，我没有说具体是哪件,qwen,False,SUCCESS,True,STRUCTURE_VALID,True,True,True,True,CLARIFY,False,True,MATCH,1016.0,0.0006488
qingye-09-1-r1/p/a/0,qingye,ambiguous_reference,那个器材的库存帮我查一下，我没有说具体是哪件,deepseek,True,SUCCESS,True,STRUCTURE_VALID,True,True,True,True,CLARIFY,False,True,MATCH,782.0,0.001756
qingye-09-1-r1/p/a/1,qingye,ambiguous_reference,那个器材的库存帮我查一下，我没有说具体是哪件,deepseek,False,SUCCESS,True,STRUCTURE_VALID,True,True,True,True,CLARIFY,False,True,MATCH,953.0,0.001756
qingye-09-1-r1/p/a/2,qingye,ambiguous_reference,那个器材的库存帮我查一下，我没有说具体是哪件,deepseek,False,SUCCESS,True,STRUCTURE_VALID,True,True,True,True,CLARIFY,False,True,MATCH,687.0,0.001756
qingye-09-1-r1/p/a/3,qingye,ambiguous_reference,那个器材的库存帮我查一下，我没有说具体是哪件,deepseek,False,SUCCESS,True,STRUCTURE_VALID,True,True,True,True,CLARIFY,False,True,MATCH,875.0,0.001756
library-11-1-r2/p/b/0,library,time_option,请看看我未来三天内未归还且到期的借阅,qwen,True,SUCCESS,True,STRUCTURE_VALID,True,True,True,True,CONFIRM_SCOPE,True,True,MATCH,1812.0,0.000808
library-11-1-r2/p/b/1,library,time_option,请看看我未来三天内未归还且到期的借阅,qwen,False,SUCCESS,True,STRUCTURE_VALID,True,True,True,True,CONFIRM_SCOPE,True,True,MATCH,1766.0,0.000808
library-11-1-r2/p/b/2,library,time_option,请看看我未来三天内未归还且到期的借阅,qwen,False,SUCCESS,True,STRUCTURE_VALID,True,True,True,True,CONFIRM_SCOPE,True,True,MATCH,1766.0,0.000808
library-11-1-r2/p/b/3,library,time_option,请看看我未来三天内未归还且到期的借阅,qwen,False,SUCCESS,True,STRUCTURE_VALID,True,True,True,True,CONFIRM_SCOPE,True,True,MATCH,1797.0,0.000808
library-11-1-r2/p/a/0,library,time_option,请看看我未来三天内未归还且到期的借阅,deepseek,True,SUCCESS,True,STRUCTURE_VALID,True,True,True,True,CONFIRM_SCOPE,True,True,MATCH,766.0,0.002228
library-11-1-r2/p/a/1,library,time_option,请看看我未来三天内未归还且到期的借阅,deepseek,False,SUCCESS,True,STRUCTURE_VALID,True,True,True,True,CONFIRM_SCOPE,True,True,MATCH,813.0,0.002228
library-11-1-r2/p/a/2,library,time_option,请看看我未来三天内未归还且到期的借阅,deepseek,False,SUCCESS,True,STRUCTURE_VALID,True,True,True,True,CONFIRM_SCOPE,True,True,MATCH,657.0,0.002228
library-11-1-r2/p/a/3,library,time_option,请看看我未来三天内未归还且到期的借阅,deepseek,False,SUCCESS,True,STRUCTURE_VALID,True,True,True,True,CONFIRM_SCOPE,True,True,MATCH,1047.0,0.002228
qingye-06-1-r1/p/a/0,qingye,unsupported_date,请只查我今天借用的器材记录,deepseek,True,SUCCESS,True,STRUCTURE_VALID,False,False,True,True,CONFIRM_SCOPE,True,True,SEMANTIC,422.0,0.001738
qingye-06-1-r1/p/a/1,qingye,unsupported_date,请只查我今天借用的器材记录,deepseek,False,SUCCESS,True,STRUCTURE_VALID,False,False,True,True,CONFIRM_SCOPE,True,True,SEMANTIC,969.0,0.001738
qingye-06-1-r1/p/a/2,qingye,unsupported_date,请只查我今天借用的器材记录,deepseek,False,SUCCESS,True,STRUCTURE_VALID,False,False,True,True,CONFIRM_SCOPE,True,True,SEMANTIC,625.0,0.001738
qingye-06-1-r1/p/a/3,qingye,unsupported_date,请只查我今天借用的器材记录,deepseek,False,SUCCESS,True,STRUCTURE_VALID,False,False,True,True,CONFIRM_SCOPE,True,True,SEMANTIC,859.0,0.001738
qingye-06-1-r1/p/b/0,qingye,unsupported_date,请只查我今天借用的器材记录,qwen,True,SUCCESS,True,STRUCTURE_VALID,False,False,True,False,CLARIFY,False,True,SEMANTIC,1031.0,0.0006448000000000001
qingye-06-1-r1/p/b/1,qingye,unsupported_date,请只查我今天借用的器材记录,qwen,False,SUCCESS,True,STRUCTURE_VALID,False,False,True,False,CLARIFY,False,True,SEMANTIC,1063.0,0.0006448000000000001
qingye-06-1-r1/p/b/2,qingye,unsupported_date,请只查我今天借用的器材记录,qwen,False,SUCCESS,True,STRUCTURE_VALID,False,False,True,False,CLARIFY,False,True,SEMANTIC,1015.0,0.0006448000000000001
qingye-06-1-r1/p/b/3,qingye,unsupported_date,请只查我今天借用的器材记录,qwen,False,SUCCESS,True,STRUCTURE_VALID,False,False,True,False,CLARIFY,False,True,SEMANTIC,1031.0,0.0006448000000000001
library-05-2-r2/p/a/0,library,multiple,馆藏位置和我个人反馈都查一下,deepseek,True,SUCCESS,True,STRUCTURE_VALID,True,True,True,True,CLARIFY,False,True,MATCH,657.0,0.002204
library-05-2-r2/p/a/1,library,multiple,馆藏位置和我个人反馈都查一下,deepseek,False,SUCCESS,True,STRUCTURE_VALID,True,True,True,True,CLARIFY,False,True,MATCH,797.0,0.002204
library-05-2-r2/p/a/2,library,multiple,馆藏位置和我个人反馈都查一下,deepseek,False,SUCCESS,True,STRUCTURE_VALID,True,True,True,True,CLARIFY,False,True,MATCH,735.0,0.002204
library-05-2-r2/p/a/3,library,multiple,馆藏位置和我个人反馈都查一下,deepseek,False,SUCCESS,True,STRUCTURE_VALID,True,True,True,True,CLARIFY,False,True,MATCH,609.0,0.002204
library-05-2-r2/p/b/0,library,multiple,馆藏位置和我个人反馈都查一下,qwen,True,SUCCESS,True,STRUCTURE_VALID,False,False,True,False,REJECT,False,True,SEMANTIC,1796.0,0.000806
library-05-2-r2/p/b/1,library,multiple,馆藏位置和我个人反馈都查一下,qwen,False,SUCCESS,True,STRUCTURE_VALID,False,False,True,False,REJECT,False,True,SEMANTIC,1797.0,0.000806
library-05-2-r2/p/b/2,library,multiple,馆藏位置和我个人反馈都查一下,qwen,False,SUCCESS,True,STRUCTURE_VALID,False,False,True,False,REJECT,False,True,SEMANTIC,1766.0,0.000806
library-05-2-r2/p/b/3,library,multiple,馆藏位置和我个人反馈都查一下,qwen,False,SUCCESS,True,STRUCTURE_VALID,False,False,True,False,REJECT,False,True,SEMANTIC,1844.0,0.000806
qingye-12-2-r0/p/b/0,qingye,business_noise,摄像机和相机借过又还了，这些是背景；现在唯一要查的是手机库存,qwen,True,SUCCESS,True,STRUCTURE_VALID,True,True,True,True,QUERY,False,True,MATCH,937.0,0.0006504
qingye-12-2-r0/p/b/1,qingye,business_noise,摄像机和相机借过又还了，这些是背景；现在唯一要查的是手机库存,qwen,False,SUCCESS,True,STRUCTURE_VALID,True,True,True,True,QUERY,False,True,MATCH,1031.0,0.0006504
qingye-12-2-r0/p/b/2,qingye,business_noise,摄像机和相机借过又还了，这些是背景；现在唯一要查的是手机库存,qwen,False,SUCCESS,True,STRUCTURE_VALID,True,True,True,True,QUERY,False,True,MATCH,922.0,0.0006504
qingye-12-2-r0/p/b/3,qingye,business_noise,摄像机和相机借过又还了，这些是背景；现在唯一要查的是手机库存,qwen,False,SUCCESS,True,STRUCTURE_VALID,True,True,True,True,QUERY,False,True,MATCH,985.0,0.0006504
qingye-12-2-r0/p/a/0,qingye,business_noise,摄像机和相机借过又还了，这些是背景；现在唯一要查的是手机库存,deepseek,True,SUCCESS,True,STRUCTURE_VALID,True,True,True,True,QUERY,False,True,MATCH,562.0,0.001762
qingye-12-2-r0/p/a/1,qingye,business_noise,摄像机和相机借过又还了，这些是背景；现在唯一要查的是手机库存,deepseek,False,SUCCESS,True,STRUCTURE_VALID,True,True,True,True,QUERY,False,True,MATCH,1015.0,0.001762
qingye-12-2-r0/p/a/2,qingye,business_noise,摄像机和相机借过又还了，这些是背景；现在唯一要查的是手机库存,deepseek,False,SUCCESS,True,STRUCTURE_VALID,True,True,True,True,QUERY,False,True,MATCH,844.0,0.001762
qingye-12-2-r0/p/a/3,qingye,business_noise,摄像机和相机借过又还了，这些是背景；现在唯一要查的是手机库存,deepseek,False,SUCCESS,True,STRUCTURE_VALID,True,True,True,True,QUERY,False,True,MATCH,454.0,0.001762
qingye-10-1-r1/p/a/0,qingye,greeting,hello你好，你能帮我做什么？顺便帮我查相机当前库存,deepseek,True,SUCCESS,True,STRUCTURE_VALID,True,True,True,True,QUERY,False,True,MATCH,953.0,0.001748
qingye-10-1-r1/p/a/1,qingye,greeting,hello你好，你能帮我做什么？顺便帮我查相机当前库存,deepseek,False,SUCCESS,True,STRUCTURE_VALID,True,True,True,True,QUERY,False,True,MATCH,781.0,0.001748
qingye-10-1-r1/p/a/2,qingye,greeting,hello你好，你能帮我做什么？顺便帮我查相机当前库存,deepseek,False,SUCCESS,True,STRUCTURE_VALID,True,True,True,True,QUERY,False,True,MATCH,719.0,0.001748
qingye-10-1-r1/p/a/3,qingye,greeting,hello你好，你能帮我做什么？顺便帮我查相机当前库存,deepseek,False,SUCCESS,True,STRUCTURE_VALID,True,True,True,True,QUERY,False,True,MATCH,797.0,0.001748
qingye-10-1-r1/p/b/0,qingye,greeting,hello你好，你能帮我做什么？顺便帮我查相机当前库存,qwen,True,SUCCESS,True,STRUCTURE_VALID,True,True,True,True,QUERY,False,True,MATCH,953.0,0.000644
qingye-10-1-r1/p/b/1,qingye,greeting,hello你好，你能帮我做什么？顺便帮我查相机当前库存,qwen,False,SUCCESS,True,STRUCTURE_VALID,True,True,True,True,QUERY,False,True,MATCH,1000.0,0.000644
qingye-10-1-r1/p/b/2,qingye,greeting,hello你好，你能帮我做什么？顺便帮我查相机当前库存,qwen,False,SUCCESS,True,STRUCTURE_VALID,True,True,True,True,QUERY,False,True,MATCH,953.0,0.000644
qingye-10-1-r1/p/b/3,qingye,greeting,hello你好，你能帮我做什么？顺便帮我查相机当前库存,qwen,False,SUCCESS,True,STRUCTURE_VALID,True,True,True,True,QUERY,False,True,MATCH,953.0,0.000644
library-07-1-r1/p/a/0,library,personal_scope,请帮我查看当前账号所有借阅记录,deepseek,True,SUCCESS,True,STRUCTURE_VALID,True,True,True,True,CONFIRM_SCOPE,True,True,MATCH,907.0,0.00218
library-07-1-r1/p/a/1,library,personal_scope,请帮我查看当前账号所有借阅记录,deepseek,False,SUCCESS,True,STRUCTURE_VALID,True,True,True,True,CONFIRM_SCOPE,True,True,MATCH,766.0,0.00218
library-07-1-r1/p/a/2,library,personal_scope,请帮我查看当前账号所有借阅记录,deepseek,False,SUCCESS,True,STRUCTURE_VALID,True,True,True,True,CONFIRM_SCOPE,True,True,MATCH,922.0,0.00218
library-07-1-r1/p/a/3,library,personal_scope,请帮我查看当前账号所有借阅记录,deepseek,False,SUCCESS,True,STRUCTURE_VALID,True,True,True,True,CONFIRM_SCOPE,True,True,MATCH,688.0,0.00218
library-07-1-r1/p/b/0,library,personal_scope,请帮我查看当前账号所有借阅记录,qwen,True,SUCCESS,True,STRUCTURE_VALID,True,True,True,True,CONFIRM_SCOPE,True,True,MATCH,1750.0,0.000796
library-07-1-r1/p/b/1,library,personal_scope,请帮我查看当前账号所有借阅记录,qwen,False,SUCCESS,True,STRUCTURE_VALID,True,True,True,True,CONFIRM_SCOPE,True,True,MATCH,1656.0,0.000796
library-07-1-r1/p/b/2,library,personal_scope,请帮我查看当前账号所有借阅记录,qwen,False,SUCCESS,True,STRUCTURE_VALID,True,True,True,True,CONFIRM_SCOPE,True,True,MATCH,1672.0,0.000796
library-07-1-r1/p/b/3,library,personal_scope,请帮我查看当前账号所有借阅记录,qwen,False,SUCCESS,True,STRUCTURE_VALID,True,True,True,True,CONFIRM_SCOPE,True,True,MATCH,1672.0,0.000796
qingye-06-2-r1/p/b/0,qingye,unsupported_date,仅看昨天我的借用记录，不要全部历史,qwen,True,SUCCESS,True,STRUCTURE_VALID,True,True,True,True,CLARIFY,False,True,MATCH,1063.0,0.0006456
qingye-06-2-r1/p/b/1,qingye,unsupported_date,仅看昨天我的借用记录，不要全部历史,qwen,False,SUCCESS,True,STRUCTURE_VALID,True,True,True,True,CLARIFY,False,True,MATCH,1047.0,0.0006456
qingye-06-2-r1/p/b/2,qingye,unsupported_date,仅看昨天我的借用记录，不要全部历史,qwen,False,SUCCESS,True,STRUCTURE_VALID,True,True,True,True,CLARIFY,False,True,MATCH,1031.0,0.0006456
qingye-06-2-r1/p/b/3,qingye,unsupported_date,仅看昨天我的借用记录，不要全部历史,qwen,False,SUCCESS,True,STRUCTURE_VALID,True,True,True,True,CLARIFY,False,True,MATCH,1171.0,0.0006456
qingye-06-2-r1/p/a/0,qingye,unsupported_date,仅看昨天我的借用记录，不要全部历史,deepseek,True,SUCCESS,True,STRUCTURE_VALID,True,True,True,True,CLARIFY,False,True,MATCH,656.0,0.001774
qingye-06-2-r1/p/a/1,qingye,unsupported_date,仅看昨天我的借用记录，不要全部历史,deepseek,False,SUCCESS,True,STRUCTURE_VALID,True,True,True,True,CLARIFY,False,True,MATCH,531.0,0.001774
qingye-06-2-r1/p/a/2,qingye,unsupported_date,仅看昨天我的借用记录，不要全部历史,deepseek,False,SUCCESS,True,STRUCTURE_VALID,True,True,True,True,CLARIFY,False,True,MATCH,578.0,0.001774
qingye-06-2-r1/p/a/3,qingye,unsupported_date,仅看昨天我的借用记录，不要全部历史,deepseek,False,SUCCESS,True,STRUCTURE_VALID,True,True,True,True,CLARIFY,False,True,MATCH,563.0,0.001774
qingye-04-2-r1/p/b/0,qingye,supersession,想查我的报名，但改主意了，只看看投影仪库存,qwen,True,SUCCESS,True,STRUCTURE_VALID,True,True,True,True,QUERY,False,True,MATCH,984.0,0.0006476
qingye-04-2-r1/p/b/1,qingye,supersession,想查我的报名，但改主意了，只看看投影仪库存,qwen,False,SUCCESS,True,STRUCTURE_VALID,True,True,True,True,QUERY,False,True,MATCH,1046.0,0.0006476
qingye-04-2-r1/p/b/2,qingye,supersession,想查我的报名，但改主意了，只看看投影仪库存,qwen,False,SUCCESS,True,STRUCTURE_VALID,True,True,True,True,QUERY,False,True,MATCH,984.0,0.0006476
qingye-04-2-r1/p/b/3,qingye,supersession,想查我的报名，但改主意了，只看看投影仪库存,qwen,False,SUCCESS,True,STRUCTURE_VALID,True,True,True,True,QUERY,False,True,MATCH,953.0,0.0006476
qingye-04-2-r1/p/a/0,qingye,supersession,想查我的报名，但改主意了，只看看投影仪库存,deepseek,True,SUCCESS,True,STRUCTURE_VALID,True,True,True,True,QUERY,False,True,MATCH,687.0,0.00176
qingye-04-2-r1/p/a/1,qingye,supersession,想查我的报名，但改主意了，只看看投影仪库存,deepseek,False,SUCCESS,True,STRUCTURE_VALID,True,True,True,True,QUERY,False,True,MATCH,672.0,0.00176
qingye-04-2-r1/p/a/2,qingye,supersession,想查我的报名，但改主意了，只看看投影仪库存,deepseek,False,SUCCESS,True,STRUCTURE_VALID,True,True,True,True,QUERY,False,True,MATCH,703.0,0.00176
qingye-04-2-r1/p/a/3,qingye,supersession,想查我的报名，但改主意了，只看看投影仪库存,deepseek,False,SUCCESS,True,STRUCTURE_VALID,True,True,True,True,QUERY,False,True,MATCH,609.0,0.00176
library-07-2-r0/p/a/0,library,personal_scope,麻烦列出我自己的全部借阅记录,deepseek,True,SUCCESS,True,STRUCTURE_VALID,True,True,True,True,CONFIRM_SCOPE,True,True,MATCH,656.0,0.002178
library-07-2-r0/p/a/1,library,personal_scope,麻烦列出我自己的全部借阅记录,deepseek,False,SUCCESS,True,STRUCTURE_VALID,True,True,True,True,CONFIRM_SCOPE,True,True,MATCH,891.0,0.002178
library-07-2-r0/p/a/2,library,personal_scope,麻烦列出我自己的全部借阅记录,deepseek,False,SUCCESS,True,STRUCTURE_VALID,True,True,True,True,CONFIRM_SCOPE,True,True,MATCH,984.0,0.002178
library-07-2-r0/p/a/3,library,personal_scope,麻烦列出我自己的全部借阅记录,deepseek,False,SUCCESS,True,STRUCTURE_VALID,True,True,True,True,CONFIRM_SCOPE,True,True,MATCH,828.0,0.002178
library-07-2-r0/p/b/0,library,personal_scope,麻烦列出我自己的全部借阅记录,qwen,True,SUCCESS,True,STRUCTURE_VALID,True,True,True,True,CONFIRM_SCOPE,True,True,MATCH,1672.0,0.0007952
library-07-2-r0/p/b/1,library,personal_scope,麻烦列出我自己的全部借阅记录,qwen,False,SUCCESS,True,STRUCTURE_VALID,True,True,True,True,CONFIRM_SCOPE,True,True,MATCH,1672.0,0.0007952
library-07-2-r0/p/b/2,library,personal_scope,麻烦列出我自己的全部借阅记录,qwen,False,SUCCESS,True,STRUCTURE_VALID,True,True,True,True,CONFIRM_SCOPE,True,True,MATCH,1703.0,0.0007952
library-07-2-r0/p/b/3,library,personal_scope,麻烦列出我自己的全部借阅记录,qwen,False,SUCCESS,True,STRUCTURE_VALID,True,True,True,True,CONFIRM_SCOPE,True,True,MATCH,1672.0,0.0007952
qingye-08-2-r2/p/a/0,qingye,capability_difference,我的相机借用，仅查询未归还的,deepseek,True,SUCCESS,True,STRUCTURE_VALID,False,False,True,True,CONFIRM_SCOPE,True,True,SEMANTIC,797.0,0.00174
qingye-08-2-r2/p/a/1,qingye,capability_difference,我的相机借用，仅查询未归还的,deepseek,False,SUCCESS,True,STRUCTURE_VALID,False,False,True,True,CONFIRM_SCOPE,True,True,SEMANTIC,875.0,0.00174
qingye-08-2-r2/p/a/2,qingye,capability_difference,我的相机借用，仅查询未归还的,deepseek,False,SUCCESS,True,STRUCTURE_VALID,False,False,True,True,CONFIRM_SCOPE,True,True,SEMANTIC,453.0,0.00174
qingye-08-2-r2/p/a/3,qingye,capability_difference,我的相机借用，仅查询未归还的,deepseek,False,SUCCESS,True,STRUCTURE_VALID,False,False,True,True,CONFIRM_SCOPE,True,True,SEMANTIC,484.0,0.00174
qingye-08-2-r2/p/b/0,qingye,capability_difference,我的相机借用，仅查询未归还的,qwen,True,SUCCESS,True,STRUCTURE_VALID,False,False,True,True,CONFIRM_SCOPE,True,True,SEMANTIC,1047.0,0.0006416
qingye-08-2-r2/p/b/1,qingye,capability_difference,我的相机借用，仅查询未归还的,qwen,False,SUCCESS,True,STRUCTURE_VALID,False,False,True,True,CONFIRM_SCOPE,True,True,SEMANTIC,937.0,0.0006416
qingye-08-2-r2/p/b/2,qingye,capability_difference,我的相机借用，仅查询未归还的,qwen,False,SUCCESS,True,STRUCTURE_VALID,False,False,True,True,CONFIRM_SCOPE,True,True,SEMANTIC,1031.0,0.0006416
qingye-08-2-r2/p/b/3,qingye,capability_difference,我的相机借用，仅查询未归还的,qwen,False,SUCCESS,True,STRUCTURE_VALID,False,False,True,True,CONFIRM_SCOPE,True,True,SEMANTIC,1047.0,0.0006416
library-03-2-r0/p/a/0,library,negation,不要查询《Java入门》，我要了解《三体》放在哪里,deepseek,True,SUCCESS,True,STRUCTURE_VALID,True,True,True,True,QUERY,False,True,MATCH,1157.0,0.00219
library-03-2-r0/p/a/1,library,negation,不要查询《Java入门》，我要了解《三体》放在哪里,deepseek,False,SUCCESS,True,STRUCTURE_VALID,True,True,True,True,QUERY,False,True,MATCH,953.0,0.00219
library-03-2-r0/p/a/2,library,negation,不要查询《Java入门》，我要了解《三体》放在哪里,deepseek,False,SUCCESS,True,STRUCTURE_VALID,True,True,True,True,QUERY,False,True,MATCH,672.0,0.00219
library-03-2-r0/p/a/3,library,negation,不要查询《Java入门》，我要了解《三体》放在哪里,deepseek,False,SUCCESS,True,STRUCTURE_VALID,True,True,True,True,QUERY,False,True,MATCH,688.0,0.00219
library-03-2-r0/p/b/0,library,negation,不要查询《Java入门》，我要了解《三体》放在哪里,qwen,True,SUCCESS,True,STRUCTURE_VALID,True,True,True,True,QUERY,False,True,MATCH,1672.0,0.0008
library-03-2-r0/p/b/1,library,negation,不要查询《Java入门》，我要了解《三体》放在哪里,qwen,False,SUCCESS,True,STRUCTURE_VALID,True,True,True,True,QUERY,False,True,MATCH,1657.0,0.0008
library-03-2-r0/p/b/2,library,negation,不要查询《Java入门》，我要了解《三体》放在哪里,qwen,False,SUCCESS,True,STRUCTURE_VALID,True,True,True,True,QUERY,False,True,MATCH,1656.0,0.0008
library-03-2-r0/p/b/3,library,negation,不要查询《Java入门》，我要了解《三体》放在哪里,qwen,False,SUCCESS,True,STRUCTURE_VALID,True,True,True,True,QUERY,False,True,MATCH,1953.0,0.0008
qingye-02-1-r1/p/a/0,qingye,history,我昨天借过相机，今天只查询投影仪的当前库存,deepseek,True,SUCCESS,True,STRUCTURE_VALID,True,True,True,True,QUERY,False,True,MATCH,797.0,0.001756
qingye-02-1-r1/p/a/1,qingye,history,我昨天借过相机，今天只查询投影仪的当前库存,deepseek,False,SUCCESS,True,STRUCTURE_VALID,True,True,True,True,QUERY,False,True,MATCH,625.0,0.001756
qingye-02-1-r1/p/a/2,qingye,history,我昨天借过相机，今天只查询投影仪的当前库存,deepseek,False,SUCCESS,True,STRUCTURE_VALID,True,True,True,True,QUERY,False,True,MATCH,422.0,0.001756
qingye-02-1-r1/p/a/3,qingye,history,我昨天借过相机，今天只查询投影仪的当前库存,deepseek,False,SUCCESS,True,STRUCTURE_VALID,True,True,True,True,QUERY,False,True,MATCH,531.0,0.001756
qingye-02-1-r1/p/b/0,qingye,history,我昨天借过相机，今天只查询投影仪的当前库存,qwen,True,SUCCESS,True,STRUCTURE_VALID,True,True,True,True,QUERY,False,True,MATCH,969.0,0.0006468000000000001
qingye-02-1-r1/p/b/1,qingye,history,我昨天借过相机，今天只查询投影仪的当前库存,qwen,False,SUCCESS,True,STRUCTURE_VALID,True,True,True,True,QUERY,False,True,MATCH,1016.0,0.0006468000000000001
qingye-02-1-r1/p/b/2,qingye,history,我昨天借过相机，今天只查询投影仪的当前库存,qwen,False,SUCCESS,True,STRUCTURE_VALID,True,True,True,True,QUERY,False,True,MATCH,1000.0,0.0006468000000000001
qingye-02-1-r1/p/b/3,qingye,history,我昨天借过相机，今天只查询投影仪的当前库存,qwen,False,SUCCESS,True,STRUCTURE_VALID,True,True,True,True,QUERY,False,True,MATCH,1079.0,0.0006468000000000001
library-04-1-r1/p/a/0,library,supersession,先查我的借阅记录，算了，不查记录，只查《三体》的位置,deepseek,True,SUCCESS,True,STRUCTURE_VALID,True,True,True,True,QUERY,False,True,MATCH,907.0,0.002202
library-04-1-r1/p/a/1,library,supersession,先查我的借阅记录，算了，不查记录，只查《三体》的位置,deepseek,False,SUCCESS,True,STRUCTURE_VALID,True,True,True,True,QUERY,False,True,MATCH,781.0,0.002202
library-04-1-r1/p/a/2,library,supersession,先查我的借阅记录，算了，不查记录，只查《三体》的位置,deepseek,False,SUCCESS,True,STRUCTURE_VALID,True,True,True,True,QUERY,False,True,MATCH,735.0,0.002202
library-04-1-r1/p/a/3,library,supersession,先查我的借阅记录，算了，不查记录，只查《三体》的位置,deepseek,False,SUCCESS,True,STRUCTURE_VALID,True,True,True,True,QUERY,False,True,MATCH,1063.0,0.002202
library-04-1-r1/p/b/0,library,supersession,先查我的借阅记录，算了，不查记录，只查《三体》的位置,qwen,True,SUCCESS,True,STRUCTURE_VALID,True,True,True,True,QUERY,False,True,MATCH,1656.0,0.0008048
library-04-1-r1/p/b/1,library,supersession,先查我的借阅记录，算了，不查记录，只查《三体》的位置,qwen,False,SUCCESS,True,STRUCTURE_VALID,True,True,True,True,QUERY,False,True,MATCH,1719.0,0.0008048
library-04-1-r1/p/b/2,library,supersession,先查我的借阅记录，算了，不查记录，只查《三体》的位置,qwen,False,SUCCESS,True,STRUCTURE_VALID,True,True,True,True,QUERY,False,True,MATCH,1703.0,0.0008048
library-04-1-r1/p/b/3,library,supersession,先查我的借阅记录，算了，不查记录，只查《三体》的位置,qwen,False,SUCCESS,True,STRUCTURE_VALID,True,True,True,True,QUERY,False,True,MATCH,1687.0,0.0008048
library-07-2-r2/p/a/0,library,personal_scope,麻烦列出我自己的全部借阅记录,deepseek,True,SUCCESS,True,STRUCTURE_VALID,True,True,True,True,CONFIRM_SCOPE,True,True,MATCH,1312.0,0.002178
library-07-2-r2/p/a/1,library,personal_scope,麻烦列出我自己的全部借阅记录,deepseek,False,SUCCESS,True,STRUCTURE_VALID,True,True,True,True,CONFIRM_SCOPE,True,True,MATCH,812.0,0.002178
library-07-2-r2/p/a/2,library,personal_scope,麻烦列出我自己的全部借阅记录,deepseek,False,SUCCESS,True,STRUCTURE_VALID,True,True,True,True,CONFIRM_SCOPE,True,True,MATCH,969.0,0.002178
library-07-2-r2/p/a/3,library,personal_scope,麻烦列出我自己的全部借阅记录,deepseek,False,SUCCESS,True,STRUCTURE_VALID,True,True,True,True,CONFIRM_SCOPE,True,True,MATCH,657.0,0.002178
library-07-2-r2/p/b/0,library,personal_scope,麻烦列出我自己的全部借阅记录,qwen,True,SUCCESS,True,STRUCTURE_VALID,True,True,True,True,CONFIRM_SCOPE,True,True,MATCH,1719.0,0.0007952
library-07-2-r2/p/b/1,library,personal_scope,麻烦列出我自己的全部借阅记录,qwen,False,SUCCESS,True,STRUCTURE_VALID,True,True,True,True,CONFIRM_SCOPE,True,True,MATCH,1797.0,0.0007952
library-07-2-r2/p/b/2,library,personal_scope,麻烦列出我自己的全部借阅记录,qwen,False,SUCCESS,True,STRUCTURE_VALID,True,True,True,True,CONFIRM_SCOPE,True,True,MATCH,1657.0,0.0007952
library-07-2-r2/p/b/3,library,personal_scope,麻烦列出我自己的全部借阅记录,qwen,False,SUCCESS,True,STRUCTURE_VALID,True,True,True,True,CONFIRM_SCOPE,True,True,MATCH,1656.0,0.0007952
library-03-1-r2/p/b/0,library,negation,《Java入门》不用查，请只看《三体》的位置,qwen,True,SUCCESS,True,STRUCTURE_VALID,True,True,True,True,QUERY,False,True,MATCH,1688.0,0.0008
library-03-1-r2/p/b/1,library,negation,《Java入门》不用查，请只看《三体》的位置,qwen,False,SUCCESS,True,STRUCTURE_VALID,True,True,True,True,QUERY,False,True,MATCH,1672.0,0.0008
library-03-1-r2/p/b/2,library,negation,《Java入门》不用查，请只看《三体》的位置,qwen,False,SUCCESS,True,STRUCTURE_VALID,True,True,True,True,QUERY,False,True,MATCH,1641.0,0.0008
library-03-1-r2/p/b/3,library,negation,《Java入门》不用查，请只看《三体》的位置,qwen,False,SUCCESS,True,STRUCTURE_VALID,True,True,True,True,QUERY,False,True,MATCH,1672.0,0.0008
library-03-1-r2/p/a/0,library,negation,《Java入门》不用查，请只看《三体》的位置,deepseek,True,SUCCESS,True,STRUCTURE_VALID,True,True,True,True,QUERY,False,True,MATCH,890.0,0.00219
library-03-1-r2/p/a/1,library,negation,《Java入门》不用查，请只看《三体》的位置,deepseek,False,SUCCESS,True,STRUCTURE_VALID,True,True,True,True,QUERY,False,True,MATCH,688.0,0.00219
library-03-1-r2/p/a/2,library,negation,《Java入门》不用查，请只看《三体》的位置,deepseek,False,SUCCESS,True,STRUCTURE_VALID,True,True,True,True,QUERY,False,True,MATCH,860.0,0.00219
library-03-1-r2/p/a/3,library,negation,《Java入门》不用查，请只看《三体》的位置,deepseek,False,SUCCESS,True,STRUCTURE_VALID,True,True,True,True,QUERY,False,True,MATCH,969.0,0.00219
library-12-1-r0/p/a/0,library,business_noise,借阅、还书、书架都讨论过了，我本次唯一请求是看《三体》在哪里,deepseek,True,SUCCESS,True,STRUCTURE_VALID,True,True,True,True,QUERY,False,True,MATCH,781.0,0.002206
library-12-1-r0/p/a/1,library,business_noise,借阅、还书、书架都讨论过了，我本次唯一请求是看《三体》在哪里,deepseek,False,SUCCESS,True,STRUCTURE_VALID,True,True,True,True,QUERY,False,True,MATCH,1000.0,0.002206
library-12-1-r0/p/a/2,library,business_noise,借阅、还书、书架都讨论过了，我本次唯一请求是看《三体》在哪里,deepseek,False,SUCCESS,True,STRUCTURE_VALID,True,True,True,True,QUERY,False,True,MATCH,953.0,0.002206
library-12-1-r0/p/a/3,library,business_noise,借阅、还书、书架都讨论过了，我本次唯一请求是看《三体》在哪里,deepseek,False,SUCCESS,True,STRUCTURE_VALID,True,True,True,True,QUERY,False,True,MATCH,1000.0,0.002206
library-12-1-r0/p/b/0,library,business_noise,借阅、还书、书架都讨论过了，我本次唯一请求是看《三体》在哪里,qwen,True,SUCCESS,True,STRUCTURE_VALID,True,True,True,True,QUERY,False,True,MATCH,1734.0,0.0008072
library-12-1-r0/p/b/1,library,business_noise,借阅、还书、书架都讨论过了，我本次唯一请求是看《三体》在哪里,qwen,False,SUCCESS,True,STRUCTURE_VALID,True,True,True,True,QUERY,False,True,MATCH,1656.0,0.0008072
library-12-1-r0/p/b/2,library,business_noise,借阅、还书、书架都讨论过了，我本次唯一请求是看《三体》在哪里,qwen,False,SUCCESS,True,STRUCTURE_VALID,True,True,True,True,QUERY,False,True,MATCH,1640.0,0.0008072
library-12-1-r0/p/b/3,library,business_noise,借阅、还书、书架都讨论过了，我本次唯一请求是看《三体》在哪里,qwen,False,SUCCESS,True,STRUCTURE_VALID,True,True,True,True,QUERY,False,True,MATCH,1718.0,0.0008072
library-06-2-r2/p/b/0,library,unsupported_date,仅看昨天我的借阅记录，不要全部历史,qwen,True,SUCCESS,True,STRUCTURE_VALID,False,False,True,False,REJECT,False,True,SEMANTIC,1859.0,0.0008096000000000001
library-06-2-r2/p/b/1,library,unsupported_date,仅看昨天我的借阅记录，不要全部历史,qwen,False,SUCCESS,True,STRUCTURE_VALID,False,False,True,False,REJECT,False,True,SEMANTIC,1813.0,0.0008096000000000001
library-06-2-r2/p/b/2,library,unsupported_date,仅看昨天我的借阅记录，不要全部历史,qwen,False,SUCCESS,True,STRUCTURE_VALID,False,False,True,False,REJECT,False,True,SEMANTIC,1797.0,0.0008096000000000001
library-06-2-r2/p/b/3,library,unsupported_date,仅看昨天我的借阅记录，不要全部历史,qwen,False,SUCCESS,True,STRUCTURE_VALID,False,False,True,False,REJECT,False,True,SEMANTIC,1781.0,0.0008096000000000001
library-06-2-r2/p/a/0,library,unsupported_date,仅看昨天我的借阅记录，不要全部历史,deepseek,True,SUCCESS,True,STRUCTURE_VALID,True,True,True,True,CLARIFY,False,True,MATCH,938.0,0.002208
library-06-2-r2/p/a/1,library,unsupported_date,仅看昨天我的借阅记录，不要全部历史,deepseek,False,SUCCESS,True,STRUCTURE_VALID,True,True,True,True,CLARIFY,False,True,MATCH,922.0,0.002208
library-06-2-r2/p/a/2,library,unsupported_date,仅看昨天我的借阅记录，不要全部历史,deepseek,False,SUCCESS,True,STRUCTURE_VALID,True,True,True,True,CLARIFY,False,True,MATCH,922.0,0.002208
library-06-2-r2/p/a/3,library,unsupported_date,仅看昨天我的借阅记录，不要全部历史,deepseek,False,SUCCESS,True,STRUCTURE_VALID,True,True,True,True,CLARIFY,False,True,MATCH,828.0,0.002208
library-06-2-r1/p/b/0,library,unsupported_date,仅看昨天我的借阅记录，不要全部历史,qwen,True,SUCCESS,True,STRUCTURE_VALID,False,False,True,False,REJECT,False,True,SEMANTIC,1797.0,0.0008096000000000001
library-06-2-r1/p/b/1,library,unsupported_date,仅看昨天我的借阅记录，不要全部历史,qwen,False,SUCCESS,True,STRUCTURE_VALID,False,False,True,False,REJECT,False,True,SEMANTIC,1797.0,0.0008096000000000001
library-06-2-r1/p/b/2,library,unsupported_date,仅看昨天我的借阅记录，不要全部历史,qwen,False,SUCCESS,True,STRUCTURE_VALID,False,False,True,False,REJECT,False,True,SEMANTIC,1813.0,0.0008096000000000001
library-06-2-r1/p/b/3,library,unsupported_date,仅看昨天我的借阅记录，不要全部历史,qwen,False,SUCCESS,True,STRUCTURE_VALID,False,False,True,False,REJECT,False,True,SEMANTIC,1859.0,0.0008096000000000001
library-06-2-r1/p/a/0,library,unsupported_date,仅看昨天我的借阅记录，不要全部历史,deepseek,True,SUCCESS,True,STRUCTURE_VALID,True,True,True,True,CLARIFY,False,True,MATCH,1109.0,0.002208
library-06-2-r1/p/a/1,library,unsupported_date,仅看昨天我的借阅记录，不要全部历史,deepseek,False,SUCCESS,True,STRUCTURE_VALID,True,True,True,True,CLARIFY,False,True,MATCH,796.0,0.002208
library-06-2-r1/p/a/2,library,unsupported_date,仅看昨天我的借阅记录，不要全部历史,deepseek,False,SUCCESS,True,STRUCTURE_VALID,True,True,True,True,CLARIFY,False,True,MATCH,969.0,0.002208
library-06-2-r1/p/a/3,library,unsupported_date,仅看昨天我的借阅记录，不要全部历史,deepseek,False,SUCCESS,True,STRUCTURE_VALID,True,True,True,True,CLARIFY,False,True,MATCH,813.0,0.002208
library-11-2-r0/p/b/0,library,time_option,我要了解我未来三天需要还的图书,qwen,True,SUCCESS,True,STRUCTURE_VALID,True,True,True,True,CONFIRM_SCOPE,True,True,MATCH,1844.0,0.000804
library-11-2-r0/p/b/1,library,time_option,我要了解我未来三天需要还的图书,qwen,False,SUCCESS,True,STRUCTURE_VALID,True,True,True,True,CONFIRM_SCOPE,True,True,MATCH,1750.0,0.000804
library-11-2-r0/p/b/2,library,time_option,我要了解我未来三天需要还的图书,qwen,False,SUCCESS,True,STRUCTURE_VALID,True,True,True,True,CONFIRM_SCOPE,True,True,MATCH,1750.0,0.000804
library-11-2-r0/p/b/3,library,time_option,我要了解我未来三天需要还的图书,qwen,False,SUCCESS,True,STRUCTURE_VALID,True,True,True,True,CONFIRM_SCOPE,True,True,MATCH,1906.0,0.000804
library-11-2-r0/p/a/0,library,time_option,我要了解我未来三天需要还的图书,deepseek,True,SUCCESS,True,STRUCTURE_VALID,True,True,True,True,CONFIRM_SCOPE,True,True,MATCH,531.0,0.00222
library-11-2-r0/p/a/1,library,time_option,我要了解我未来三天需要还的图书,deepseek,False,SUCCESS,True,STRUCTURE_VALID,True,True,True,True,CONFIRM_SCOPE,True,True,MATCH,688.0,0.00222
library-11-2-r0/p/a/2,library,time_option,我要了解我未来三天需要还的图书,deepseek,False,SUCCESS,True,STRUCTURE_VALID,True,True,True,True,CONFIRM_SCOPE,True,True,MATCH,797.0,0.00222
library-11-2-r0/p/a/3,library,time_option,我要了解我未来三天需要还的图书,deepseek,False,SUCCESS,True,STRUCTURE_VALID,True,True,True,True,CONFIRM_SCOPE,True,True,MATCH,891.0,0.00222
library-12-2-r1/p/b/0,library,business_noise,《Java入门》借过又还了，这是背景；现在唯一要查的是《三体》的馆藏位置,qwen,True,SUCCESS,True,STRUCTURE_VALID,True,True,True,True,QUERY,False,True,MATCH,1719.0,0.0008096000000000001
library-12-2-r1/p/b/1,library,business_noise,《Java入门》借过又还了，这是背景；现在唯一要查的是《三体》的馆藏位置,qwen,False,SUCCESS,True,STRUCTURE_VALID,True,True,True,True,QUERY,False,True,MATCH,1656.0,0.0008096000000000001
library-12-2-r1/p/b/2,library,business_noise,《Java入门》借过又还了，这是背景；现在唯一要查的是《三体》的馆藏位置,qwen,False,SUCCESS,True,STRUCTURE_VALID,True,True,True,True,QUERY,False,True,MATCH,1687.0,0.0008096000000000001
library-12-2-r1/p/b/3,library,business_noise,《Java入门》借过又还了，这是背景；现在唯一要查的是《三体》的馆藏位置,qwen,False,SUCCESS,True,STRUCTURE_VALID,True,True,True,True,QUERY,False,True,MATCH,1703.0,0.0008096000000000001
library-12-2-r1/p/a/0,library,business_noise,《Java入门》借过又还了，这是背景；现在唯一要查的是《三体》的馆藏位置,deepseek,True,SUCCESS,True,STRUCTURE_VALID,True,True,True,True,QUERY,False,True,MATCH,891.0,0.002214
library-12-2-r1/p/a/1,library,business_noise,《Java入门》借过又还了，这是背景；现在唯一要查的是《三体》的馆藏位置,deepseek,False,SUCCESS,True,STRUCTURE_VALID,True,True,True,True,QUERY,False,True,MATCH,750.0,0.002214
library-12-2-r1/p/a/2,library,business_noise,《Java入门》借过又还了，这是背景；现在唯一要查的是《三体》的馆藏位置,deepseek,False,SUCCESS,True,STRUCTURE_VALID,True,True,True,True,QUERY,False,True,MATCH,735.0,0.002214
library-12-2-r1/p/a/3,library,business_noise,《Java入门》借过又还了，这是背景；现在唯一要查的是《三体》的馆藏位置,deepseek,False,SUCCESS,True,STRUCTURE_VALID,True,True,True,True,QUERY,False,True,MATCH,938.0,0.002214
library-09-2-r1/p/a/0,library,ambiguous_reference,帮我查那个图书的位置，没有说是哪一本,deepseek,True,SUCCESS,True,STRUCTURE_VALID,True,True,True,True,CLARIFY,False,True,MATCH,906.0,0.002182
library-09-2-r1/p/a/1,library,ambiguous_reference,帮我查那个图书的位置，没有说是哪一本,deepseek,False,SUCCESS,True,STRUCTURE_VALID,True,True,True,True,CLARIFY,False,True,MATCH,640.0,0.002182
library-09-2-r1/p/a/2,library,ambiguous_reference,帮我查那个图书的位置，没有说是哪一本,deepseek,False,SUCCESS,True,STRUCTURE_VALID,True,True,True,True,CLARIFY,False,True,MATCH,797.0,0.002182
library-09-2-r1/p/a/3,library,ambiguous_reference,帮我查那个图书的位置，没有说是哪一本,deepseek,False,SUCCESS,True,STRUCTURE_VALID,True,True,True,True,CLARIFY,False,True,MATCH,1156.0,0.002182
library-09-2-r1/p/b/0,library,ambiguous_reference,帮我查那个图书的位置，没有说是哪一本,qwen,True,SUCCESS,True,STRUCTURE_VALID,False,False,True,False,REJECT,False,True,SEMANTIC,1781.0,0.0008088
library-09-2-r1/p/b/1,library,ambiguous_reference,帮我查那个图书的位置，没有说是哪一本,qwen,False,SUCCESS,True,STRUCTURE_VALID,False,False,True,False,REJECT,False,True,SEMANTIC,1953.0,0.0008088
library-09-2-r1/p/b/2,library,ambiguous_reference,帮我查那个图书的位置，没有说是哪一本,qwen,False,SUCCESS,True,STRUCTURE_VALID,False,False,True,False,REJECT,False,True,SEMANTIC,1828.0,0.0008088
library-09-2-r1/p/b/3,library,ambiguous_reference,帮我查那个图书的位置，没有说是哪一本,qwen,False,SUCCESS,True,STRUCTURE_VALID,False,False,True,False,REJECT,False,True,SEMANTIC,1797.0,0.0008088
qingye-03-1-r2/p/a/0,qingye,negation,不要查相机，我要看摄像机的当前库存,deepseek,True,SUCCESS,True,STRUCTURE_VALID,True,True,True,True,QUERY,False,True,MATCH,609.0,0.001742
qingye-03-1-r2/p/a/1,qingye,negation,不要查相机，我要看摄像机的当前库存,deepseek,False,SUCCESS,True,STRUCTURE_VALID,True,True,True,True,QUERY,False,True,MATCH,875.0,0.001742
qingye-03-1-r2/p/a/2,qingye,negation,不要查相机，我要看摄像机的当前库存,deepseek,False,SUCCESS,True,STRUCTURE_VALID,True,True,True,True,QUERY,False,True,MATCH,750.0,0.001742
qingye-03-1-r2/p/a/3,qingye,negation,不要查相机，我要看摄像机的当前库存,deepseek,False,SUCCESS,True,STRUCTURE_VALID,True,True,True,True,QUERY,False,True,MATCH,703.0,0.001742
qingye-03-1-r2/p/b/0,qingye,negation,不要查相机，我要看摄像机的当前库存,qwen,True,SUCCESS,True,STRUCTURE_VALID,True,True,True,True,QUERY,False,True,MATCH,953.0,0.0006443999999999999
qingye-03-1-r2/p/b/1,qingye,negation,不要查相机，我要看摄像机的当前库存,qwen,False,SUCCESS,True,STRUCTURE_VALID,True,True,True,True,QUERY,False,True,MATCH,1000.0,0.0006443999999999999
qingye-03-1-r2/p/b/2,qingye,negation,不要查相机，我要看摄像机的当前库存,qwen,False,SUCCESS,True,STRUCTURE_VALID,True,True,True,True,QUERY,False,True,MATCH,968.0,0.0006443999999999999
qingye-03-1-r2/p/b/3,qingye,negation,不要查相机，我要看摄像机的当前库存,qwen,False,SUCCESS,True,STRUCTURE_VALID,True,True,True,True,QUERY,False,True,MATCH,1015.0,0.0006443999999999999
library-09-1-r0/p/a/0,library,ambiguous_reference,那本书放哪里，我没有提供书名,deepseek,True,SUCCESS,True,STRUCTURE_VALID,True,True,True,True,CLARIFY,False,True,MATCH,828.0,0.002178
library-09-1-r0/p/a/1,library,ambiguous_reference,那本书放哪里，我没有提供书名,deepseek,False,SUCCESS,True,STRUCTURE_VALID,True,True,True,True,CLARIFY,False,True,MATCH,750.0,0.002178
library-09-1-r0/p/a/2,library,ambiguous_reference,那本书放哪里，我没有提供书名,deepseek,False,SUCCESS,True,STRUCTURE_VALID,True,True,True,True,CLARIFY,False,True,MATCH,781.0,0.002178
library-09-1-r0/p/a/3,library,ambiguous_reference,那本书放哪里，我没有提供书名,deepseek,False,SUCCESS,True,STRUCTURE_VALID,True,True,True,True,CLARIFY,False,True,MATCH,640.0,0.002178
library-09-1-r0/p/b/0,library,ambiguous_reference,那本书放哪里，我没有提供书名,qwen,True,SUCCESS,True,STRUCTURE_VALID,False,False,True,False,REJECT,False,True,SEMANTIC,1921.0,0.000808
library-09-1-r0/p/b/1,library,ambiguous_reference,那本书放哪里，我没有提供书名,qwen,False,SUCCESS,True,STRUCTURE_VALID,False,False,True,False,REJECT,False,True,SEMANTIC,2125.0,0.000808
library-09-1-r0/p/b/2,library,ambiguous_reference,那本书放哪里，我没有提供书名,qwen,False,SUCCESS,True,STRUCTURE_VALID,False,False,True,False,REJECT,False,True,SEMANTIC,1859.0,0.000808
library-09-1-r0/p/b/3,library,ambiguous_reference,那本书放哪里，我没有提供书名,qwen,False,SUCCESS,True,STRUCTURE_VALID,False,False,True,False,REJECT,False,True,SEMANTIC,1828.0,0.000808
qingye-04-1-r2/p/b/0,qingye,supersession,先查我的借用记录，算了，记录不要了，只查投影仪当前库存,qwen,True,SUCCESS,True,STRUCTURE_VALID,True,True,True,True,QUERY,False,True,MATCH,984.0,0.00065
qingye-04-1-r2/p/b/1,qingye,supersession,先查我的借用记录，算了，记录不要了，只查投影仪当前库存,qwen,False,SUCCESS,True,STRUCTURE_VALID,True,True,True,True,QUERY,False,True,MATCH,1000.0,0.00065
qingye-04-1-r2/p/b/2,qingye,supersession,先查我的借用记录，算了，记录不要了，只查投影仪当前库存,qwen,False,SUCCESS,True,STRUCTURE_VALID,True,True,True,True,QUERY,False,True,MATCH,1000.0,0.00065
qingye-04-1-r2/p/b/3,qingye,supersession,先查我的借用记录，算了，记录不要了，只查投影仪当前库存,qwen,False,SUCCESS,True,STRUCTURE_VALID,True,True,True,True,QUERY,False,True,MATCH,1000.0,0.00065
qingye-04-1-r2/p/a/0,qingye,supersession,先查我的借用记录，算了，记录不要了，只查投影仪当前库存,deepseek,True,SUCCESS,True,STRUCTURE_VALID,True,True,True,True,QUERY,False,True,MATCH,640.0,0.001766
qingye-04-1-r2/p/a/1,qingye,supersession,先查我的借用记录，算了，记录不要了，只查投影仪当前库存,deepseek,False,SUCCESS,True,STRUCTURE_VALID,True,True,True,True,QUERY,False,True,MATCH,453.0,0.001766
qingye-04-1-r2/p/a/2,qingye,supersession,先查我的借用记录，算了，记录不要了，只查投影仪当前库存,deepseek,False,SUCCESS,True,STRUCTURE_VALID,True,True,True,True,QUERY,False,True,MATCH,922.0,0.001766
qingye-04-1-r2/p/a/3,qingye,supersession,先查我的借用记录，算了，记录不要了，只查投影仪当前库存,deepseek,False,SUCCESS,True,STRUCTURE_VALID,True,True,True,True,QUERY,False,True,MATCH,625.0,0.001766
qingye-07-1-r2/p/a/0,qingye,personal_scope,请帮我查看当前账号所有借用记录,deepseek,True,SUCCESS,True,STRUCTURE_VALID,True,True,True,True,CONFIRM_SCOPE,True,True,MATCH,875.0,0.001738
qingye-07-1-r2/p/a/1,qingye,personal_scope,请帮我查看当前账号所有借用记录,deepseek,False,SUCCESS,True,STRUCTURE_VALID,True,True,True,True,CONFIRM_SCOPE,True,True,MATCH,578.0,0.001738
qingye-07-1-r2/p/a/2,qingye,personal_scope,请帮我查看当前账号所有借用记录,deepseek,False,SUCCESS,True,STRUCTURE_VALID,True,True,True,True,CONFIRM_SCOPE,True,True,MATCH,781.0,0.001738
qingye-07-1-r2/p/a/3,qingye,personal_scope,请帮我查看当前账号所有借用记录,deepseek,False,SUCCESS,True,STRUCTURE_VALID,True,True,True,True,CONFIRM_SCOPE,True,True,MATCH,688.0,0.001738
qingye-07-1-r2/p/b/0,qingye,personal_scope,请帮我查看当前账号所有借用记录,qwen,True,SUCCESS,True,STRUCTURE_VALID,True,True,True,True,CONFIRM_SCOPE,True,True,MATCH,938.0,0.00064
qingye-07-1-r2/p/b/1,qingye,personal_scope,请帮我查看当前账号所有借用记录,qwen,False,SUCCESS,True,STRUCTURE_VALID,True,True,True,True,CONFIRM_SCOPE,True,True,MATCH,969.0,0.00064
qingye-07-1-r2/p/b/2,qingye,personal_scope,请帮我查看当前账号所有借用记录,qwen,False,SUCCESS,True,STRUCTURE_VALID,True,True,True,True,CONFIRM_SCOPE,True,True,MATCH,1094.0,0.00064
qingye-07-1-r2/p/b/3,qingye,personal_scope,请帮我查看当前账号所有借用记录,qwen,False,SUCCESS,True,STRUCTURE_VALID,True,True,True,True,CONFIRM_SCOPE,True,True,MATCH,938.0,0.00064
qingye-07-2-r1/p/a/0,qingye,personal_scope,麻烦列出我自己的全部借用记录,deepseek,True,SUCCESS,True,STRUCTURE_VALID,True,True,True,True,CONFIRM_SCOPE,True,True,MATCH,609.0,0.001736
qingye-07-2-r1/p/a/1,qingye,personal_scope,麻烦列出我自己的全部借用记录,deepseek,False,SUCCESS,True,STRUCTURE_VALID,True,True,True,True,CONFIRM_SCOPE,True,True,MATCH,781.0,0.001736
qingye-07-2-r1/p/a/2,qingye,personal_scope,麻烦列出我自己的全部借用记录,deepseek,False,SUCCESS,True,STRUCTURE_VALID,True,True,True,True,CONFIRM_SCOPE,True,True,MATCH,765.0,0.001736
qingye-07-2-r1/p/a/3,qingye,personal_scope,麻烦列出我自己的全部借用记录,deepseek,False,SUCCESS,True,STRUCTURE_VALID,True,True,True,True,CONFIRM_SCOPE,True,True,MATCH,515.0,0.001736
qingye-07-2-r1/p/b/0,qingye,personal_scope,麻烦列出我自己的全部借用记录,qwen,True,SUCCESS,True,STRUCTURE_VALID,True,True,True,True,CONFIRM_SCOPE,True,True,MATCH,1015.0,0.0006392
qingye-07-2-r1/p/b/1,qingye,personal_scope,麻烦列出我自己的全部借用记录,qwen,False,SUCCESS,True,STRUCTURE_VALID,True,True,True,True,CONFIRM_SCOPE,True,True,MATCH,937.0,0.0006392
qingye-07-2-r1/p/b/2,qingye,personal_scope,麻烦列出我自己的全部借用记录,qwen,False,SUCCESS,True,STRUCTURE_VALID,True,True,True,True,CONFIRM_SCOPE,True,True,MATCH,985.0,0.0006392
qingye-07-2-r1/p/b/3,qingye,personal_scope,麻烦列出我自己的全部借用记录,qwen,False,SUCCESS,True,STRUCTURE_VALID,True,True,True,True,CONFIRM_SCOPE,True,True,MATCH,937.0,0.0006392
library-10-1-r2/p/a/0,library,greeting,hello你好，你能帮我做什么？顺便帮我查《三体》的位置,deepseek,True,SUCCESS,True,STRUCTURE_VALID,True,True,True,True,QUERY,False,True,MATCH,547.0,0.002192
library-10-1-r2/p/a/1,library,greeting,hello你好，你能帮我做什么？顺便帮我查《三体》的位置,deepseek,False,SUCCESS,True,STRUCTURE_VALID,True,True,True,True,QUERY,False,True,MATCH,594.0,0.002192
library-10-1-r2/p/a/2,library,greeting,hello你好，你能帮我做什么？顺便帮我查《三体》的位置,deepseek,False,SUCCESS,True,STRUCTURE_VALID,True,True,True,True,QUERY,False,True,MATCH,890.0,0.002192
library-10-1-r2/p/a/3,library,greeting,hello你好，你能帮我做什么？顺便帮我查《三体》的位置,deepseek,False,SUCCESS,True,STRUCTURE_VALID,False,False,True,True,CLARIFY,False,True,SEMANTIC,750.0,0.002216
library-10-1-r2/p/b/0,library,greeting,hello你好，你能帮我做什么？顺便帮我查《三体》的位置,qwen,True,SUCCESS,True,STRUCTURE_VALID,True,True,True,True,QUERY,False,True,MATCH,1719.0,0.0008008000000000001
library-10-1-r2/p/b/1,library,greeting,hello你好，你能帮我做什么？顺便帮我查《三体》的位置,qwen,False,SUCCESS,True,STRUCTURE_VALID,True,True,True,True,QUERY,False,True,MATCH,1735.0,0.0008008000000000001
library-10-1-r2/p/b/2,library,greeting,hello你好，你能帮我做什么？顺便帮我查《三体》的位置,qwen,False,SUCCESS,True,STRUCTURE_VALID,True,True,True,True,QUERY,False,True,MATCH,1672.0,0.0008008000000000001
library-10-1-r2/p/b/3,library,greeting,hello你好，你能帮我做什么？顺便帮我查《三体》的位置,qwen,False,SUCCESS,True,STRUCTURE_VALID,True,True,True,True,QUERY,False,True,MATCH,1765.0,0.0008008000000000001
library-02-2-r1/p/a/0,library,history,昨天还了《三体》，现在想看看《Java入门》的馆藏位置,deepseek,True,SUCCESS,True,STRUCTURE_VALID,True,True,True,True,QUERY,False,True,MATCH,953.0,0.002198
library-02-2-r1/p/a/1,library,history,昨天还了《三体》，现在想看看《Java入门》的馆藏位置,deepseek,False,SUCCESS,True,STRUCTURE_VALID,True,True,True,True,QUERY,False,True,MATCH,750.0,0.002198
library-02-2-r1/p/a/2,library,history,昨天还了《三体》，现在想看看《Java入门》的馆藏位置,deepseek,False,SUCCESS,True,STRUCTURE_VALID,True,True,True,True,QUERY,False,True,MATCH,547.0,0.002198
library-02-2-r1/p/a/3,library,history,昨天还了《三体》，现在想看看《Java入门》的馆藏位置,deepseek,False,SUCCESS,True,STRUCTURE_VALID,True,True,True,True,QUERY,False,True,MATCH,719.0,0.002198
library-02-2-r1/p/b/0,library,history,昨天还了《三体》，现在想看看《Java入门》的馆藏位置,qwen,True,SUCCESS,True,STRUCTURE_VALID,True,True,True,True,QUERY,False,True,MATCH,1765.0,0.0008032
library-02-2-r1/p/b/1,library,history,昨天还了《三体》，现在想看看《Java入门》的馆藏位置,qwen,False,SUCCESS,True,STRUCTURE_VALID,True,True,True,True,QUERY,False,True,MATCH,1688.0,0.0008032
library-02-2-r1/p/b/2,library,history,昨天还了《三体》，现在想看看《Java入门》的馆藏位置,qwen,False,SUCCESS,True,STRUCTURE_VALID,True,True,True,True,QUERY,False,True,MATCH,1656.0,0.0008032
library-02-2-r1/p/b/3,library,history,昨天还了《三体》，现在想看看《Java入门》的馆藏位置,qwen,False,SUCCESS,True,STRUCTURE_VALID,True,True,True,True,QUERY,False,True,MATCH,1750.0,0.0008032
qingye-03-2-r1/p/a/0,qingye,negation,相机不用管，请只查询摄像机库存,deepseek,True,SUCCESS,True,STRUCTURE_VALID,True,True,True,True,QUERY,False,True,MATCH,1297.0,0.00174
qingye-03-2-r1/p/a/1,qingye,negation,相机不用管，请只查询摄像机库存,deepseek,False,SUCCESS,True,STRUCTURE_VALID,True,True,True,True,QUERY,False,True,MATCH,468.0,0.00174
qingye-03-2-r1/p/a/2,qingye,negation,相机不用管，请只查询摄像机库存,deepseek,False,SUCCESS,True,STRUCTURE_VALID,True,True,True,True,QUERY,False,True,MATCH,687.0,0.00174
qingye-03-2-r1/p/a/3,qingye,negation,相机不用管，请只查询摄像机库存,deepseek,False,SUCCESS,True,STRUCTURE_VALID,True,True,True,True,QUERY,False,True,MATCH,797.0,0.00174
qingye-03-2-r1/p/b/0,qingye,negation,相机不用管，请只查询摄像机库存,qwen,True,SUCCESS,True,STRUCTURE_VALID,True,True,True,True,QUERY,False,True,MATCH,1203.0,0.0006428000000000001
qingye-03-2-r1/p/b/1,qingye,negation,相机不用管，请只查询摄像机库存,qwen,False,SUCCESS,True,STRUCTURE_VALID,True,True,True,True,QUERY,False,True,MATCH,1000.0,0.0006428000000000001
qingye-03-2-r1/p/b/2,qingye,negation,相机不用管，请只查询摄像机库存,qwen,False,SUCCESS,True,STRUCTURE_VALID,True,True,True,True,QUERY,False,True,MATCH,1000.0,0.0006428000000000001
qingye-03-2-r1/p/b/3,qingye,negation,相机不用管，请只查询摄像机库存,qwen,False,SUCCESS,True,STRUCTURE_VALID,True,True,True,True,QUERY,False,True,MATCH,985.0,0.0006428000000000001
qingye-07-2-r0/p/a/0,qingye,personal_scope,麻烦列出我自己的全部借用记录,deepseek,True,SUCCESS,True,STRUCTURE_VALID,True,True,True,True,CONFIRM_SCOPE,True,True,MATCH,828.0,0.001736
qingye-07-2-r0/p/a/1,qingye,personal_scope,麻烦列出我自己的全部借用记录,deepseek,False,SUCCESS,True,STRUCTURE_VALID,True,True,True,True,CONFIRM_SCOPE,True,True,MATCH,640.0,0.001736
qingye-07-2-r0/p/a/2,qingye,personal_scope,麻烦列出我自己的全部借用记录,deepseek,False,SUCCESS,True,STRUCTURE_VALID,True,True,True,True,CONFIRM_SCOPE,True,True,MATCH,578.0,0.001736
qingye-07-2-r0/p/a/3,qingye,personal_scope,麻烦列出我自己的全部借用记录,deepseek,False,SUCCESS,True,STRUCTURE_VALID,True,True,True,True,CONFIRM_SCOPE,True,True,MATCH,875.0,0.001736
qingye-07-2-r0/p/b/0,qingye,personal_scope,麻烦列出我自己的全部借用记录,qwen,True,SUCCESS,True,STRUCTURE_VALID,True,True,True,True,CONFIRM_SCOPE,True,True,MATCH,937.0,0.0006392
qingye-07-2-r0/p/b/1,qingye,personal_scope,麻烦列出我自己的全部借用记录,qwen,False,SUCCESS,True,STRUCTURE_VALID,True,True,True,True,CONFIRM_SCOPE,True,True,MATCH,938.0,0.0006392
qingye-07-2-r0/p/b/2,qingye,personal_scope,麻烦列出我自己的全部借用记录,qwen,False,SUCCESS,True,STRUCTURE_VALID,True,True,True,True,CONFIRM_SCOPE,True,True,MATCH,1016.0,0.0006392
qingye-07-2-r0/p/b/3,qingye,personal_scope,麻烦列出我自己的全部借用记录,qwen,False,SUCCESS,True,STRUCTURE_VALID,True,True,True,True,CONFIRM_SCOPE,True,True,MATCH,1234.0,0.0006392
library-12-2-r2/p/a/0,library,business_noise,《Java入门》借过又还了，这是背景；现在唯一要查的是《三体》的馆藏位置,deepseek,True,SUCCESS,True,STRUCTURE_VALID,True,True,True,True,QUERY,False,True,MATCH,859.0,0.002214
library-12-2-r2/p/a/1,library,business_noise,《Java入门》借过又还了，这是背景；现在唯一要查的是《三体》的馆藏位置,deepseek,False,SUCCESS,True,STRUCTURE_VALID,True,True,True,True,QUERY,False,True,MATCH,625.0,0.002214
library-12-2-r2/p/a/2,library,business_noise,《Java入门》借过又还了，这是背景；现在唯一要查的是《三体》的馆藏位置,deepseek,False,SUCCESS,True,STRUCTURE_VALID,True,True,True,True,QUERY,False,True,MATCH,703.0,0.002214
library-12-2-r2/p/a/3,library,business_noise,《Java入门》借过又还了，这是背景；现在唯一要查的是《三体》的馆藏位置,deepseek,False,SUCCESS,True,STRUCTURE_VALID,True,True,True,True,QUERY,False,True,MATCH,735.0,0.002214
library-12-2-r2/p/b/0,library,business_noise,《Java入门》借过又还了，这是背景；现在唯一要查的是《三体》的馆藏位置,qwen,True,SUCCESS,True,STRUCTURE_VALID,True,True,True,True,QUERY,False,True,MATCH,1735.0,0.0008096000000000001
library-12-2-r2/p/b/1,library,business_noise,《Java入门》借过又还了，这是背景；现在唯一要查的是《三体》的馆藏位置,qwen,False,SUCCESS,True,STRUCTURE_VALID,True,True,True,True,QUERY,False,True,MATCH,1703.0,0.0008096000000000001
library-12-2-r2/p/b/2,library,business_noise,《Java入门》借过又还了，这是背景；现在唯一要查的是《三体》的馆藏位置,qwen,False,SUCCESS,True,STRUCTURE_VALID,True,True,True,True,QUERY,False,True,MATCH,1688.0,0.0008096000000000001
library-12-2-r2/p/b/3,library,business_noise,《Java入门》借过又还了，这是背景；现在唯一要查的是《三体》的馆藏位置,qwen,False,SUCCESS,True,STRUCTURE_VALID,True,True,True,True,QUERY,False,True,MATCH,1703.0,0.0008096000000000001
library-10-2-r2/p/a/0,library,greeting,你好呀，你是什么模型？我的业务请求是查《三体》在哪里,deepseek,True,SUCCESS,True,STRUCTURE_VALID,True,True,True,True,QUERY,False,True,MATCH,1016.0,0.002196
library-10-2-r2/p/a/1,library,greeting,你好呀，你是什么模型？我的业务请求是查《三体》在哪里,deepseek,False,SUCCESS,True,STRUCTURE_VALID,True,True,True,True,QUERY,False,True,MATCH,859.0,0.002196
library-10-2-r2/p/a/2,library,greeting,你好呀，你是什么模型？我的业务请求是查《三体》在哪里,deepseek,False,SUCCESS,True,STRUCTURE_VALID,True,True,True,True,QUERY,False,True,MATCH,797.0,0.002196
library-10-2-r2/p/a/3,library,greeting,你好呀，你是什么模型？我的业务请求是查《三体》在哪里,deepseek,False,SUCCESS,True,STRUCTURE_VALID,True,True,True,True,QUERY,False,True,MATCH,812.0,0.002196
library-10-2-r2/p/b/0,library,greeting,你好呀，你是什么模型？我的业务请求是查《三体》在哪里,qwen,True,SUCCESS,True,STRUCTURE_VALID,True,True,True,True,QUERY,False,True,MATCH,1672.0,0.0008024000000000001
library-10-2-r2/p/b/1,library,greeting,你好呀，你是什么模型？我的业务请求是查《三体》在哪里,qwen,False,SUCCESS,True,STRUCTURE_VALID,True,True,True,True,QUERY,False,True,MATCH,1672.0,0.0008024000000000001
library-10-2-r2/p/b/2,library,greeting,你好呀，你是什么模型？我的业务请求是查《三体》在哪里,qwen,False,SUCCESS,True,STRUCTURE_VALID,True,True,True,True,QUERY,False,True,MATCH,1703.0,0.0008024000000000001
library-10-2-r2/p/b/3,library,greeting,你好呀，你是什么模型？我的业务请求是查《三体》在哪里,qwen,False,SUCCESS,True,STRUCTURE_VALID,True,True,True,True,QUERY,False,True,MATCH,1782.0,0.0008024000000000001
library-05-2-r1/p/a/0,library,multiple,馆藏位置和我个人反馈都查一下,deepseek,True,SUCCESS,True,STRUCTURE_VALID,True,True,True,True,CLARIFY,False,True,MATCH,672.0,0.002204
library-05-2-r1/p/a/1,library,multiple,馆藏位置和我个人反馈都查一下,deepseek,False,SUCCESS,True,STRUCTURE_VALID,True,True,True,True,CLARIFY,False,True,MATCH,906.0,0.002204
library-05-2-r1/p/a/2,library,multiple,馆藏位置和我个人反馈都查一下,deepseek,False,SUCCESS,True,STRUCTURE_VALID,True,True,True,True,CLARIFY,False,True,MATCH,797.0,0.002204
library-05-2-r1/p/a/3,library,multiple,馆藏位置和我个人反馈都查一下,deepseek,False,SUCCESS,True,STRUCTURE_VALID,True,True,True,True,CLARIFY,False,True,MATCH,953.0,0.002204
library-05-2-r1/p/b/0,library,multiple,馆藏位置和我个人反馈都查一下,qwen,True,SUCCESS,True,STRUCTURE_VALID,False,False,True,False,REJECT,False,True,SEMANTIC,1954.0,0.000806
library-05-2-r1/p/b/1,library,multiple,馆藏位置和我个人反馈都查一下,qwen,False,SUCCESS,True,STRUCTURE_VALID,False,False,True,False,REJECT,False,True,SEMANTIC,1906.0,0.000806
library-05-2-r1/p/b/2,library,multiple,馆藏位置和我个人反馈都查一下,qwen,False,SUCCESS,True,STRUCTURE_VALID,False,False,True,False,REJECT,False,True,SEMANTIC,1750.0,0.000806
library-05-2-r1/p/b/3,library,multiple,馆藏位置和我个人反馈都查一下,qwen,False,SUCCESS,True,STRUCTURE_VALID,False,False,True,False,REJECT,False,True,SEMANTIC,1843.0,0.000806
library-04-2-r2/p/b/0,library,supersession,本来要看自己的反馈，改成只查《三体》放在哪里,qwen,True,SUCCESS,True,STRUCTURE_VALID,True,True,True,True,QUERY,False,True,MATCH,1781.0,0.0008
library-04-2-r2/p/b/1,library,supersession,本来要看自己的反馈，改成只查《三体》放在哪里,qwen,False,SUCCESS,True,STRUCTURE_VALID,True,True,True,True,QUERY,False,True,MATCH,1719.0,0.0008
library-04-2-r2/p/b/2,library,supersession,本来要看自己的反馈，改成只查《三体》放在哪里,qwen,False,SUCCESS,True,STRUCTURE_VALID,True,True,True,True,QUERY,False,True,MATCH,1704.0,0.0008
library-04-2-r2/p/b/3,library,supersession,本来要看自己的反馈，改成只查《三体》放在哪里,qwen,False,SUCCESS,True,STRUCTURE_VALID,True,True,True,True,QUERY,False,True,MATCH,1719.0,0.0008
library-04-2-r2/p/a/0,library,supersession,本来要看自己的反馈，改成只查《三体》放在哪里,deepseek,True,SUCCESS,True,STRUCTURE_VALID,True,True,True,True,QUERY,False,True,MATCH,906.0,0.00219
library-04-2-r2/p/a/1,library,supersession,本来要看自己的反馈，改成只查《三体》放在哪里,deepseek,False,SUCCESS,True,STRUCTURE_VALID,True,True,True,True,QUERY,False,True,MATCH,984.0,0.00219
library-04-2-r2/p/a/2,library,supersession,本来要看自己的反馈，改成只查《三体》放在哪里,deepseek,False,SUCCESS,True,STRUCTURE_VALID,True,True,True,True,QUERY,False,True,MATCH,937.0,0.00219
library-04-2-r2/p/a/3,library,supersession,本来要看自己的反馈，改成只查《三体》放在哪里,deepseek,False,SUCCESS,True,STRUCTURE_VALID,True,True,True,True,QUERY,False,True,MATCH,922.0,0.00219
qingye-02-1-r0/p/b/0,qingye,history,我昨天借过相机，今天只查询投影仪的当前库存,qwen,True,SUCCESS,True,STRUCTURE_VALID,True,True,True,True,QUERY,False,True,MATCH,984.0,0.0006468000000000001
qingye-02-1-r0/p/b/1,qingye,history,我昨天借过相机，今天只查询投影仪的当前库存,qwen,False,SUCCESS,True,STRUCTURE_VALID,True,True,True,True,QUERY,False,True,MATCH,1047.0,0.0006468000000000001
qingye-02-1-r0/p/b/2,qingye,history,我昨天借过相机，今天只查询投影仪的当前库存,qwen,False,SUCCESS,True,STRUCTURE_VALID,True,True,True,True,QUERY,False,True,MATCH,969.0,0.0006468000000000001
qingye-02-1-r0/p/b/3,qingye,history,我昨天借过相机，今天只查询投影仪的当前库存,qwen,False,SUCCESS,True,STRUCTURE_VALID,True,True,True,True,QUERY,False,True,MATCH,1063.0,0.0006468000000000001
qingye-02-1-r0/p/a/0,qingye,history,我昨天借过相机，今天只查询投影仪的当前库存,deepseek,True,SUCCESS,True,STRUCTURE_VALID,True,True,True,True,QUERY,False,True,MATCH,734.0,0.001756
qingye-02-1-r0/p/a/1,qingye,history,我昨天借过相机，今天只查询投影仪的当前库存,deepseek,False,SUCCESS,True,STRUCTURE_VALID,True,True,True,True,QUERY,False,True,MATCH,625.0,0.001756
qingye-02-1-r0/p/a/2,qingye,history,我昨天借过相机，今天只查询投影仪的当前库存,deepseek,False,SUCCESS,True,STRUCTURE_VALID,True,True,True,True,QUERY,False,True,MATCH,828.0,0.001756
qingye-02-1-r0/p/a/3,qingye,history,我昨天借过相机，今天只查询投影仪的当前库存,deepseek,False,SUCCESS,True,STRUCTURE_VALID,True,True,True,True,QUERY,False,True,MATCH,891.0,0.001756
library-05-1-r2/p/b/0,library,multiple,请同时查《三体》的位置和我的借阅，两项都需要,qwen,True,SUCCESS,True,STRUCTURE_VALID,False,False,True,False,REJECT,False,True,SEMANTIC,2094.0,0.0008108000000000001
library-05-1-r2/p/b/1,library,multiple,请同时查《三体》的位置和我的借阅，两项都需要,qwen,False,SUCCESS,True,STRUCTURE_VALID,False,False,True,False,REJECT,False,True,SEMANTIC,1875.0,0.0008108000000000001
library-05-1-r2/p/b/2,library,multiple,请同时查《三体》的位置和我的借阅，两项都需要,qwen,False,SUCCESS,True,STRUCTURE_VALID,False,False,True,False,REJECT,False,True,SEMANTIC,1954.0,0.0008108000000000001
library-05-1-r2/p/b/3,library,multiple,请同时查《三体》的位置和我的借阅，两项都需要,qwen,False,SUCCESS,True,STRUCTURE_VALID,False,False,True,False,REJECT,False,True,SEMANTIC,1813.0,0.0008108000000000001
library-05-1-r2/p/a/0,library,multiple,请同时查《三体》的位置和我的借阅，两项都需要,deepseek,True,SUCCESS,True,STRUCTURE_VALID,True,True,True,True,CLARIFY,False,True,MATCH,1016.0,0.002216
library-05-1-r2/p/a/1,library,multiple,请同时查《三体》的位置和我的借阅，两项都需要,deepseek,False,SUCCESS,True,STRUCTURE_VALID,True,True,True,True,CLARIFY,False,True,MATCH,828.0,0.002216
library-05-1-r2/p/a/2,library,multiple,请同时查《三体》的位置和我的借阅，两项都需要,deepseek,False,SUCCESS,True,STRUCTURE_VALID,True,True,True,True,CLARIFY,False,True,MATCH,922.0,0.002216
library-05-1-r2/p/a/3,library,multiple,请同时查《三体》的位置和我的借阅，两项都需要,deepseek,False,SUCCESS,True,STRUCTURE_VALID,True,True,True,True,CLARIFY,False,True,MATCH,1000.0,0.002216
library-09-1-r1/p/b/0,library,ambiguous_reference,那本书放哪里，我没有提供书名,qwen,True,SUCCESS,True,STRUCTURE_VALID,False,False,True,False,REJECT,False,True,SEMANTIC,1796.0,0.000808
library-09-1-r1/p/b/1,library,ambiguous_reference,那本书放哪里，我没有提供书名,qwen,False,SUCCESS,True,STRUCTURE_VALID,False,False,True,False,REJECT,False,True,SEMANTIC,1891.0,0.000808
library-09-1-r1/p/b/2,library,ambiguous_reference,那本书放哪里，我没有提供书名,qwen,False,SUCCESS,True,STRUCTURE_VALID,False,False,True,False,REJECT,False,True,SEMANTIC,1797.0,0.000808
library-09-1-r1/p/b/3,library,ambiguous_reference,那本书放哪里，我没有提供书名,qwen,False,SUCCESS,True,STRUCTURE_VALID,False,False,True,False,REJECT,False,True,SEMANTIC,2484.0,0.000808
library-09-1-r1/p/a/0,library,ambiguous_reference,那本书放哪里，我没有提供书名,deepseek,True,SUCCESS,True,STRUCTURE_VALID,True,True,True,True,CLARIFY,False,True,MATCH,922.0,0.002178
library-09-1-r1/p/a/1,library,ambiguous_reference,那本书放哪里，我没有提供书名,deepseek,False,SUCCESS,True,STRUCTURE_VALID,True,True,True,True,CLARIFY,False,True,MATCH,766.0,0.002178
library-09-1-r1/p/a/2,library,ambiguous_reference,那本书放哪里，我没有提供书名,deepseek,False,SUCCESS,True,STRUCTURE_VALID,True,True,True,True,CLARIFY,False,True,MATCH,906.0,0.002178
library-09-1-r1/p/a/3,library,ambiguous_reference,那本书放哪里，我没有提供书名,deepseek,False,SUCCESS,True,STRUCTURE_VALID,True,True,True,True,CLARIFY,False,True,MATCH,750.0,0.002178
library-03-2-r2/p/a/0,library,negation,不要查询《Java入门》，我要了解《三体》放在哪里,deepseek,True,SUCCESS,True,STRUCTURE_VALID,True,True,True,True,QUERY,False,True,MATCH,484.0,0.00219
library-03-2-r2/p/a/1,library,negation,不要查询《Java入门》，我要了解《三体》放在哪里,deepseek,False,SUCCESS,True,STRUCTURE_VALID,True,True,True,True,QUERY,False,True,MATCH,1110.0,0.00219
library-03-2-r2/p/a/2,library,negation,不要查询《Java入门》，我要了解《三体》放在哪里,deepseek,False,SUCCESS,True,STRUCTURE_VALID,True,True,True,True,QUERY,False,True,MATCH,1078.0,0.00219
library-03-2-r2/p/a/3,library,negation,不要查询《Java入门》，我要了解《三体》放在哪里,deepseek,False,SUCCESS,True,STRUCTURE_VALID,True,True,True,True,QUERY,False,True,MATCH,1000.0,0.00219
library-03-2-r2/p/b/0,library,negation,不要查询《Java入门》，我要了解《三体》放在哪里,qwen,True,SUCCESS,True,STRUCTURE_VALID,True,True,True,True,QUERY,False,True,MATCH,1766.0,0.0008
library-03-2-r2/p/b/1,library,negation,不要查询《Java入门》，我要了解《三体》放在哪里,qwen,False,SUCCESS,True,STRUCTURE_VALID,True,True,True,True,QUERY,False,True,MATCH,1656.0,0.0008
library-03-2-r2/p/b/2,library,negation,不要查询《Java入门》，我要了解《三体》放在哪里,qwen,False,SUCCESS,True,STRUCTURE_VALID,True,True,True,True,QUERY,False,True,MATCH,1750.0,0.0008
library-03-2-r2/p/b/3,library,negation,不要查询《Java入门》，我要了解《三体》放在哪里,qwen,False,SUCCESS,True,STRUCTURE_VALID,True,True,True,True,QUERY,False,True,MATCH,1688.0,0.0008
qingye-04-1-r1/p/b/0,qingye,supersession,先查我的借用记录，算了，记录不要了，只查投影仪当前库存,qwen,True,SUCCESS,True,STRUCTURE_VALID,True,True,True,True,QUERY,False,True,MATCH,969.0,0.00065
qingye-04-1-r1/p/b/1,qingye,supersession,先查我的借用记录，算了，记录不要了，只查投影仪当前库存,qwen,False,SUCCESS,True,STRUCTURE_VALID,True,True,True,True,QUERY,False,True,MATCH,1063.0,0.00065
qingye-04-1-r1/p/b/2,qingye,supersession,先查我的借用记录，算了，记录不要了，只查投影仪当前库存,qwen,False,SUCCESS,True,STRUCTURE_VALID,True,True,True,True,QUERY,False,True,MATCH,1094.0,0.00065
qingye-04-1-r1/p/b/3,qingye,supersession,先查我的借用记录，算了，记录不要了，只查投影仪当前库存,qwen,False,SUCCESS,True,STRUCTURE_VALID,True,True,True,True,QUERY,False,True,MATCH,1000.0,0.00065
qingye-04-1-r1/p/a/0,qingye,supersession,先查我的借用记录，算了，记录不要了，只查投影仪当前库存,deepseek,True,SUCCESS,True,STRUCTURE_VALID,True,True,True,True,QUERY,False,True,MATCH,610.0,0.001766
qingye-04-1-r1/p/a/1,qingye,supersession,先查我的借用记录，算了，记录不要了，只查投影仪当前库存,deepseek,False,SUCCESS,True,STRUCTURE_VALID,True,True,True,True,QUERY,False,True,MATCH,922.0,0.001766
qingye-04-1-r1/p/a/2,qingye,supersession,先查我的借用记录，算了，记录不要了，只查投影仪当前库存,deepseek,False,SUCCESS,True,STRUCTURE_VALID,True,True,True,True,QUERY,False,True,MATCH,688.0,0.001766
qingye-04-1-r1/p/a/3,qingye,supersession,先查我的借用记录，算了，记录不要了，只查投影仪当前库存,deepseek,False,SUCCESS,True,STRUCTURE_VALID,True,True,True,True,QUERY,False,True,MATCH,734.0,0.001766
qingye-09-1-r2/p/b/0,qingye,ambiguous_reference,那个器材的库存帮我查一下，我没有说具体是哪件,qwen,True,SUCCESS,True,STRUCTURE_VALID,True,True,True,True,CLARIFY,False,True,MATCH,1093.0,0.0006488
qingye-09-1-r2/p/b/1,qingye,ambiguous_reference,那个器材的库存帮我查一下，我没有说具体是哪件,qwen,False,SUCCESS,True,STRUCTURE_VALID,True,True,True,True,CLARIFY,False,True,MATCH,1047.0,0.0006488
qingye-09-1-r2/p/b/2,qingye,ambiguous_reference,那个器材的库存帮我查一下，我没有说具体是哪件,qwen,False,SUCCESS,True,STRUCTURE_VALID,True,True,True,True,CLARIFY,False,True,MATCH,1547.0,0.0006488
qingye-09-1-r2/p/b/3,qingye,ambiguous_reference,那个器材的库存帮我查一下，我没有说具体是哪件,qwen,False,SUCCESS,True,STRUCTURE_VALID,True,True,True,True,CLARIFY,False,True,MATCH,1094.0,0.0006488
qingye-09-1-r2/p/a/0,qingye,ambiguous_reference,那个器材的库存帮我查一下，我没有说具体是哪件,deepseek,True,SUCCESS,True,STRUCTURE_VALID,True,True,True,True,CLARIFY,False,True,MATCH,578.0,0.001756
qingye-09-1-r2/p/a/1,qingye,ambiguous_reference,那个器材的库存帮我查一下，我没有说具体是哪件,deepseek,False,SUCCESS,True,STRUCTURE_VALID,True,True,True,True,CLARIFY,False,True,MATCH,437.0,0.001756
qingye-09-1-r2/p/a/2,qingye,ambiguous_reference,那个器材的库存帮我查一下，我没有说具体是哪件,deepseek,False,SUCCESS,True,STRUCTURE_VALID,True,True,True,True,CLARIFY,False,True,MATCH,781.0,0.001756
qingye-09-1-r2/p/a/3,qingye,ambiguous_reference,那个器材的库存帮我查一下，我没有说具体是哪件,deepseek,False,SUCCESS,True,STRUCTURE_VALID,True,True,True,True,CLARIFY,False,True,MATCH,781.0,0.001756
library-01-2-r2/p/a/0,library,baseline,麻烦查询《三体》在馆内什么位置,deepseek,True,SUCCESS,True,STRUCTURE_VALID,True,True,True,True,QUERY,False,True,MATCH,796.0,0.002184
library-01-2-r2/p/a/1,library,baseline,麻烦查询《三体》在馆内什么位置,deepseek,False,SUCCESS,True,STRUCTURE_VALID,True,True,True,True,QUERY,False,True,MATCH,1031.0,0.002184
library-01-2-r2/p/a/2,library,baseline,麻烦查询《三体》在馆内什么位置,deepseek,False,SUCCESS,True,STRUCTURE_VALID,True,True,True,True,QUERY,False,True,MATCH,719.0,0.002184
library-01-2-r2/p/a/3,library,baseline,麻烦查询《三体》在馆内什么位置,deepseek,False,SUCCESS,True,STRUCTURE_VALID,True,True,True,True,QUERY,False,True,MATCH,797.0,0.002184
library-01-2-r2/p/b/0,library,baseline,麻烦查询《三体》在馆内什么位置,qwen,True,SUCCESS,True,STRUCTURE_VALID,True,True,True,True,QUERY,False,True,MATCH,1641.0,0.0007976
library-01-2-r2/p/b/1,library,baseline,麻烦查询《三体》在馆内什么位置,qwen,False,SUCCESS,True,STRUCTURE_VALID,True,True,True,True,QUERY,False,True,MATCH,1781.0,0.0007976
library-01-2-r2/p/b/2,library,baseline,麻烦查询《三体》在馆内什么位置,qwen,False,SUCCESS,True,STRUCTURE_VALID,True,True,True,True,QUERY,False,True,MATCH,1656.0,0.0007976
library-01-2-r2/p/b/3,library,baseline,麻烦查询《三体》在馆内什么位置,qwen,False,SUCCESS,True,STRUCTURE_VALID,True,True,True,True,QUERY,False,True,MATCH,1687.0,0.0007976
qingye-08-2-r1/p/a/0,qingye,capability_difference,我的相机借用，仅查询未归还的,deepseek,True,SUCCESS,True,STRUCTURE_VALID,False,False,True,True,CONFIRM_SCOPE,True,True,SEMANTIC,640.0,0.00174
qingye-08-2-r1/p/a/1,qingye,capability_difference,我的相机借用，仅查询未归还的,deepseek,False,SUCCESS,True,STRUCTURE_VALID,False,False,True,True,CONFIRM_SCOPE,True,True,SEMANTIC,531.0,0.00174
qingye-08-2-r1/p/a/2,qingye,capability_difference,我的相机借用，仅查询未归还的,deepseek,False,SUCCESS,True,STRUCTURE_VALID,False,False,True,True,CONFIRM_SCOPE,True,True,SEMANTIC,625.0,0.00174
qingye-08-2-r1/p/a/3,qingye,capability_difference,我的相机借用，仅查询未归还的,deepseek,False,SUCCESS,True,STRUCTURE_VALID,False,False,True,True,CONFIRM_SCOPE,True,True,SEMANTIC,750.0,0.00174
qingye-08-2-r1/p/b/0,qingye,capability_difference,我的相机借用，仅查询未归还的,qwen,True,SUCCESS,True,STRUCTURE_VALID,False,False,True,True,CONFIRM_SCOPE,True,True,SEMANTIC,953.0,0.0006416
qingye-08-2-r1/p/b/1,qingye,capability_difference,我的相机借用，仅查询未归还的,qwen,False,SUCCESS,True,STRUCTURE_VALID,False,False,True,True,CONFIRM_SCOPE,True,True,SEMANTIC,1032.0,0.0006416
qingye-08-2-r1/p/b/2,qingye,capability_difference,我的相机借用，仅查询未归还的,qwen,False,SUCCESS,True,STRUCTURE_VALID,False,False,True,True,CONFIRM_SCOPE,True,True,SEMANTIC,1094.0,0.0006416
qingye-08-2-r1/p/b/3,qingye,capability_difference,我的相机借用，仅查询未归还的,qwen,False,SUCCESS,True,STRUCTURE_VALID,False,False,True,True,CONFIRM_SCOPE,True,True,SEMANTIC,953.0,0.0006416
library-10-2-r1/p/a/0,library,greeting,你好呀，你是什么模型？我的业务请求是查《三体》在哪里,deepseek,True,SUCCESS,True,STRUCTURE_VALID,True,True,True,True,QUERY,False,True,MATCH,687.0,0.002196
library-10-2-r1/p/a/1,library,greeting,你好呀，你是什么模型？我的业务请求是查《三体》在哪里,deepseek,False,SUCCESS,True,STRUCTURE_VALID,True,True,True,True,QUERY,False,True,MATCH,656.0,0.002196
library-10-2-r1/p/a/2,library,greeting,你好呀，你是什么模型？我的业务请求是查《三体》在哪里,deepseek,False,SUCCESS,True,STRUCTURE_VALID,True,True,True,True,QUERY,False,True,MATCH,625.0,0.002196
library-10-2-r1/p/a/3,library,greeting,你好呀，你是什么模型？我的业务请求是查《三体》在哪里,deepseek,False,SUCCESS,True,STRUCTURE_VALID,True,True,True,True,QUERY,False,True,MATCH,703.0,0.002196
library-10-2-r1/p/b/0,library,greeting,你好呀，你是什么模型？我的业务请求是查《三体》在哪里,qwen,True,SUCCESS,True,STRUCTURE_VALID,True,True,True,True,QUERY,False,True,MATCH,1703.0,0.0008024000000000001
library-10-2-r1/p/b/1,library,greeting,你好呀，你是什么模型？我的业务请求是查《三体》在哪里,qwen,False,SUCCESS,True,STRUCTURE_VALID,True,True,True,True,QUERY,False,True,MATCH,1750.0,0.0008024000000000001
library-10-2-r1/p/b/2,library,greeting,你好呀，你是什么模型？我的业务请求是查《三体》在哪里,qwen,False,SUCCESS,True,STRUCTURE_VALID,True,True,True,True,QUERY,False,True,MATCH,1672.0,0.0008024000000000001
library-10-2-r1/p/b/3,library,greeting,你好呀，你是什么模型？我的业务请求是查《三体》在哪里,qwen,False,SUCCESS,True,STRUCTURE_VALID,True,True,True,True,QUERY,False,True,MATCH,1688.0,0.0008024000000000001
qingye-10-1-r2/p/a/0,qingye,greeting,hello你好，你能帮我做什么？顺便帮我查相机当前库存,deepseek,True,SUCCESS,True,STRUCTURE_VALID,True,True,True,True,QUERY,False,True,MATCH,906.0,0.001748
qingye-10-1-r2/p/a/1,qingye,greeting,hello你好，你能帮我做什么？顺便帮我查相机当前库存,deepseek,False,SUCCESS,True,STRUCTURE_VALID,True,True,True,True,QUERY,False,True,MATCH,594.0,0.001748
qingye-10-1-r2/p/a/2,qingye,greeting,hello你好，你能帮我做什么？顺便帮我查相机当前库存,deepseek,False,SUCCESS,True,STRUCTURE_VALID,True,True,True,True,QUERY,False,True,MATCH,672.0,0.001748
qingye-10-1-r2/p/a/3,qingye,greeting,hello你好，你能帮我做什么？顺便帮我查相机当前库存,deepseek,False,SUCCESS,True,STRUCTURE_VALID,True,True,True,True,QUERY,False,True,MATCH,766.0,0.001748
qingye-10-1-r2/p/b/0,qingye,greeting,hello你好，你能帮我做什么？顺便帮我查相机当前库存,qwen,True,SUCCESS,True,STRUCTURE_VALID,True,True,True,True,QUERY,False,True,MATCH,985.0,0.000644
qingye-10-1-r2/p/b/1,qingye,greeting,hello你好，你能帮我做什么？顺便帮我查相机当前库存,qwen,False,SUCCESS,True,STRUCTURE_VALID,True,True,True,True,QUERY,False,True,MATCH,969.0,0.000644
qingye-10-1-r2/p/b/2,qingye,greeting,hello你好，你能帮我做什么？顺便帮我查相机当前库存,qwen,False,SUCCESS,True,STRUCTURE_VALID,True,True,True,True,QUERY,False,True,MATCH,1031.0,0.000644
qingye-10-1-r2/p/b/3,qingye,greeting,hello你好，你能帮我做什么？顺便帮我查相机当前库存,qwen,False,SUCCESS,True,STRUCTURE_VALID,True,True,True,True,QUERY,False,True,MATCH,953.0,0.000644
library-05-1-r1/p/b/0,library,multiple,请同时查《三体》的位置和我的借阅，两项都需要,qwen,True,SUCCESS,True,STRUCTURE_VALID,False,False,True,False,REJECT,False,True,SEMANTIC,1765.0,0.0008108000000000001
library-05-1-r1/p/b/1,library,multiple,请同时查《三体》的位置和我的借阅，两项都需要,qwen,False,SUCCESS,True,STRUCTURE_VALID,False,False,True,False,REJECT,False,True,SEMANTIC,1906.0,0.0008108000000000001
library-05-1-r1/p/b/2,library,multiple,请同时查《三体》的位置和我的借阅，两项都需要,qwen,False,SUCCESS,True,STRUCTURE_VALID,False,False,True,False,REJECT,False,True,SEMANTIC,1860.0,0.0008108000000000001
library-05-1-r1/p/b/3,library,multiple,请同时查《三体》的位置和我的借阅，两项都需要,qwen,False,SUCCESS,True,STRUCTURE_VALID,False,False,True,False,REJECT,False,True,SEMANTIC,1844.0,0.0008108000000000001
library-05-1-r1/p/a/0,library,multiple,请同时查《三体》的位置和我的借阅，两项都需要,deepseek,True,SUCCESS,True,STRUCTURE_VALID,True,True,True,True,CLARIFY,False,True,MATCH,781.0,0.002216
library-05-1-r1/p/a/1,library,multiple,请同时查《三体》的位置和我的借阅，两项都需要,deepseek,False,SUCCESS,True,STRUCTURE_VALID,True,True,True,True,CLARIFY,False,True,MATCH,859.0,0.002216
library-05-1-r1/p/a/2,library,multiple,请同时查《三体》的位置和我的借阅，两项都需要,deepseek,False,SUCCESS,True,STRUCTURE_VALID,True,True,True,True,CLARIFY,False,True,MATCH,766.0,0.002216
library-05-1-r1/p/a/3,library,multiple,请同时查《三体》的位置和我的借阅，两项都需要,deepseek,False,SUCCESS,True,STRUCTURE_VALID,True,True,True,True,CLARIFY,False,True,MATCH,938.0,0.002216
qingye-11-1-r2/p/b/0,qingye,time_option,请看看明天相机能否借用,qwen,True,SUCCESS,True,STRUCTURE_VALID,True,True,True,True,QUERY,False,True,MATCH,1063.0,0.0006443999999999999
qingye-11-1-r2/p/b/1,qingye,time_option,请看看明天相机能否借用,qwen,False,SUCCESS,True,STRUCTURE_VALID,True,True,True,True,QUERY,False,True,MATCH,1047.0,0.0006443999999999999
qingye-11-1-r2/p/b/2,qingye,time_option,请看看明天相机能否借用,qwen,False,SUCCESS,True,STRUCTURE_VALID,True,True,True,True,QUERY,False,True,MATCH,984.0,0.0006443999999999999
qingye-11-1-r2/p/b/3,qingye,time_option,请看看明天相机能否借用,qwen,False,SUCCESS,True,STRUCTURE_VALID,True,True,True,True,QUERY,False,True,MATCH,1172.0,0.0006443999999999999
qingye-11-1-r2/p/a/0,qingye,time_option,请看看明天相机能否借用,deepseek,True,SUCCESS,True,STRUCTURE_VALID,True,True,True,True,QUERY,False,True,MATCH,391.0,0.001742
qingye-11-1-r2/p/a/1,qingye,time_option,请看看明天相机能否借用,deepseek,False,SUCCESS,True,STRUCTURE_VALID,True,True,True,True,QUERY,False,True,MATCH,828.0,0.001742
qingye-11-1-r2/p/a/2,qingye,time_option,请看看明天相机能否借用,deepseek,False,SUCCESS,True,STRUCTURE_VALID,True,True,True,True,QUERY,False,True,MATCH,625.0,0.001742
qingye-11-1-r2/p/a/3,qingye,time_option,请看看明天相机能否借用,deepseek,False,SUCCESS,True,STRUCTURE_VALID,True,True,True,True,QUERY,False,True,MATCH,672.0,0.001742
qingye-07-1-r0/p/b/0,qingye,personal_scope,请帮我查看当前账号所有借用记录,qwen,True,SUCCESS,True,STRUCTURE_VALID,True,True,True,True,CONFIRM_SCOPE,True,True,MATCH,969.0,0.00064
qingye-07-1-r0/p/b/1,qingye,personal_scope,请帮我查看当前账号所有借用记录,qwen,False,SUCCESS,True,STRUCTURE_VALID,True,True,True,True,CONFIRM_SCOPE,True,True,MATCH,969.0,0.00064
qingye-07-1-r0/p/b/2,qingye,personal_scope,请帮我查看当前账号所有借用记录,qwen,False,SUCCESS,True,STRUCTURE_VALID,True,True,True,True,CONFIRM_SCOPE,True,True,MATCH,968.0,0.00064
qingye-07-1-r0/p/b/3,qingye,personal_scope,请帮我查看当前账号所有借用记录,qwen,False,SUCCESS,True,STRUCTURE_VALID,True,True,True,True,CONFIRM_SCOPE,True,True,MATCH,1031.0,0.00064
qingye-07-1-r0/p/a/0,qingye,personal_scope,请帮我查看当前账号所有借用记录,deepseek,True,SUCCESS,True,STRUCTURE_VALID,True,True,True,True,CONFIRM_SCOPE,True,True,MATCH,781.0,0.001738
qingye-07-1-r0/p/a/1,qingye,personal_scope,请帮我查看当前账号所有借用记录,deepseek,False,SUCCESS,True,STRUCTURE_VALID,True,True,True,True,CONFIRM_SCOPE,True,True,MATCH,422.0,0.001738
qingye-07-1-r0/p/a/2,qingye,personal_scope,请帮我查看当前账号所有借用记录,deepseek,False,SUCCESS,True,STRUCTURE_VALID,True,True,True,True,CONFIRM_SCOPE,True,True,MATCH,578.0,0.001738
qingye-07-1-r0/p/a/3,qingye,personal_scope,请帮我查看当前账号所有借用记录,deepseek,False,SUCCESS,True,STRUCTURE_VALID,True,True,True,True,CONFIRM_SCOPE,True,True,MATCH,859.0,0.001738
library-03-2-r1/p/a/0,library,negation,不要查询《Java入门》，我要了解《三体》放在哪里,deepseek,True,SUCCESS,True,STRUCTURE_VALID,True,True,True,True,QUERY,False,True,MATCH,907.0,0.00219
library-03-2-r1/p/a/1,library,negation,不要查询《Java入门》，我要了解《三体》放在哪里,deepseek,False,SUCCESS,True,STRUCTURE_VALID,True,True,True,True,QUERY,False,True,MATCH,890.0,0.00219
library-03-2-r1/p/a/2,library,negation,不要查询《Java入门》，我要了解《三体》放在哪里,deepseek,False,SUCCESS,True,STRUCTURE_VALID,True,True,True,True,QUERY,False,True,MATCH,922.0,0.00219
library-03-2-r1/p/a/3,library,negation,不要查询《Java入门》，我要了解《三体》放在哪里,deepseek,False,SUCCESS,True,STRUCTURE_VALID,True,True,True,True,QUERY,False,True,MATCH,844.0,0.00219
library-03-2-r1/p/b/0,library,negation,不要查询《Java入门》，我要了解《三体》放在哪里,qwen,True,SUCCESS,True,STRUCTURE_VALID,True,True,True,True,QUERY,False,True,MATCH,1641.0,0.0008
library-03-2-r1/p/b/1,library,negation,不要查询《Java入门》，我要了解《三体》放在哪里,qwen,False,SUCCESS,True,STRUCTURE_VALID,True,True,True,True,QUERY,False,True,MATCH,2156.0,0.0008
library-03-2-r1/p/b/2,library,negation,不要查询《Java入门》，我要了解《三体》放在哪里,qwen,False,SUCCESS,True,STRUCTURE_VALID,True,True,True,True,QUERY,False,True,MATCH,1656.0,0.0008
library-03-2-r1/p/b/3,library,negation,不要查询《Java入门》，我要了解《三体》放在哪里,qwen,False,SUCCESS,True,STRUCTURE_VALID,True,True,True,True,QUERY,False,True,MATCH,1704.0,0.0008
library-12-1-r2/p/a/0,library,business_noise,借阅、还书、书架都讨论过了，我本次唯一请求是看《三体》在哪里,deepseek,True,SUCCESS,True,STRUCTURE_VALID,True,True,True,True,QUERY,False,True,MATCH,500.0,0.002206
library-12-1-r2/p/a/1,library,business_noise,借阅、还书、书架都讨论过了，我本次唯一请求是看《三体》在哪里,deepseek,False,SUCCESS,True,STRUCTURE_VALID,True,True,True,True,QUERY,False,True,MATCH,672.0,0.002206
library-12-1-r2/p/a/2,library,business_noise,借阅、还书、书架都讨论过了，我本次唯一请求是看《三体》在哪里,deepseek,False,SUCCESS,True,STRUCTURE_VALID,True,True,True,True,QUERY,False,True,MATCH,735.0,0.002206
library-12-1-r2/p/a/3,library,business_noise,借阅、还书、书架都讨论过了，我本次唯一请求是看《三体》在哪里,deepseek,False,SUCCESS,True,STRUCTURE_VALID,True,True,True,True,QUERY,False,True,MATCH,766.0,0.002206
library-12-1-r2/p/b/0,library,business_noise,借阅、还书、书架都讨论过了，我本次唯一请求是看《三体》在哪里,qwen,True,SUCCESS,True,STRUCTURE_VALID,True,True,True,True,QUERY,False,True,MATCH,1688.0,0.0008072
library-12-1-r2/p/b/1,library,business_noise,借阅、还书、书架都讨论过了，我本次唯一请求是看《三体》在哪里,qwen,False,SUCCESS,True,STRUCTURE_VALID,True,True,True,True,QUERY,False,True,MATCH,1688.0,0.0008072
library-12-1-r2/p/b/2,library,business_noise,借阅、还书、书架都讨论过了，我本次唯一请求是看《三体》在哪里,qwen,False,SUCCESS,True,STRUCTURE_VALID,True,True,True,True,QUERY,False,True,MATCH,1703.0,0.0008072
library-12-1-r2/p/b/3,library,business_noise,借阅、还书、书架都讨论过了，我本次唯一请求是看《三体》在哪里,qwen,False,SUCCESS,True,STRUCTURE_VALID,True,True,True,True,QUERY,False,True,MATCH,1812.0,0.0008072
qingye-11-2-r2/p/a/0,qingye,time_option,我要了解明天的相机可借数量,deepseek,True,SUCCESS,True,STRUCTURE_VALID,True,True,True,True,QUERY,False,True,MATCH,937.0,0.001744
qingye-11-2-r2/p/a/1,qingye,time_option,我要了解明天的相机可借数量,deepseek,False,SUCCESS,True,STRUCTURE_VALID,True,True,True,True,QUERY,False,True,MATCH,515.0,0.001744
qingye-11-2-r2/p/a/2,qingye,time_option,我要了解明天的相机可借数量,deepseek,False,SUCCESS,True,STRUCTURE_VALID,True,True,True,True,QUERY,False,True,MATCH,750.0,0.001744
qingye-11-2-r2/p/a/3,qingye,time_option,我要了解明天的相机可借数量,deepseek,False,SUCCESS,True,STRUCTURE_VALID,True,True,True,True,QUERY,False,True,MATCH,860.0,0.001744
qingye-11-2-r2/p/b/0,qingye,time_option,我要了解明天的相机可借数量,qwen,True,SUCCESS,True,STRUCTURE_VALID,True,True,True,True,QUERY,False,True,MATCH,1110.0,0.000646
qingye-11-2-r2/p/b/1,qingye,time_option,我要了解明天的相机可借数量,qwen,False,SUCCESS,True,STRUCTURE_VALID,True,True,True,True,QUERY,False,True,MATCH,1031.0,0.000646
qingye-11-2-r2/p/b/2,qingye,time_option,我要了解明天的相机可借数量,qwen,False,SUCCESS,True,STRUCTURE_VALID,True,True,True,True,QUERY,False,True,MATCH,1062.0,0.000646
qingye-11-2-r2/p/b/3,qingye,time_option,我要了解明天的相机可借数量,qwen,False,SUCCESS,True,STRUCTURE_VALID,True,True,True,True,QUERY,False,True,MATCH,1078.0,0.000646
qingye-01-2-r1/p/b/0,qingye,baseline,麻烦查询现在相机是否有库存,qwen,True,SUCCESS,True,STRUCTURE_VALID,True,True,True,True,QUERY,False,True,MATCH,968.0,0.0006384
qingye-01-2-r1/p/b/1,qingye,baseline,麻烦查询现在相机是否有库存,qwen,False,SUCCESS,True,STRUCTURE_VALID,True,True,True,True,QUERY,False,True,MATCH,1000.0,0.0006384
qingye-01-2-r1/p/b/2,qingye,baseline,麻烦查询现在相机是否有库存,qwen,False,SUCCESS,True,STRUCTURE_VALID,True,True,True,True,QUERY,False,True,MATCH,938.0,0.0006384
qingye-01-2-r1/p/b/3,qingye,baseline,麻烦查询现在相机是否有库存,qwen,False,SUCCESS,True,STRUCTURE_VALID,True,True,True,True,QUERY,False,True,MATCH,985.0,0.0006384
qingye-01-2-r1/p/a/0,qingye,baseline,麻烦查询现在相机是否有库存,deepseek,True,SUCCESS,True,STRUCTURE_VALID,True,True,True,True,QUERY,False,True,MATCH,453.0,0.001734
qingye-01-2-r1/p/a/1,qingye,baseline,麻烦查询现在相机是否有库存,deepseek,False,SUCCESS,True,STRUCTURE_VALID,True,True,True,True,QUERY,False,True,MATCH,422.0,0.001734
qingye-01-2-r1/p/a/2,qingye,baseline,麻烦查询现在相机是否有库存,deepseek,False,SUCCESS,True,STRUCTURE_VALID,True,True,True,True,QUERY,False,True,MATCH,578.0,0.001734
qingye-01-2-r1/p/a/3,qingye,baseline,麻烦查询现在相机是否有库存,deepseek,False,SUCCESS,True,STRUCTURE_VALID,True,True,True,True,QUERY,False,True,MATCH,735.0,0.001734
qingye-06-2-r0/p/b/0,qingye,unsupported_date,仅看昨天我的借用记录，不要全部历史,qwen,True,SUCCESS,True,STRUCTURE_VALID,True,True,True,True,CLARIFY,False,True,MATCH,1016.0,0.0006456
qingye-06-2-r0/p/b/1,qingye,unsupported_date,仅看昨天我的借用记录，不要全部历史,qwen,False,SUCCESS,True,STRUCTURE_VALID,True,True,True,True,CLARIFY,False,True,MATCH,1031.0,0.0006456
qingye-06-2-r0/p/b/2,qingye,unsupported_date,仅看昨天我的借用记录，不要全部历史,qwen,False,SUCCESS,True,STRUCTURE_VALID,True,True,True,True,CLARIFY,False,True,MATCH,1000.0,0.0006456
qingye-06-2-r0/p/b/3,qingye,unsupported_date,仅看昨天我的借用记录，不要全部历史,qwen,False,SUCCESS,True,STRUCTURE_VALID,True,True,True,True,CLARIFY,False,True,MATCH,1062.0,0.0006456
qingye-06-2-r0/p/a/0,qingye,unsupported_date,仅看昨天我的借用记录，不要全部历史,deepseek,True,SUCCESS,True,STRUCTURE_VALID,True,True,True,True,CLARIFY,False,True,MATCH,1110.0,0.001774
qingye-06-2-r0/p/a/1,qingye,unsupported_date,仅看昨天我的借用记录，不要全部历史,deepseek,False,SUCCESS,True,STRUCTURE_VALID,True,True,True,True,CLARIFY,False,True,MATCH,562.0,0.001774
qingye-06-2-r0/p/a/2,qingye,unsupported_date,仅看昨天我的借用记录，不要全部历史,deepseek,False,SUCCESS,True,STRUCTURE_VALID,True,True,True,True,CLARIFY,False,True,MATCH,734.0,0.001774
qingye-06-2-r0/p/a/3,qingye,unsupported_date,仅看昨天我的借用记录，不要全部历史,deepseek,False,SUCCESS,True,STRUCTURE_VALID,True,True,True,True,CLARIFY,False,True,MATCH,562.0,0.001774
qingye-10-2-r1/p/a/0,qingye,greeting,你好呀，你是什么模型？我的业务请求是查相机库存,deepseek,True,SUCCESS,True,STRUCTURE_VALID,True,True,True,True,QUERY,False,True,MATCH,625.0,0.00175
qingye-10-2-r1/p/a/1,qingye,greeting,你好呀，你是什么模型？我的业务请求是查相机库存,deepseek,False,SUCCESS,True,STRUCTURE_VALID,True,True,True,True,QUERY,False,True,MATCH,1000.0,0.00175
qingye-10-2-r1/p/a/2,qingye,greeting,你好呀，你是什么模型？我的业务请求是查相机库存,deepseek,False,SUCCESS,True,STRUCTURE_VALID,True,True,True,True,QUERY,False,True,MATCH,766.0,0.00175
qingye-10-2-r1/p/a/3,qingye,greeting,你好呀，你是什么模型？我的业务请求是查相机库存,deepseek,False,SUCCESS,True,STRUCTURE_VALID,True,True,True,True,QUERY,False,True,MATCH,891.0,0.00175
qingye-10-2-r1/p/b/0,qingye,greeting,你好呀，你是什么模型？我的业务请求是查相机库存,qwen,True,SUCCESS,True,STRUCTURE_VALID,True,True,True,True,QUERY,False,True,MATCH,954.0,0.0006448000000000001
qingye-10-2-r1/p/b/1,qingye,greeting,你好呀，你是什么模型？我的业务请求是查相机库存,qwen,False,SUCCESS,True,STRUCTURE_VALID,True,True,True,True,QUERY,False,True,MATCH,953.0,0.0006448000000000001
qingye-10-2-r1/p/b/2,qingye,greeting,你好呀，你是什么模型？我的业务请求是查相机库存,qwen,False,SUCCESS,True,STRUCTURE_VALID,True,True,True,True,QUERY,False,True,MATCH,1063.0,0.0006448000000000001
qingye-10-2-r1/p/b/3,qingye,greeting,你好呀，你是什么模型？我的业务请求是查相机库存,qwen,False,SUCCESS,True,STRUCTURE_VALID,True,True,True,True,QUERY,False,True,MATCH,953.0,0.0006448000000000001
library-09-2-r0/p/b/0,library,ambiguous_reference,帮我查那个图书的位置，没有说是哪一本,qwen,True,SUCCESS,True,STRUCTURE_VALID,False,False,True,False,REJECT,False,True,SEMANTIC,1797.0,0.0008048
library-09-2-r0/p/b/1,library,ambiguous_reference,帮我查那个图书的位置，没有说是哪一本,qwen,False,SUCCESS,True,STRUCTURE_VALID,False,False,True,False,REJECT,False,True,SEMANTIC,1797.0,0.0008088
library-09-2-r0/p/b/2,library,ambiguous_reference,帮我查那个图书的位置，没有说是哪一本,qwen,False,SUCCESS,True,STRUCTURE_VALID,False,False,True,False,REJECT,False,True,SEMANTIC,1844.0,0.0008088
library-09-2-r0/p/b/3,library,ambiguous_reference,帮我查那个图书的位置，没有说是哪一本,qwen,False,SUCCESS,True,STRUCTURE_VALID,False,False,True,False,REJECT,False,True,SEMANTIC,1781.0,0.0008088
library-09-2-r0/p/a/0,library,ambiguous_reference,帮我查那个图书的位置，没有说是哪一本,deepseek,True,SUCCESS,True,STRUCTURE_VALID,True,True,True,True,CLARIFY,False,True,MATCH,1015.0,0.002182
library-09-2-r0/p/a/1,library,ambiguous_reference,帮我查那个图书的位置，没有说是哪一本,deepseek,False,SUCCESS,True,STRUCTURE_VALID,True,True,True,True,CLARIFY,False,True,MATCH,734.0,0.002182
library-09-2-r0/p/a/2,library,ambiguous_reference,帮我查那个图书的位置，没有说是哪一本,deepseek,False,SUCCESS,True,STRUCTURE_VALID,True,True,True,True,CLARIFY,False,True,MATCH,844.0,0.002182
library-09-2-r0/p/a/3,library,ambiguous_reference,帮我查那个图书的位置，没有说是哪一本,deepseek,False,SUCCESS,True,STRUCTURE_VALID,True,True,True,True,CLARIFY,False,True,MATCH,688.0,0.002182
library-06-1-r2/p/a/0,library,unsupported_date,请只查我今天借阅的图书记录,deepseek,True,SUCCESS,True,STRUCTURE_VALID,True,True,True,True,CLARIFY,False,True,MATCH,718.0,0.002206
library-06-1-r2/p/a/1,library,unsupported_date,请只查我今天借阅的图书记录,deepseek,False,SUCCESS,True,STRUCTURE_VALID,True,True,True,True,CLARIFY,False,True,MATCH,781.0,0.002206
library-06-1-r2/p/a/2,library,unsupported_date,请只查我今天借阅的图书记录,deepseek,False,SUCCESS,True,STRUCTURE_VALID,True,True,True,True,CLARIFY,False,True,MATCH,718.0,0.002206
library-06-1-r2/p/a/3,library,unsupported_date,请只查我今天借阅的图书记录,deepseek,False,SUCCESS,True,STRUCTURE_VALID,True,True,True,True,CLARIFY,False,True,MATCH,1031.0,0.002206
library-06-1-r2/p/b/0,library,unsupported_date,请只查我今天借阅的图书记录,qwen,True,SUCCESS,True,STRUCTURE_VALID,False,False,True,False,REJECT,False,True,SEMANTIC,1812.0,0.0008088
library-06-1-r2/p/b/1,library,unsupported_date,请只查我今天借阅的图书记录,qwen,False,SUCCESS,True,STRUCTURE_VALID,False,False,True,False,REJECT,False,True,SEMANTIC,1828.0,0.0008088
library-06-1-r2/p/b/2,library,unsupported_date,请只查我今天借阅的图书记录,qwen,False,SUCCESS,True,STRUCTURE_VALID,False,False,True,False,REJECT,False,True,SEMANTIC,1828.0,0.0008088
library-06-1-r2/p/b/3,library,unsupported_date,请只查我今天借阅的图书记录,qwen,False,SUCCESS,True,STRUCTURE_VALID,False,False,True,False,REJECT,False,True,SEMANTIC,1828.0,0.0008088
library-01-2-r1/p/b/0,library,baseline,麻烦查询《三体》在馆内什么位置,qwen,True,SUCCESS,True,STRUCTURE_VALID,True,True,True,True,QUERY,False,True,MATCH,1672.0,0.0007976
library-01-2-r1/p/b/1,library,baseline,麻烦查询《三体》在馆内什么位置,qwen,False,SUCCESS,True,STRUCTURE_VALID,True,True,True,True,QUERY,False,True,MATCH,1797.0,0.0007976
library-01-2-r1/p/b/2,library,baseline,麻烦查询《三体》在馆内什么位置,qwen,False,SUCCESS,True,STRUCTURE_VALID,True,True,True,True,QUERY,False,True,MATCH,1656.0,0.0007976
library-01-2-r1/p/b/3,library,baseline,麻烦查询《三体》在馆内什么位置,qwen,False,SUCCESS,True,STRUCTURE_VALID,True,True,True,True,QUERY,False,True,MATCH,1703.0,0.0007976
library-01-2-r1/p/a/0,library,baseline,麻烦查询《三体》在馆内什么位置,deepseek,True,SUCCESS,True,STRUCTURE_VALID,True,True,True,True,QUERY,False,True,MATCH,859.0,0.002184
library-01-2-r1/p/a/1,library,baseline,麻烦查询《三体》在馆内什么位置,deepseek,False,SUCCESS,True,STRUCTURE_VALID,True,True,True,True,QUERY,False,True,MATCH,906.0,0.002184
library-01-2-r1/p/a/2,library,baseline,麻烦查询《三体》在馆内什么位置,deepseek,False,SUCCESS,True,STRUCTURE_VALID,True,True,True,True,QUERY,False,True,MATCH,687.0,0.002184
library-01-2-r1/p/a/3,library,baseline,麻烦查询《三体》在馆内什么位置,deepseek,False,SUCCESS,True,STRUCTURE_VALID,True,True,True,True,QUERY,False,True,MATCH,562.0,0.002184
