caseId,block,stratum,family,model,samples,planEntropy,errorLabelEntropy,wrongSamples,modalErrorLabel,semanticPlanCorrect,handlingCorrect,publicCompletedCorrect,wrongAutomaticExecution,actualStatus
qingye-R2-01-2,qingye-R2-01-2-r0,prospective_executor_labels,current_scope,a,1,-0.0,-0.0,0,MATCH,True,True,True,False,QUERY
qingye-R2-01-2,qingye-R2-01-2-r0,prospective_executor_labels,current_scope,a,2,-0.0,-0.0,0,MATCH,True,True,True,False,QUERY
qingye-R2-01-2,qingye-R2-01-2-r0,prospective_executor_labels,current_scope,a,3,-0.0,-0.0,0,MATCH,True,True,True,False,QUERY
qingye-R2-01-2,qingye-R2-01-2-r0,prospective_executor_labels,current_scope,a,4,-0.0,-0.0,0,MATCH,True,True,True,False,QUERY
qingye-R2-01-2,qingye-R2-01-2-r0,prospective_executor_labels,current_scope,b,1,-0.0,-0.0,0,MATCH,True,True,True,False,QUERY
qingye-R2-01-2,qingye-R2-01-2-r0,prospective_executor_labels,current_scope,b,2,-0.0,-0.0,0,MATCH,True,True,True,False,QUERY
qingye-R2-01-2,qingye-R2-01-2-r0,prospective_executor_labels,current_scope,b,3,-0.0,-0.0,0,MATCH,True,True,True,False,QUERY
qingye-R2-01-2,qingye-R2-01-2-r0,prospective_executor_labels,current_scope,b,4,-0.0,-0.0,0,MATCH,True,True,True,False,QUERY
library-DuSQL-qid001404,library-DuSQL-qid001404-r1,external_verbatim_capability_boundary,external_unsupported_sql,a,1,-0.0,-0.0,1,ACTION:CLARIFY->REJECT,False,False,False,False,REJECT
library-DuSQL-qid001404,library-DuSQL-qid001404-r1,external_verbatim_capability_boundary,external_unsupported_sql,a,2,-0.0,-0.0,2,ACTION:CLARIFY->REJECT,False,False,False,False,REJECT
library-DuSQL-qid001404,library-DuSQL-qid001404-r1,external_verbatim_capability_boundary,external_unsupported_sql,a,3,-0.0,-0.0,3,ACTION:CLARIFY->REJECT,False,False,False,False,REJECT
library-DuSQL-qid001404,library-DuSQL-qid001404-r1,external_verbatim_capability_boundary,external_unsupported_sql,a,4,-0.0,-0.0,4,ACTION:CLARIFY->REJECT,False,False,False,False,REJECT
library-DuSQL-qid001404,library-DuSQL-qid001404-r1,external_verbatim_capability_boundary,external_unsupported_sql,b,1,-0.0,-0.0,1,ACTION:CLARIFY->QUERY,False,False,False,False,REJECT
library-DuSQL-qid001404,library-DuSQL-qid001404-r1,external_verbatim_capability_boundary,external_unsupported_sql,b,2,-0.0,-0.0,2,ACTION:CLARIFY->QUERY,False,False,False,False,REJECT
library-DuSQL-qid001404,library-DuSQL-qid001404-r1,external_verbatim_capability_boundary,external_unsupported_sql,b,3,-0.0,-0.0,3,ACTION:CLARIFY->QUERY,False,False,False,False,REJECT
library-DuSQL-qid001404,library-DuSQL-qid001404-r1,external_verbatim_capability_boundary,external_unsupported_sql,b,4,-0.0,-0.0,4,ACTION:CLARIFY->QUERY,False,False,False,False,REJECT
qingye-R2-02-2,qingye-R2-02-2-r3,prospective_executor_labels,exclusion,a,1,-0.0,-0.0,0,MATCH,True,True,True,False,QUERY
qingye-R2-02-2,qingye-R2-02-2-r3,prospective_executor_labels,exclusion,a,2,-0.0,-0.0,0,MATCH,True,True,True,False,QUERY
qingye-R2-02-2,qingye-R2-02-2-r3,prospective_executor_labels,exclusion,a,3,-0.0,-0.0,0,MATCH,True,True,True,False,QUERY
qingye-R2-02-2,qingye-R2-02-2-r3,prospective_executor_labels,exclusion,a,4,-0.0,-0.0,0,MATCH,True,True,True,False,QUERY
qingye-R2-02-2,qingye-R2-02-2-r3,prospective_executor_labels,exclusion,b,1,-0.0,-0.0,0,MATCH,True,True,True,False,QUERY
qingye-R2-02-2,qingye-R2-02-2-r3,prospective_executor_labels,exclusion,b,2,-0.0,-0.0,0,MATCH,True,True,True,False,QUERY
qingye-R2-02-2,qingye-R2-02-2-r3,prospective_executor_labels,exclusion,b,3,-0.0,-0.0,0,MATCH,True,True,True,False,QUERY
qingye-R2-02-2,qingye-R2-02-2-r3,prospective_executor_labels,exclusion,b,4,-0.0,-0.0,0,MATCH,True,True,True,False,QUERY
qingye-R2-04-2,qingye-R2-04-2-r0,prospective_executor_labels,field_list,a,1,-0.0,-0.0,0,MATCH,True,True,True,False,QUERY
qingye-R2-04-2,qingye-R2-04-2-r0,prospective_executor_labels,field_list,a,2,-0.0,-0.0,0,MATCH,True,True,True,False,QUERY
qingye-R2-04-2,qingye-R2-04-2-r0,prospective_executor_labels,field_list,a,3,-0.0,-0.0,0,MATCH,True,True,True,False,QUERY
qingye-R2-04-2,qingye-R2-04-2-r0,prospective_executor_labels,field_list,a,4,-0.0,-0.0,0,MATCH,True,True,True,False,QUERY
qingye-R2-04-2,qingye-R2-04-2-r0,prospective_executor_labels,field_list,b,1,-0.0,-0.0,0,MATCH,True,True,True,False,QUERY
qingye-R2-04-2,qingye-R2-04-2-r0,prospective_executor_labels,field_list,b,2,-0.0,-0.0,0,MATCH,True,True,True,False,QUERY
qingye-R2-04-2,qingye-R2-04-2-r0,prospective_executor_labels,field_list,b,3,-0.0,-0.0,0,MATCH,True,True,True,False,QUERY
qingye-R2-04-2,qingye-R2-04-2-r0,prospective_executor_labels,field_list,b,4,-0.0,-0.0,0,MATCH,True,True,True,False,QUERY
library-R2-05-2,library-R2-05-2-r0,prospective_executor_labels,retained_actions,a,1,-0.0,-0.0,0,MATCH,True,True,False,False,CLARIFY
library-R2-05-2,library-R2-05-2-r0,prospective_executor_labels,retained_actions,a,2,-0.0,-0.0,0,MATCH,True,True,False,False,CLARIFY
library-R2-05-2,library-R2-05-2-r0,prospective_executor_labels,retained_actions,a,3,-0.0,-0.0,0,MATCH,True,True,False,False,CLARIFY
library-R2-05-2,library-R2-05-2-r0,prospective_executor_labels,retained_actions,a,4,-0.0,-0.0,0,MATCH,True,True,False,False,CLARIFY
library-R2-05-2,library-R2-05-2-r0,prospective_executor_labels,retained_actions,b,1,-0.0,-0.0,1,ACTION:CLARIFY->QUERY,False,False,False,False,REJECT
library-R2-05-2,library-R2-05-2-r0,prospective_executor_labels,retained_actions,b,2,-0.0,-0.0,2,ACTION:CLARIFY->QUERY,False,True,False,False,POLICY_ABSTENTION
library-R2-05-2,library-R2-05-2-r0,prospective_executor_labels,retained_actions,b,3,-0.0,-0.0,3,ACTION:CLARIFY->QUERY,False,True,False,False,POLICY_ABSTENTION
library-R2-05-2,library-R2-05-2-r0,prospective_executor_labels,retained_actions,b,4,-0.0,-0.0,4,ACTION:CLARIFY->QUERY,False,True,False,False,POLICY_ABSTENTION
qingye-R2-02-2,qingye-R2-02-2-r2,prospective_executor_labels,exclusion,a,1,-0.0,-0.0,0,MATCH,True,True,True,False,QUERY
qingye-R2-02-2,qingye-R2-02-2-r2,prospective_executor_labels,exclusion,a,2,-0.0,-0.0,0,MATCH,True,True,True,False,QUERY
qingye-R2-02-2,qingye-R2-02-2-r2,prospective_executor_labels,exclusion,a,3,-0.0,-0.0,0,MATCH,True,True,True,False,QUERY
qingye-R2-02-2,qingye-R2-02-2-r2,prospective_executor_labels,exclusion,a,4,-0.0,-0.0,0,MATCH,True,True,True,False,QUERY
qingye-R2-02-2,qingye-R2-02-2-r2,prospective_executor_labels,exclusion,b,1,-0.0,-0.0,0,MATCH,True,True,True,False,QUERY
qingye-R2-02-2,qingye-R2-02-2-r2,prospective_executor_labels,exclusion,b,2,-0.0,-0.0,0,MATCH,True,True,True,False,QUERY
qingye-R2-02-2,qingye-R2-02-2-r2,prospective_executor_labels,exclusion,b,3,-0.0,-0.0,0,MATCH,True,True,True,False,QUERY
qingye-R2-02-2,qingye-R2-02-2-r2,prospective_executor_labels,exclusion,b,4,-0.0,-0.0,0,MATCH,True,True,True,False,QUERY
library-DuSQL-qid000757,library-DuSQL-qid000757-r1,external_verbatim_capability_boundary,external_unsupported_sql,a,1,-0.0,-0.0,1,ACTION:CLARIFY->REJECT,False,False,False,False,REJECT
library-DuSQL-qid000757,library-DuSQL-qid000757-r1,external_verbatim_capability_boundary,external_unsupported_sql,a,2,-0.0,-0.0,2,ACTION:CLARIFY->REJECT,False,False,False,False,REJECT
library-DuSQL-qid000757,library-DuSQL-qid000757-r1,external_verbatim_capability_boundary,external_unsupported_sql,a,3,-0.0,-0.0,3,ACTION:CLARIFY->REJECT,False,False,False,False,REJECT
library-DuSQL-qid000757,library-DuSQL-qid000757-r1,external_verbatim_capability_boundary,external_unsupported_sql,a,4,-0.0,-0.0,4,ACTION:CLARIFY->REJECT,False,False,False,False,REJECT
library-DuSQL-qid000757,library-DuSQL-qid000757-r1,external_verbatim_capability_boundary,external_unsupported_sql,b,1,-0.0,-0.0,1,ACTION:CLARIFY->QUERY,False,False,False,False,REJECT
library-DuSQL-qid000757,library-DuSQL-qid000757-r1,external_verbatim_capability_boundary,external_unsupported_sql,b,2,-0.0,-0.0,2,ACTION:CLARIFY->QUERY,False,False,False,False,REJECT
library-DuSQL-qid000757,library-DuSQL-qid000757-r1,external_verbatim_capability_boundary,external_unsupported_sql,b,3,-0.0,-0.0,3,ACTION:CLARIFY->QUERY,False,False,False,False,REJECT
library-DuSQL-qid000757,library-DuSQL-qid000757-r1,external_verbatim_capability_boundary,external_unsupported_sql,b,4,-0.0,-0.0,4,ACTION:CLARIFY->QUERY,False,False,False,False,REJECT
library-DuSQL-qid000460,library-DuSQL-qid000460-r1,external_verbatim_capability_boundary,external_unsupported_sql,a,1,-0.0,-0.0,1,ACTION:CLARIFY->REJECT,False,False,False,False,REJECT
library-DuSQL-qid000460,library-DuSQL-qid000460-r1,external_verbatim_capability_boundary,external_unsupported_sql,a,2,-0.0,-0.0,2,ACTION:CLARIFY->REJECT,False,False,False,False,REJECT
library-DuSQL-qid000460,library-DuSQL-qid000460-r1,external_verbatim_capability_boundary,external_unsupported_sql,a,3,-0.0,-0.0,3,ACTION:CLARIFY->REJECT,False,False,False,False,REJECT
library-DuSQL-qid000460,library-DuSQL-qid000460-r1,external_verbatim_capability_boundary,external_unsupported_sql,a,4,-0.0,-0.0,4,ACTION:CLARIFY->REJECT,False,False,False,False,REJECT
library-DuSQL-qid000460,library-DuSQL-qid000460-r1,external_verbatim_capability_boundary,external_unsupported_sql,b,1,-0.0,-0.0,1,ACTION:CLARIFY->QUERY,False,False,False,False,REJECT
library-DuSQL-qid000460,library-DuSQL-qid000460-r1,external_verbatim_capability_boundary,external_unsupported_sql,b,2,-0.0,-0.0,2,ACTION:CLARIFY->QUERY,False,True,False,False,POLICY_ABSTENTION
library-DuSQL-qid000460,library-DuSQL-qid000460-r1,external_verbatim_capability_boundary,external_unsupported_sql,b,3,-0.0,-0.0,3,ACTION:CLARIFY->QUERY,False,True,False,False,POLICY_ABSTENTION
library-DuSQL-qid000460,library-DuSQL-qid000460-r1,external_verbatim_capability_boundary,external_unsupported_sql,b,4,-0.0,-0.0,4,ACTION:CLARIFY->QUERY,False,True,False,False,POLICY_ABSTENTION
library-R2-04-1,library-R2-04-1-r2,prospective_executor_labels,field_list,a,1,-0.0,-0.0,0,MATCH,True,True,True,False,QUERY
library-R2-04-1,library-R2-04-1-r2,prospective_executor_labels,field_list,a,2,-0.0,-0.0,0,MATCH,True,True,True,False,QUERY
library-R2-04-1,library-R2-04-1-r2,prospective_executor_labels,field_list,a,3,-0.0,-0.0,0,MATCH,True,True,True,False,QUERY
library-R2-04-1,library-R2-04-1-r2,prospective_executor_labels,field_list,a,4,-0.0,-0.0,0,MATCH,True,True,True,False,QUERY
library-R2-04-1,library-R2-04-1-r2,prospective_executor_labels,field_list,b,1,-0.0,-0.0,1,FIELDS:intent,False,False,False,True,QUERY
library-R2-04-1,library-R2-04-1-r2,prospective_executor_labels,field_list,b,2,-0.0,-0.0,2,FIELDS:intent,False,False,False,True,QUERY
library-R2-04-1,library-R2-04-1-r2,prospective_executor_labels,field_list,b,3,-0.0,-0.0,3,FIELDS:intent,False,False,False,True,QUERY
library-R2-04-1,library-R2-04-1-r2,prospective_executor_labels,field_list,b,4,-0.0,-0.0,4,FIELDS:intent,False,False,False,True,QUERY
qingye-R2-01-2,qingye-R2-01-2-r3,prospective_executor_labels,current_scope,a,1,-0.0,-0.0,0,MATCH,True,True,True,False,QUERY
qingye-R2-01-2,qingye-R2-01-2-r3,prospective_executor_labels,current_scope,a,2,-0.0,-0.0,0,MATCH,True,True,True,False,QUERY
qingye-R2-01-2,qingye-R2-01-2-r3,prospective_executor_labels,current_scope,a,3,-0.0,-0.0,0,MATCH,True,True,True,False,QUERY
qingye-R2-01-2,qingye-R2-01-2-r3,prospective_executor_labels,current_scope,a,4,-0.0,-0.0,0,MATCH,True,True,True,False,QUERY
qingye-R2-01-2,qingye-R2-01-2-r3,prospective_executor_labels,current_scope,b,1,-0.0,-0.0,0,MATCH,True,True,True,False,QUERY
qingye-R2-01-2,qingye-R2-01-2-r3,prospective_executor_labels,current_scope,b,2,-0.0,-0.0,0,MATCH,True,True,True,False,QUERY
qingye-R2-01-2,qingye-R2-01-2-r3,prospective_executor_labels,current_scope,b,3,-0.0,-0.0,0,MATCH,True,True,True,False,QUERY
qingye-R2-01-2,qingye-R2-01-2-r3,prospective_executor_labels,current_scope,b,4,-0.0,-0.0,0,MATCH,True,True,True,False,QUERY
library-R2-04-2,library-R2-04-2-r2,prospective_executor_labels,field_list,a,1,-0.0,-0.0,0,MATCH,True,True,True,False,QUERY
library-R2-04-2,library-R2-04-2-r2,prospective_executor_labels,field_list,a,2,-0.0,-0.0,0,MATCH,True,True,True,False,QUERY
library-R2-04-2,library-R2-04-2-r2,prospective_executor_labels,field_list,a,3,-0.0,-0.0,0,MATCH,True,True,True,False,QUERY
library-R2-04-2,library-R2-04-2-r2,prospective_executor_labels,field_list,a,4,-0.0,-0.0,0,MATCH,True,True,True,False,QUERY
library-R2-04-2,library-R2-04-2-r2,prospective_executor_labels,field_list,b,1,-0.0,-0.0,0,MATCH,True,True,True,False,QUERY
library-R2-04-2,library-R2-04-2-r2,prospective_executor_labels,field_list,b,2,-0.0,-0.0,0,MATCH,True,True,True,False,QUERY
library-R2-04-2,library-R2-04-2-r2,prospective_executor_labels,field_list,b,3,-0.0,-0.0,0,MATCH,True,True,True,False,QUERY
library-R2-04-2,library-R2-04-2-r2,prospective_executor_labels,field_list,b,4,-0.0,-0.0,0,MATCH,True,True,True,False,QUERY
library-R2-05-2,library-R2-05-2-r3,prospective_executor_labels,retained_actions,a,1,-0.0,-0.0,0,MATCH,True,True,False,False,CLARIFY
library-R2-05-2,library-R2-05-2-r3,prospective_executor_labels,retained_actions,a,2,-0.0,-0.0,0,MATCH,True,True,False,False,CLARIFY
library-R2-05-2,library-R2-05-2-r3,prospective_executor_labels,retained_actions,a,3,-0.0,-0.0,0,MATCH,True,True,False,False,CLARIFY
library-R2-05-2,library-R2-05-2-r3,prospective_executor_labels,retained_actions,a,4,-0.0,-0.0,0,MATCH,True,True,False,False,CLARIFY
library-R2-05-2,library-R2-05-2-r3,prospective_executor_labels,retained_actions,b,1,-0.0,-0.0,1,ACTION:CLARIFY->QUERY,False,False,False,False,REJECT
library-R2-05-2,library-R2-05-2-r3,prospective_executor_labels,retained_actions,b,2,-0.0,-0.0,2,ACTION:CLARIFY->QUERY,False,True,False,False,POLICY_ABSTENTION
library-R2-05-2,library-R2-05-2-r3,prospective_executor_labels,retained_actions,b,3,-0.0,-0.0,3,ACTION:CLARIFY->QUERY,False,True,False,False,POLICY_ABSTENTION
library-R2-05-2,library-R2-05-2-r3,prospective_executor_labels,retained_actions,b,4,-0.0,-0.0,4,ACTION:CLARIFY->QUERY,False,True,False,False,POLICY_ABSTENTION
qingye-R2-02-2,qingye-R2-02-2-r1,prospective_executor_labels,exclusion,a,1,-0.0,-0.0,0,MATCH,True,True,True,False,QUERY
qingye-R2-02-2,qingye-R2-02-2-r1,prospective_executor_labels,exclusion,a,2,-0.0,-0.0,0,MATCH,True,True,True,False,QUERY
qingye-R2-02-2,qingye-R2-02-2-r1,prospective_executor_labels,exclusion,a,3,-0.0,-0.0,0,MATCH,True,True,True,False,QUERY
qingye-R2-02-2,qingye-R2-02-2-r1,prospective_executor_labels,exclusion,a,4,-0.0,-0.0,0,MATCH,True,True,True,False,QUERY
qingye-R2-02-2,qingye-R2-02-2-r1,prospective_executor_labels,exclusion,b,1,-0.0,-0.0,0,MATCH,True,True,True,False,QUERY
qingye-R2-02-2,qingye-R2-02-2-r1,prospective_executor_labels,exclusion,b,2,-0.0,-0.0,0,MATCH,True,True,True,False,QUERY
qingye-R2-02-2,qingye-R2-02-2-r1,prospective_executor_labels,exclusion,b,3,-0.0,-0.0,0,MATCH,True,True,True,False,QUERY
qingye-R2-02-2,qingye-R2-02-2-r1,prospective_executor_labels,exclusion,b,4,-0.0,-0.0,0,MATCH,True,True,True,False,QUERY
qingye-R2-05-2,qingye-R2-05-2-r0,prospective_executor_labels,retained_actions,a,1,-0.0,-0.0,0,MATCH,True,True,False,False,CLARIFY
qingye-R2-05-2,qingye-R2-05-2-r0,prospective_executor_labels,retained_actions,a,2,-0.0,-0.0,0,MATCH,True,True,False,False,CLARIFY
qingye-R2-05-2,qingye-R2-05-2-r0,prospective_executor_labels,retained_actions,a,3,-0.0,-0.0,0,MATCH,True,True,False,False,CLARIFY
qingye-R2-05-2,qingye-R2-05-2-r0,prospective_executor_labels,retained_actions,a,4,-0.0,-0.0,0,MATCH,True,True,False,False,CLARIFY
qingye-R2-05-2,qingye-R2-05-2-r0,prospective_executor_labels,retained_actions,b,1,-0.0,-0.0,1,ACTION:CLARIFY->QUERY,False,False,False,True,QUERY
qingye-R2-05-2,qingye-R2-05-2-r0,prospective_executor_labels,retained_actions,b,2,-0.0,-0.0,2,ACTION:CLARIFY->QUERY,False,False,False,True,QUERY
qingye-R2-05-2,qingye-R2-05-2-r0,prospective_executor_labels,retained_actions,b,3,-0.0,-0.0,3,ACTION:CLARIFY->QUERY,False,False,False,True,QUERY
qingye-R2-05-2,qingye-R2-05-2-r0,prospective_executor_labels,retained_actions,b,4,-0.0,-0.0,4,ACTION:CLARIFY->QUERY,False,False,False,True,QUERY
qingye-R2-03-1,qingye-R2-03-1-r1,prospective_executor_labels,quotation,a,1,-0.0,-0.0,0,MATCH,True,True,True,False,QUERY
qingye-R2-03-1,qingye-R2-03-1-r1,prospective_executor_labels,quotation,a,2,-0.0,-0.0,0,MATCH,True,True,True,False,QUERY
qingye-R2-03-1,qingye-R2-03-1-r1,prospective_executor_labels,quotation,a,3,-0.0,-0.0,0,MATCH,True,True,True,False,QUERY
qingye-R2-03-1,qingye-R2-03-1-r1,prospective_executor_labels,quotation,a,4,-0.0,-0.0,0,MATCH,True,True,True,False,QUERY
qingye-R2-03-1,qingye-R2-03-1-r1,prospective_executor_labels,quotation,b,1,-0.0,-0.0,0,MATCH,True,True,True,False,QUERY
qingye-R2-03-1,qingye-R2-03-1-r1,prospective_executor_labels,quotation,b,2,-0.0,-0.0,0,MATCH,True,True,True,False,QUERY
qingye-R2-03-1,qingye-R2-03-1-r1,prospective_executor_labels,quotation,b,3,-0.0,-0.0,0,MATCH,True,True,True,False,QUERY
qingye-R2-03-1,qingye-R2-03-1-r1,prospective_executor_labels,quotation,b,4,-0.0,-0.0,0,MATCH,True,True,True,False,QUERY
qingye-R2-01-1,qingye-R2-01-1-r1,prospective_executor_labels,current_scope,a,1,-0.0,-0.0,0,MATCH,True,True,True,False,QUERY
qingye-R2-01-1,qingye-R2-01-1-r1,prospective_executor_labels,current_scope,a,2,-0.0,-0.0,0,MATCH,True,True,True,False,QUERY
qingye-R2-01-1,qingye-R2-01-1-r1,prospective_executor_labels,current_scope,a,3,-0.0,-0.0,0,MATCH,True,True,True,False,QUERY
qingye-R2-01-1,qingye-R2-01-1-r1,prospective_executor_labels,current_scope,a,4,-0.0,-0.0,0,MATCH,True,True,True,False,QUERY
qingye-R2-01-1,qingye-R2-01-1-r1,prospective_executor_labels,current_scope,b,1,-0.0,-0.0,0,MATCH,True,True,True,False,QUERY
qingye-R2-01-1,qingye-R2-01-1-r1,prospective_executor_labels,current_scope,b,2,-0.0,-0.0,0,MATCH,True,True,True,False,QUERY
qingye-R2-01-1,qingye-R2-01-1-r1,prospective_executor_labels,current_scope,b,3,-0.0,-0.0,0,MATCH,True,True,True,False,QUERY
qingye-R2-01-1,qingye-R2-01-1-r1,prospective_executor_labels,current_scope,b,4,-0.0,-0.0,0,MATCH,True,True,True,False,QUERY
library-R2-06-1,library-R2-06-1-r2,prospective_executor_labels,private_constraints,a,1,-0.0,-0.0,0,MATCH,True,True,False,False,CONFIRM_SCOPE
library-R2-06-1,library-R2-06-1-r2,prospective_executor_labels,private_constraints,a,2,-0.0,-0.0,0,MATCH,True,True,False,False,CONFIRM_SCOPE
library-R2-06-1,library-R2-06-1-r2,prospective_executor_labels,private_constraints,a,3,-0.0,-0.0,0,MATCH,True,True,False,False,CONFIRM_SCOPE
library-R2-06-1,library-R2-06-1-r2,prospective_executor_labels,private_constraints,a,4,-0.0,-0.0,0,MATCH,True,True,False,False,CONFIRM_SCOPE
library-R2-06-1,library-R2-06-1-r2,prospective_executor_labels,private_constraints,b,1,-0.0,-0.0,0,MATCH,True,True,False,False,CONFIRM_SCOPE
library-R2-06-1,library-R2-06-1-r2,prospective_executor_labels,private_constraints,b,2,-0.0,-0.0,0,MATCH,True,True,False,False,CONFIRM_SCOPE
library-R2-06-1,library-R2-06-1-r2,prospective_executor_labels,private_constraints,b,3,-0.0,-0.0,0,MATCH,True,True,False,False,CONFIRM_SCOPE
library-R2-06-1,library-R2-06-1-r2,prospective_executor_labels,private_constraints,b,4,-0.0,-0.0,0,MATCH,True,True,False,False,CONFIRM_SCOPE
library-DuSQL-qid000228,library-DuSQL-qid000228-r1,external_verbatim_capability_boundary,external_unsupported_sql,a,1,-0.0,-0.0,1,ACTION:CLARIFY->REJECT,False,False,False,False,REJECT
library-DuSQL-qid000228,library-DuSQL-qid000228-r1,external_verbatim_capability_boundary,external_unsupported_sql,a,2,-0.0,-0.0,2,ACTION:CLARIFY->REJECT,False,False,False,False,REJECT
library-DuSQL-qid000228,library-DuSQL-qid000228-r1,external_verbatim_capability_boundary,external_unsupported_sql,a,3,-0.0,-0.0,3,ACTION:CLARIFY->REJECT,False,False,False,False,REJECT
library-DuSQL-qid000228,library-DuSQL-qid000228-r1,external_verbatim_capability_boundary,external_unsupported_sql,a,4,-0.0,-0.0,4,ACTION:CLARIFY->REJECT,False,False,False,False,REJECT
library-DuSQL-qid000228,library-DuSQL-qid000228-r1,external_verbatim_capability_boundary,external_unsupported_sql,b,1,-0.0,-0.0,1,ACTION:CLARIFY->REJECT,False,False,False,False,REJECT
library-DuSQL-qid000228,library-DuSQL-qid000228-r1,external_verbatim_capability_boundary,external_unsupported_sql,b,2,-0.0,-0.0,2,ACTION:CLARIFY->REJECT,False,False,False,False,REJECT
library-DuSQL-qid000228,library-DuSQL-qid000228-r1,external_verbatim_capability_boundary,external_unsupported_sql,b,3,-0.0,-0.0,3,ACTION:CLARIFY->REJECT,False,False,False,False,REJECT
library-DuSQL-qid000228,library-DuSQL-qid000228-r1,external_verbatim_capability_boundary,external_unsupported_sql,b,4,-0.0,-0.0,4,ACTION:CLARIFY->REJECT,False,False,False,False,REJECT
library-R2-03-2,library-R2-03-2-r3,prospective_executor_labels,quotation,a,1,-0.0,-0.0,0,MATCH,True,True,True,False,QUERY
library-R2-03-2,library-R2-03-2-r3,prospective_executor_labels,quotation,a,2,-0.0,-0.0,0,MATCH,True,True,True,False,QUERY
library-R2-03-2,library-R2-03-2-r3,prospective_executor_labels,quotation,a,3,-0.0,-0.0,0,MATCH,True,True,True,False,QUERY
library-R2-03-2,library-R2-03-2-r3,prospective_executor_labels,quotation,a,4,-0.0,-0.0,0,MATCH,True,True,True,False,QUERY
library-R2-03-2,library-R2-03-2-r3,prospective_executor_labels,quotation,b,1,-0.0,-0.0,0,MATCH,True,True,True,False,QUERY
library-R2-03-2,library-R2-03-2-r3,prospective_executor_labels,quotation,b,2,-0.0,-0.0,0,MATCH,True,True,True,False,QUERY
library-R2-03-2,library-R2-03-2-r3,prospective_executor_labels,quotation,b,3,-0.0,-0.0,0,MATCH,True,True,True,False,QUERY
library-R2-03-2,library-R2-03-2-r3,prospective_executor_labels,quotation,b,4,-0.0,-0.0,0,MATCH,True,True,True,False,QUERY
library-R2-02-1,library-R2-02-1-r0,prospective_executor_labels,exclusion,a,1,-0.0,-0.0,0,MATCH,True,True,True,False,QUERY
library-R2-02-1,library-R2-02-1-r0,prospective_executor_labels,exclusion,a,2,-0.0,-0.0,0,MATCH,True,True,True,False,QUERY
library-R2-02-1,library-R2-02-1-r0,prospective_executor_labels,exclusion,a,3,-0.0,-0.0,0,MATCH,True,True,True,False,QUERY
library-R2-02-1,library-R2-02-1-r0,prospective_executor_labels,exclusion,a,4,-0.0,-0.0,0,MATCH,True,True,True,False,QUERY
library-R2-02-1,library-R2-02-1-r0,prospective_executor_labels,exclusion,b,1,-0.0,-0.0,0,MATCH,True,True,True,False,QUERY
library-R2-02-1,library-R2-02-1-r0,prospective_executor_labels,exclusion,b,2,-0.0,-0.0,0,MATCH,True,True,True,False,QUERY
library-R2-02-1,library-R2-02-1-r0,prospective_executor_labels,exclusion,b,3,-0.0,-0.0,0,MATCH,True,True,True,False,QUERY
library-R2-02-1,library-R2-02-1-r0,prospective_executor_labels,exclusion,b,4,-0.0,-0.0,0,MATCH,True,True,True,False,QUERY
library-DuSQL-qid000757,library-DuSQL-qid000757-r3,external_verbatim_capability_boundary,external_unsupported_sql,a,1,-0.0,-0.0,1,ACTION:CLARIFY->REJECT,False,False,False,False,REJECT
library-DuSQL-qid000757,library-DuSQL-qid000757-r3,external_verbatim_capability_boundary,external_unsupported_sql,a,2,-0.0,-0.0,2,ACTION:CLARIFY->REJECT,False,False,False,False,REJECT
library-DuSQL-qid000757,library-DuSQL-qid000757-r3,external_verbatim_capability_boundary,external_unsupported_sql,a,3,-0.0,-0.0,3,ACTION:CLARIFY->REJECT,False,False,False,False,REJECT
library-DuSQL-qid000757,library-DuSQL-qid000757-r3,external_verbatim_capability_boundary,external_unsupported_sql,a,4,-0.0,-0.0,4,ACTION:CLARIFY->REJECT,False,False,False,False,REJECT
library-DuSQL-qid000757,library-DuSQL-qid000757-r3,external_verbatim_capability_boundary,external_unsupported_sql,b,1,-0.0,-0.0,1,ACTION:CLARIFY->QUERY,False,False,False,False,REJECT
library-DuSQL-qid000757,library-DuSQL-qid000757-r3,external_verbatim_capability_boundary,external_unsupported_sql,b,2,-0.0,-0.0,2,ACTION:CLARIFY->QUERY,False,False,False,False,REJECT
library-DuSQL-qid000757,library-DuSQL-qid000757-r3,external_verbatim_capability_boundary,external_unsupported_sql,b,3,-0.0,-0.0,3,ACTION:CLARIFY->QUERY,False,False,False,False,REJECT
library-DuSQL-qid000757,library-DuSQL-qid000757-r3,external_verbatim_capability_boundary,external_unsupported_sql,b,4,-0.0,-0.0,4,ACTION:CLARIFY->QUERY,False,False,False,False,REJECT
library-DuSQL-qid000460,library-DuSQL-qid000460-r2,external_verbatim_capability_boundary,external_unsupported_sql,a,1,-0.0,-0.0,1,ACTION:CLARIFY->REJECT,False,False,False,False,REJECT
library-DuSQL-qid000460,library-DuSQL-qid000460-r2,external_verbatim_capability_boundary,external_unsupported_sql,a,2,-0.0,-0.0,2,ACTION:CLARIFY->REJECT,False,False,False,False,REJECT
library-DuSQL-qid000460,library-DuSQL-qid000460-r2,external_verbatim_capability_boundary,external_unsupported_sql,a,3,-0.0,-0.0,3,ACTION:CLARIFY->REJECT,False,False,False,False,REJECT
library-DuSQL-qid000460,library-DuSQL-qid000460-r2,external_verbatim_capability_boundary,external_unsupported_sql,a,4,-0.0,-0.0,4,ACTION:CLARIFY->REJECT,False,False,False,False,REJECT
library-DuSQL-qid000460,library-DuSQL-qid000460-r2,external_verbatim_capability_boundary,external_unsupported_sql,b,1,-0.0,-0.0,1,ACTION:CLARIFY->QUERY,False,False,False,False,REJECT
library-DuSQL-qid000460,library-DuSQL-qid000460-r2,external_verbatim_capability_boundary,external_unsupported_sql,b,2,-0.0,-0.0,2,ACTION:CLARIFY->QUERY,False,True,False,False,POLICY_ABSTENTION
library-DuSQL-qid000460,library-DuSQL-qid000460-r2,external_verbatim_capability_boundary,external_unsupported_sql,b,3,-0.0,-0.0,3,ACTION:CLARIFY->QUERY,False,True,False,False,POLICY_ABSTENTION
library-DuSQL-qid000460,library-DuSQL-qid000460-r2,external_verbatim_capability_boundary,external_unsupported_sql,b,4,-0.0,-0.0,4,ACTION:CLARIFY->QUERY,False,True,False,False,POLICY_ABSTENTION
library-DuSQL-qid000460,library-DuSQL-qid000460-r0,external_verbatim_capability_boundary,external_unsupported_sql,a,1,-0.0,-0.0,1,ACTION:CLARIFY->REJECT,False,False,False,False,REJECT
library-DuSQL-qid000460,library-DuSQL-qid000460-r0,external_verbatim_capability_boundary,external_unsupported_sql,a,2,-0.0,-0.0,2,ACTION:CLARIFY->REJECT,False,False,False,False,REJECT
library-DuSQL-qid000460,library-DuSQL-qid000460-r0,external_verbatim_capability_boundary,external_unsupported_sql,a,3,-0.0,-0.0,3,ACTION:CLARIFY->REJECT,False,False,False,False,REJECT
library-DuSQL-qid000460,library-DuSQL-qid000460-r0,external_verbatim_capability_boundary,external_unsupported_sql,a,4,-0.0,-0.0,4,ACTION:CLARIFY->REJECT,False,False,False,False,REJECT
library-DuSQL-qid000460,library-DuSQL-qid000460-r0,external_verbatim_capability_boundary,external_unsupported_sql,b,1,-0.0,-0.0,1,ACTION:CLARIFY->QUERY,False,False,False,False,REJECT
library-DuSQL-qid000460,library-DuSQL-qid000460-r0,external_verbatim_capability_boundary,external_unsupported_sql,b,2,-0.0,-0.0,2,ACTION:CLARIFY->QUERY,False,True,False,False,POLICY_ABSTENTION
library-DuSQL-qid000460,library-DuSQL-qid000460-r0,external_verbatim_capability_boundary,external_unsupported_sql,b,3,-0.0,-0.0,3,ACTION:CLARIFY->QUERY,False,True,False,False,POLICY_ABSTENTION
library-DuSQL-qid000460,library-DuSQL-qid000460-r0,external_verbatim_capability_boundary,external_unsupported_sql,b,4,-0.0,-0.0,4,ACTION:CLARIFY->QUERY,False,True,False,False,POLICY_ABSTENTION
library-DuSQL-qid001332,library-DuSQL-qid001332-r1,external_verbatim_capability_boundary,external_unsupported_sql,a,1,-0.0,-0.0,1,ACTION:CLARIFY->REJECT,False,False,False,False,REJECT
library-DuSQL-qid001332,library-DuSQL-qid001332-r1,external_verbatim_capability_boundary,external_unsupported_sql,a,2,-0.0,-0.0,2,ACTION:CLARIFY->REJECT,False,False,False,False,REJECT
library-DuSQL-qid001332,library-DuSQL-qid001332-r1,external_verbatim_capability_boundary,external_unsupported_sql,a,3,-0.0,-0.0,3,ACTION:CLARIFY->REJECT,False,False,False,False,REJECT
library-DuSQL-qid001332,library-DuSQL-qid001332-r1,external_verbatim_capability_boundary,external_unsupported_sql,a,4,-0.0,-0.0,4,ACTION:CLARIFY->REJECT,False,False,False,False,REJECT
library-DuSQL-qid001332,library-DuSQL-qid001332-r1,external_verbatim_capability_boundary,external_unsupported_sql,b,1,-0.0,-0.0,1,ACTION:CLARIFY->QUERY,False,False,False,False,REJECT
library-DuSQL-qid001332,library-DuSQL-qid001332-r1,external_verbatim_capability_boundary,external_unsupported_sql,b,2,-0.0,-0.0,2,ACTION:CLARIFY->QUERY,False,True,False,False,POLICY_ABSTENTION
library-DuSQL-qid001332,library-DuSQL-qid001332-r1,external_verbatim_capability_boundary,external_unsupported_sql,b,3,-0.0,-0.0,3,ACTION:CLARIFY->QUERY,False,True,False,False,POLICY_ABSTENTION
library-DuSQL-qid001332,library-DuSQL-qid001332-r1,external_verbatim_capability_boundary,external_unsupported_sql,b,4,-0.0,-0.0,4,ACTION:CLARIFY->QUERY,False,True,False,False,POLICY_ABSTENTION
qingye-R2-06-2,qingye-R2-06-2-r3,prospective_executor_labels,private_constraints,a,1,-0.0,-0.0,0,MATCH,True,True,False,False,CLARIFY
qingye-R2-06-2,qingye-R2-06-2-r3,prospective_executor_labels,private_constraints,a,2,-0.0,-0.0,0,MATCH,True,True,False,False,CLARIFY
qingye-R2-06-2,qingye-R2-06-2-r3,prospective_executor_labels,private_constraints,a,3,-0.0,-0.0,0,MATCH,True,True,False,False,CLARIFY
qingye-R2-06-2,qingye-R2-06-2-r3,prospective_executor_labels,private_constraints,a,4,-0.0,-0.0,0,MATCH,True,True,False,False,CLARIFY
qingye-R2-06-2,qingye-R2-06-2-r3,prospective_executor_labels,private_constraints,b,1,-0.0,-0.0,0,MATCH,True,True,False,False,CLARIFY
qingye-R2-06-2,qingye-R2-06-2-r3,prospective_executor_labels,private_constraints,b,2,-0.0,-0.0,0,MATCH,True,True,False,False,CLARIFY
qingye-R2-06-2,qingye-R2-06-2-r3,prospective_executor_labels,private_constraints,b,3,0.9182958340544896,0.9182958340544896,1,MATCH,True,True,False,False,CLARIFY
qingye-R2-06-2,qingye-R2-06-2-r3,prospective_executor_labels,private_constraints,b,4,0.8112781244591328,0.8112781244591328,1,MATCH,True,True,False,False,CLARIFY
library-R2-02-2,library-R2-02-2-r1,prospective_executor_labels,exclusion,a,1,-0.0,-0.0,0,MATCH,True,True,True,False,QUERY
library-R2-02-2,library-R2-02-2-r1,prospective_executor_labels,exclusion,a,2,-0.0,-0.0,0,MATCH,True,True,True,False,QUERY
library-R2-02-2,library-R2-02-2-r1,prospective_executor_labels,exclusion,a,3,-0.0,-0.0,0,MATCH,True,True,True,False,QUERY
library-R2-02-2,library-R2-02-2-r1,prospective_executor_labels,exclusion,a,4,-0.0,-0.0,0,MATCH,True,True,True,False,QUERY
library-R2-02-2,library-R2-02-2-r1,prospective_executor_labels,exclusion,b,1,-0.0,-0.0,0,MATCH,True,True,True,False,QUERY
library-R2-02-2,library-R2-02-2-r1,prospective_executor_labels,exclusion,b,2,-0.0,-0.0,0,MATCH,True,True,True,False,QUERY
library-R2-02-2,library-R2-02-2-r1,prospective_executor_labels,exclusion,b,3,-0.0,-0.0,0,MATCH,True,True,True,False,QUERY
library-R2-02-2,library-R2-02-2-r1,prospective_executor_labels,exclusion,b,4,-0.0,-0.0,0,MATCH,True,True,True,False,QUERY
library-R2-04-2,library-R2-04-2-r3,prospective_executor_labels,field_list,a,1,-0.0,-0.0,0,MATCH,True,True,True,False,QUERY
library-R2-04-2,library-R2-04-2-r3,prospective_executor_labels,field_list,a,2,-0.0,-0.0,0,MATCH,True,True,True,False,QUERY
library-R2-04-2,library-R2-04-2-r3,prospective_executor_labels,field_list,a,3,-0.0,-0.0,0,MATCH,True,True,True,False,QUERY
library-R2-04-2,library-R2-04-2-r3,prospective_executor_labels,field_list,a,4,-0.0,-0.0,0,MATCH,True,True,True,False,QUERY
library-R2-04-2,library-R2-04-2-r3,prospective_executor_labels,field_list,b,1,-0.0,-0.0,0,MATCH,True,True,True,False,QUERY
library-R2-04-2,library-R2-04-2-r3,prospective_executor_labels,field_list,b,2,-0.0,-0.0,0,MATCH,True,True,True,False,QUERY
library-R2-04-2,library-R2-04-2-r3,prospective_executor_labels,field_list,b,3,-0.0,-0.0,0,MATCH,True,True,True,False,QUERY
library-R2-04-2,library-R2-04-2-r3,prospective_executor_labels,field_list,b,4,-0.0,-0.0,0,MATCH,True,True,True,False,QUERY
library-R2-01-1,library-R2-01-1-r1,prospective_executor_labels,current_scope,a,1,-0.0,-0.0,0,MATCH,True,True,True,False,QUERY
library-R2-01-1,library-R2-01-1-r1,prospective_executor_labels,current_scope,a,2,-0.0,-0.0,0,MATCH,True,True,True,False,QUERY
library-R2-01-1,library-R2-01-1-r1,prospective_executor_labels,current_scope,a,3,-0.0,-0.0,0,MATCH,True,True,True,False,QUERY
library-R2-01-1,library-R2-01-1-r1,prospective_executor_labels,current_scope,a,4,-0.0,-0.0,0,MATCH,True,True,True,False,QUERY
library-R2-01-1,library-R2-01-1-r1,prospective_executor_labels,current_scope,b,1,-0.0,-0.0,0,MATCH,True,True,True,False,QUERY
library-R2-01-1,library-R2-01-1-r1,prospective_executor_labels,current_scope,b,2,-0.0,-0.0,0,MATCH,True,True,True,False,QUERY
library-R2-01-1,library-R2-01-1-r1,prospective_executor_labels,current_scope,b,3,-0.0,-0.0,0,MATCH,True,True,True,False,QUERY
library-R2-01-1,library-R2-01-1-r1,prospective_executor_labels,current_scope,b,4,-0.0,-0.0,0,MATCH,True,True,True,False,QUERY
qingye-R2-05-1,qingye-R2-05-1-r3,prospective_executor_labels,retained_actions,a,1,-0.0,-0.0,0,MATCH,True,True,False,False,CLARIFY
qingye-R2-05-1,qingye-R2-05-1-r3,prospective_executor_labels,retained_actions,a,2,-0.0,-0.0,0,MATCH,True,True,False,False,CLARIFY
qingye-R2-05-1,qingye-R2-05-1-r3,prospective_executor_labels,retained_actions,a,3,-0.0,-0.0,0,MATCH,True,True,False,False,CLARIFY
qingye-R2-05-1,qingye-R2-05-1-r3,prospective_executor_labels,retained_actions,a,4,-0.0,-0.0,0,MATCH,True,True,False,False,CLARIFY
qingye-R2-05-1,qingye-R2-05-1-r3,prospective_executor_labels,retained_actions,b,1,-0.0,-0.0,1,ACTION:CLARIFY->QUERY,False,False,False,True,QUERY
qingye-R2-05-1,qingye-R2-05-1-r3,prospective_executor_labels,retained_actions,b,2,-0.0,-0.0,2,ACTION:CLARIFY->QUERY,False,False,False,True,QUERY
qingye-R2-05-1,qingye-R2-05-1-r3,prospective_executor_labels,retained_actions,b,3,-0.0,-0.0,3,ACTION:CLARIFY->QUERY,False,False,False,True,QUERY
qingye-R2-05-1,qingye-R2-05-1-r3,prospective_executor_labels,retained_actions,b,4,-0.0,-0.0,4,ACTION:CLARIFY->QUERY,False,False,False,True,QUERY
library-R2-02-1,library-R2-02-1-r2,prospective_executor_labels,exclusion,a,1,-0.0,-0.0,0,MATCH,True,True,True,False,QUERY
library-R2-02-1,library-R2-02-1-r2,prospective_executor_labels,exclusion,a,2,-0.0,-0.0,0,MATCH,True,True,True,False,QUERY
library-R2-02-1,library-R2-02-1-r2,prospective_executor_labels,exclusion,a,3,-0.0,-0.0,0,MATCH,True,True,True,False,QUERY
library-R2-02-1,library-R2-02-1-r2,prospective_executor_labels,exclusion,a,4,-0.0,-0.0,0,MATCH,True,True,True,False,QUERY
library-R2-02-1,library-R2-02-1-r2,prospective_executor_labels,exclusion,b,1,-0.0,-0.0,0,MATCH,True,True,True,False,QUERY
library-R2-02-1,library-R2-02-1-r2,prospective_executor_labels,exclusion,b,2,-0.0,-0.0,0,MATCH,True,True,True,False,QUERY
library-R2-02-1,library-R2-02-1-r2,prospective_executor_labels,exclusion,b,3,-0.0,-0.0,0,MATCH,True,True,True,False,QUERY
library-R2-02-1,library-R2-02-1-r2,prospective_executor_labels,exclusion,b,4,-0.0,-0.0,0,MATCH,True,True,True,False,QUERY
library-R2-06-1,library-R2-06-1-r1,prospective_executor_labels,private_constraints,a,1,-0.0,-0.0,0,MATCH,True,True,False,False,CONFIRM_SCOPE
library-R2-06-1,library-R2-06-1-r1,prospective_executor_labels,private_constraints,a,2,-0.0,-0.0,0,MATCH,True,True,False,False,CONFIRM_SCOPE
library-R2-06-1,library-R2-06-1-r1,prospective_executor_labels,private_constraints,a,3,-0.0,-0.0,0,MATCH,True,True,False,False,CONFIRM_SCOPE
library-R2-06-1,library-R2-06-1-r1,prospective_executor_labels,private_constraints,a,4,-0.0,-0.0,0,MATCH,True,True,False,False,CONFIRM_SCOPE
library-R2-06-1,library-R2-06-1-r1,prospective_executor_labels,private_constraints,b,1,-0.0,-0.0,0,MATCH,True,True,False,False,CONFIRM_SCOPE
library-R2-06-1,library-R2-06-1-r1,prospective_executor_labels,private_constraints,b,2,-0.0,-0.0,0,MATCH,True,True,False,False,CONFIRM_SCOPE
library-R2-06-1,library-R2-06-1-r1,prospective_executor_labels,private_constraints,b,3,-0.0,-0.0,0,MATCH,True,True,False,False,CONFIRM_SCOPE
library-R2-06-1,library-R2-06-1-r1,prospective_executor_labels,private_constraints,b,4,-0.0,-0.0,0,MATCH,True,True,False,False,CONFIRM_SCOPE
qingye-R2-01-1,qingye-R2-01-1-r0,prospective_executor_labels,current_scope,a,1,-0.0,-0.0,0,MATCH,True,True,True,False,QUERY
qingye-R2-01-1,qingye-R2-01-1-r0,prospective_executor_labels,current_scope,a,2,-0.0,-0.0,0,MATCH,True,True,True,False,QUERY
qingye-R2-01-1,qingye-R2-01-1-r0,prospective_executor_labels,current_scope,a,3,-0.0,-0.0,0,MATCH,True,True,True,False,QUERY
qingye-R2-01-1,qingye-R2-01-1-r0,prospective_executor_labels,current_scope,a,4,-0.0,-0.0,0,MATCH,True,True,True,False,QUERY
qingye-R2-01-1,qingye-R2-01-1-r0,prospective_executor_labels,current_scope,b,1,-0.0,-0.0,0,MATCH,True,True,True,False,QUERY
qingye-R2-01-1,qingye-R2-01-1-r0,prospective_executor_labels,current_scope,b,2,-0.0,-0.0,0,MATCH,True,True,True,False,QUERY
qingye-R2-01-1,qingye-R2-01-1-r0,prospective_executor_labels,current_scope,b,3,-0.0,-0.0,0,MATCH,True,True,True,False,QUERY
qingye-R2-01-1,qingye-R2-01-1-r0,prospective_executor_labels,current_scope,b,4,-0.0,-0.0,0,MATCH,True,True,True,False,QUERY
qingye-R2-02-1,qingye-R2-02-1-r1,prospective_executor_labels,exclusion,a,1,-0.0,-0.0,0,MATCH,True,True,True,False,QUERY
qingye-R2-02-1,qingye-R2-02-1-r1,prospective_executor_labels,exclusion,a,2,-0.0,-0.0,0,MATCH,True,True,True,False,QUERY
qingye-R2-02-1,qingye-R2-02-1-r1,prospective_executor_labels,exclusion,a,3,-0.0,-0.0,0,MATCH,True,True,True,False,QUERY
qingye-R2-02-1,qingye-R2-02-1-r1,prospective_executor_labels,exclusion,a,4,-0.0,-0.0,0,MATCH,True,True,True,False,QUERY
qingye-R2-02-1,qingye-R2-02-1-r1,prospective_executor_labels,exclusion,b,1,-0.0,-0.0,0,MATCH,True,True,True,False,QUERY
qingye-R2-02-1,qingye-R2-02-1-r1,prospective_executor_labels,exclusion,b,2,-0.0,-0.0,0,MATCH,True,True,True,False,QUERY
qingye-R2-02-1,qingye-R2-02-1-r1,prospective_executor_labels,exclusion,b,3,-0.0,-0.0,0,MATCH,True,True,True,False,QUERY
qingye-R2-02-1,qingye-R2-02-1-r1,prospective_executor_labels,exclusion,b,4,-0.0,-0.0,0,MATCH,True,True,True,False,QUERY
library-R2-03-1,library-R2-03-1-r3,prospective_executor_labels,quotation,a,1,-0.0,-0.0,0,MATCH,True,True,True,False,QUERY
library-R2-03-1,library-R2-03-1-r3,prospective_executor_labels,quotation,a,2,-0.0,-0.0,0,MATCH,True,True,True,False,QUERY
library-R2-03-1,library-R2-03-1-r3,prospective_executor_labels,quotation,a,3,-0.0,-0.0,0,MATCH,True,True,True,False,QUERY
library-R2-03-1,library-R2-03-1-r3,prospective_executor_labels,quotation,a,4,-0.0,-0.0,0,MATCH,True,True,True,False,QUERY
library-R2-03-1,library-R2-03-1-r3,prospective_executor_labels,quotation,b,1,-0.0,-0.0,0,MATCH,True,True,True,False,QUERY
library-R2-03-1,library-R2-03-1-r3,prospective_executor_labels,quotation,b,2,-0.0,-0.0,0,MATCH,True,True,True,False,QUERY
library-R2-03-1,library-R2-03-1-r3,prospective_executor_labels,quotation,b,3,-0.0,-0.0,0,MATCH,True,True,True,False,QUERY
library-R2-03-1,library-R2-03-1-r3,prospective_executor_labels,quotation,b,4,-0.0,-0.0,0,MATCH,True,True,True,False,QUERY
library-DuSQL-qid002464,library-DuSQL-qid002464-r2,external_verbatim_capability_boundary,external_unsupported_sql,a,1,-0.0,-0.0,1,ACTION:CLARIFY->REJECT,False,False,False,False,REJECT
library-DuSQL-qid002464,library-DuSQL-qid002464-r2,external_verbatim_capability_boundary,external_unsupported_sql,a,2,-0.0,-0.0,2,ACTION:CLARIFY->REJECT,False,False,False,False,REJECT
library-DuSQL-qid002464,library-DuSQL-qid002464-r2,external_verbatim_capability_boundary,external_unsupported_sql,a,3,-0.0,-0.0,3,ACTION:CLARIFY->REJECT,False,False,False,False,REJECT
library-DuSQL-qid002464,library-DuSQL-qid002464-r2,external_verbatim_capability_boundary,external_unsupported_sql,a,4,-0.0,-0.0,4,ACTION:CLARIFY->REJECT,False,False,False,False,REJECT
library-DuSQL-qid002464,library-DuSQL-qid002464-r2,external_verbatim_capability_boundary,external_unsupported_sql,b,1,-0.0,-0.0,1,ACTION:CLARIFY->REJECT,False,False,False,False,REJECT
library-DuSQL-qid002464,library-DuSQL-qid002464-r2,external_verbatim_capability_boundary,external_unsupported_sql,b,2,-0.0,-0.0,2,ACTION:CLARIFY->REJECT,False,False,False,False,REJECT
library-DuSQL-qid002464,library-DuSQL-qid002464-r2,external_verbatim_capability_boundary,external_unsupported_sql,b,3,0.9182958340544896,0.9182958340544896,3,ACTION:CLARIFY->REJECT,False,False,False,False,REJECT
library-DuSQL-qid002464,library-DuSQL-qid002464-r2,external_verbatim_capability_boundary,external_unsupported_sql,b,4,1.0,1.0,4,ACTION:CLARIFY->REJECT,False,True,False,False,POLICY_ABSTENTION
library-DuSQL-qid000728,library-DuSQL-qid000728-r0,external_verbatim_capability_boundary,external_unsupported_sql,a,1,-0.0,-0.0,1,ACTION:CLARIFY->REJECT,False,False,False,False,REJECT
library-DuSQL-qid000728,library-DuSQL-qid000728-r0,external_verbatim_capability_boundary,external_unsupported_sql,a,2,-0.0,-0.0,2,ACTION:CLARIFY->REJECT,False,False,False,False,REJECT
library-DuSQL-qid000728,library-DuSQL-qid000728-r0,external_verbatim_capability_boundary,external_unsupported_sql,a,3,-0.0,-0.0,3,ACTION:CLARIFY->REJECT,False,False,False,False,REJECT
library-DuSQL-qid000728,library-DuSQL-qid000728-r0,external_verbatim_capability_boundary,external_unsupported_sql,a,4,-0.0,-0.0,4,ACTION:CLARIFY->REJECT,False,False,False,False,REJECT
library-DuSQL-qid000728,library-DuSQL-qid000728-r0,external_verbatim_capability_boundary,external_unsupported_sql,b,1,-0.0,-0.0,1,ACTION:CLARIFY->REJECT,False,False,False,False,REJECT
library-DuSQL-qid000728,library-DuSQL-qid000728-r0,external_verbatim_capability_boundary,external_unsupported_sql,b,2,-0.0,-0.0,2,ACTION:CLARIFY->REJECT,False,False,False,False,REJECT
library-DuSQL-qid000728,library-DuSQL-qid000728-r0,external_verbatim_capability_boundary,external_unsupported_sql,b,3,0.9182958340544896,0.9182958340544896,3,ACTION:CLARIFY->REJECT,False,False,False,False,REJECT
library-DuSQL-qid000728,library-DuSQL-qid000728-r0,external_verbatim_capability_boundary,external_unsupported_sql,b,4,0.8112781244591328,0.8112781244591328,4,ACTION:CLARIFY->REJECT,False,False,False,False,REJECT
qingye-R2-06-1,qingye-R2-06-1-r0,prospective_executor_labels,private_constraints,a,1,-0.0,-0.0,0,MATCH,True,True,False,False,CLARIFY
qingye-R2-06-1,qingye-R2-06-1-r0,prospective_executor_labels,private_constraints,a,2,-0.0,-0.0,0,MATCH,True,True,False,False,CLARIFY
qingye-R2-06-1,qingye-R2-06-1-r0,prospective_executor_labels,private_constraints,a,3,-0.0,-0.0,0,MATCH,True,True,False,False,CLARIFY
qingye-R2-06-1,qingye-R2-06-1-r0,prospective_executor_labels,private_constraints,a,4,-0.0,-0.0,0,MATCH,True,True,False,False,CLARIFY
qingye-R2-06-1,qingye-R2-06-1-r0,prospective_executor_labels,private_constraints,b,1,-0.0,-0.0,0,MATCH,False,False,False,False,REJECT
qingye-R2-06-1,qingye-R2-06-1-r0,prospective_executor_labels,private_constraints,b,2,-0.0,-0.0,0,MATCH,False,True,False,False,POLICY_ABSTENTION
qingye-R2-06-1,qingye-R2-06-1-r0,prospective_executor_labels,private_constraints,b,3,-0.0,-0.0,0,MATCH,False,True,False,False,POLICY_ABSTENTION
qingye-R2-06-1,qingye-R2-06-1-r0,prospective_executor_labels,private_constraints,b,4,-0.0,-0.0,0,MATCH,False,True,False,False,POLICY_ABSTENTION
library-DuSQL-qid000228,library-DuSQL-qid000228-r0,external_verbatim_capability_boundary,external_unsupported_sql,a,1,-0.0,-0.0,1,ACTION:CLARIFY->REJECT,False,False,False,False,REJECT
library-DuSQL-qid000228,library-DuSQL-qid000228-r0,external_verbatim_capability_boundary,external_unsupported_sql,a,2,-0.0,-0.0,2,ACTION:CLARIFY->REJECT,False,False,False,False,REJECT
library-DuSQL-qid000228,library-DuSQL-qid000228-r0,external_verbatim_capability_boundary,external_unsupported_sql,a,3,-0.0,-0.0,3,ACTION:CLARIFY->REJECT,False,False,False,False,REJECT
library-DuSQL-qid000228,library-DuSQL-qid000228-r0,external_verbatim_capability_boundary,external_unsupported_sql,a,4,-0.0,-0.0,4,ACTION:CLARIFY->REJECT,False,False,False,False,REJECT
library-DuSQL-qid000228,library-DuSQL-qid000228-r0,external_verbatim_capability_boundary,external_unsupported_sql,b,1,-0.0,-0.0,1,ACTION:CLARIFY->REJECT,False,False,False,False,REJECT
library-DuSQL-qid000228,library-DuSQL-qid000228-r0,external_verbatim_capability_boundary,external_unsupported_sql,b,2,-0.0,-0.0,2,ACTION:CLARIFY->REJECT,False,False,False,False,REJECT
library-DuSQL-qid000228,library-DuSQL-qid000228-r0,external_verbatim_capability_boundary,external_unsupported_sql,b,3,-0.0,-0.0,3,ACTION:CLARIFY->REJECT,False,False,False,False,REJECT
library-DuSQL-qid000228,library-DuSQL-qid000228-r0,external_verbatim_capability_boundary,external_unsupported_sql,b,4,-0.0,-0.0,4,ACTION:CLARIFY->REJECT,False,False,False,False,REJECT
library-DuSQL-qid000228,library-DuSQL-qid000228-r2,external_verbatim_capability_boundary,external_unsupported_sql,a,1,-0.0,-0.0,1,ACTION:CLARIFY->REJECT,False,False,False,False,REJECT
library-DuSQL-qid000228,library-DuSQL-qid000228-r2,external_verbatim_capability_boundary,external_unsupported_sql,a,2,-0.0,-0.0,2,ACTION:CLARIFY->REJECT,False,False,False,False,REJECT
library-DuSQL-qid000228,library-DuSQL-qid000228-r2,external_verbatim_capability_boundary,external_unsupported_sql,a,3,-0.0,-0.0,3,ACTION:CLARIFY->REJECT,False,False,False,False,REJECT
library-DuSQL-qid000228,library-DuSQL-qid000228-r2,external_verbatim_capability_boundary,external_unsupported_sql,a,4,-0.0,-0.0,4,ACTION:CLARIFY->REJECT,False,False,False,False,REJECT
library-DuSQL-qid000228,library-DuSQL-qid000228-r2,external_verbatim_capability_boundary,external_unsupported_sql,b,1,-0.0,-0.0,1,PROTOCOL_OR_TRANSPORT,False,False,False,False,REJECT
library-DuSQL-qid000228,library-DuSQL-qid000228-r2,external_verbatim_capability_boundary,external_unsupported_sql,b,2,1.0,1.0,2,PROTOCOL_OR_TRANSPORT,False,False,False,False,REJECT
library-DuSQL-qid000228,library-DuSQL-qid000228-r2,external_verbatim_capability_boundary,external_unsupported_sql,b,3,1.584962500721156,1.584962500721156,3,PROTOCOL_OR_TRANSPORT,False,False,False,False,REJECT
library-DuSQL-qid000228,library-DuSQL-qid000228-r2,external_verbatim_capability_boundary,external_unsupported_sql,b,4,1.5,1.5,4,ACTION:CLARIFY->REJECT,False,False,False,False,REJECT
library-DuSQL-qid001628,library-DuSQL-qid001628-r0,external_verbatim_capability_boundary,external_unsupported_sql,a,1,-0.0,-0.0,1,ACTION:CLARIFY->REJECT,False,False,False,False,REJECT
library-DuSQL-qid001628,library-DuSQL-qid001628-r0,external_verbatim_capability_boundary,external_unsupported_sql,a,2,-0.0,-0.0,2,ACTION:CLARIFY->REJECT,False,False,False,False,REJECT
library-DuSQL-qid001628,library-DuSQL-qid001628-r0,external_verbatim_capability_boundary,external_unsupported_sql,a,3,-0.0,-0.0,3,ACTION:CLARIFY->REJECT,False,False,False,False,REJECT
library-DuSQL-qid001628,library-DuSQL-qid001628-r0,external_verbatim_capability_boundary,external_unsupported_sql,a,4,-0.0,-0.0,4,ACTION:CLARIFY->REJECT,False,False,False,False,REJECT
library-DuSQL-qid001628,library-DuSQL-qid001628-r0,external_verbatim_capability_boundary,external_unsupported_sql,b,1,-0.0,-0.0,1,PROTOCOL_OR_TRANSPORT,False,False,False,False,REJECT
library-DuSQL-qid001628,library-DuSQL-qid001628-r0,external_verbatim_capability_boundary,external_unsupported_sql,b,2,-0.0,-0.0,2,PROTOCOL_OR_TRANSPORT,False,False,False,False,REJECT
library-DuSQL-qid001628,library-DuSQL-qid001628-r0,external_verbatim_capability_boundary,external_unsupported_sql,b,3,0.9182958340544896,0.9182958340544896,3,PROTOCOL_OR_TRANSPORT,False,False,False,False,REJECT
library-DuSQL-qid001628,library-DuSQL-qid001628-r0,external_verbatim_capability_boundary,external_unsupported_sql,b,4,1.0,1.0,4,PROTOCOL_OR_TRANSPORT,False,False,False,False,REJECT
qingye-R2-01-2,qingye-R2-01-2-r2,prospective_executor_labels,current_scope,a,1,-0.0,-0.0,0,MATCH,True,True,True,False,QUERY
qingye-R2-01-2,qingye-R2-01-2-r2,prospective_executor_labels,current_scope,a,2,-0.0,-0.0,0,MATCH,True,True,True,False,QUERY
qingye-R2-01-2,qingye-R2-01-2-r2,prospective_executor_labels,current_scope,a,3,-0.0,-0.0,0,MATCH,True,True,True,False,QUERY
qingye-R2-01-2,qingye-R2-01-2-r2,prospective_executor_labels,current_scope,a,4,-0.0,-0.0,0,MATCH,True,True,True,False,QUERY
qingye-R2-01-2,qingye-R2-01-2-r2,prospective_executor_labels,current_scope,b,1,-0.0,-0.0,0,MATCH,True,True,True,False,QUERY
qingye-R2-01-2,qingye-R2-01-2-r2,prospective_executor_labels,current_scope,b,2,-0.0,-0.0,0,MATCH,True,True,True,False,QUERY
qingye-R2-01-2,qingye-R2-01-2-r2,prospective_executor_labels,current_scope,b,3,-0.0,-0.0,0,MATCH,True,True,True,False,QUERY
qingye-R2-01-2,qingye-R2-01-2-r2,prospective_executor_labels,current_scope,b,4,-0.0,-0.0,0,MATCH,True,True,True,False,QUERY
library-DuSQL-qid000728,library-DuSQL-qid000728-r2,external_verbatim_capability_boundary,external_unsupported_sql,a,1,-0.0,-0.0,1,ACTION:CLARIFY->REJECT,False,False,False,False,REJECT
library-DuSQL-qid000728,library-DuSQL-qid000728-r2,external_verbatim_capability_boundary,external_unsupported_sql,a,2,-0.0,-0.0,2,ACTION:CLARIFY->REJECT,False,False,False,False,REJECT
library-DuSQL-qid000728,library-DuSQL-qid000728-r2,external_verbatim_capability_boundary,external_unsupported_sql,a,3,-0.0,-0.0,3,ACTION:CLARIFY->REJECT,False,False,False,False,REJECT
library-DuSQL-qid000728,library-DuSQL-qid000728-r2,external_verbatim_capability_boundary,external_unsupported_sql,a,4,-0.0,-0.0,4,ACTION:CLARIFY->REJECT,False,False,False,False,REJECT
library-DuSQL-qid000728,library-DuSQL-qid000728-r2,external_verbatim_capability_boundary,external_unsupported_sql,b,1,-0.0,-0.0,1,ACTION:CLARIFY->REJECT,False,False,False,False,REJECT
library-DuSQL-qid000728,library-DuSQL-qid000728-r2,external_verbatim_capability_boundary,external_unsupported_sql,b,2,-0.0,-0.0,2,ACTION:CLARIFY->REJECT,False,False,False,False,REJECT
library-DuSQL-qid000728,library-DuSQL-qid000728-r2,external_verbatim_capability_boundary,external_unsupported_sql,b,3,-0.0,-0.0,3,ACTION:CLARIFY->REJECT,False,False,False,False,REJECT
library-DuSQL-qid000728,library-DuSQL-qid000728-r2,external_verbatim_capability_boundary,external_unsupported_sql,b,4,0.8112781244591328,0.8112781244591328,4,ACTION:CLARIFY->REJECT,False,False,False,False,REJECT
qingye-R2-05-1,qingye-R2-05-1-r2,prospective_executor_labels,retained_actions,a,1,-0.0,-0.0,0,MATCH,True,True,False,False,CLARIFY
qingye-R2-05-1,qingye-R2-05-1-r2,prospective_executor_labels,retained_actions,a,2,-0.0,-0.0,0,MATCH,True,True,False,False,CLARIFY
qingye-R2-05-1,qingye-R2-05-1-r2,prospective_executor_labels,retained_actions,a,3,-0.0,-0.0,0,MATCH,True,True,False,False,CLARIFY
qingye-R2-05-1,qingye-R2-05-1-r2,prospective_executor_labels,retained_actions,a,4,-0.0,-0.0,0,MATCH,True,True,False,False,CLARIFY
qingye-R2-05-1,qingye-R2-05-1-r2,prospective_executor_labels,retained_actions,b,1,-0.0,-0.0,1,ACTION:CLARIFY->QUERY,False,False,False,True,QUERY
qingye-R2-05-1,qingye-R2-05-1-r2,prospective_executor_labels,retained_actions,b,2,1.0,1.0,1,ACTION:CLARIFY->QUERY,False,True,False,False,POLICY_ABSTENTION
qingye-R2-05-1,qingye-R2-05-1-r2,prospective_executor_labels,retained_actions,b,3,0.9182958340544896,0.9182958340544896,2,ACTION:CLARIFY->QUERY,False,False,False,True,QUERY
qingye-R2-05-1,qingye-R2-05-1-r2,prospective_executor_labels,retained_actions,b,4,0.8112781244591328,0.8112781244591328,3,ACTION:CLARIFY->QUERY,False,False,False,True,QUERY
library-R2-02-1,library-R2-02-1-r1,prospective_executor_labels,exclusion,a,1,-0.0,-0.0,0,MATCH,True,True,True,False,QUERY
library-R2-02-1,library-R2-02-1-r1,prospective_executor_labels,exclusion,a,2,-0.0,-0.0,0,MATCH,True,True,True,False,QUERY
library-R2-02-1,library-R2-02-1-r1,prospective_executor_labels,exclusion,a,3,-0.0,-0.0,0,MATCH,True,True,True,False,QUERY
library-R2-02-1,library-R2-02-1-r1,prospective_executor_labels,exclusion,a,4,-0.0,-0.0,0,MATCH,True,True,True,False,QUERY
library-R2-02-1,library-R2-02-1-r1,prospective_executor_labels,exclusion,b,1,-0.0,-0.0,0,MATCH,True,True,True,False,QUERY
library-R2-02-1,library-R2-02-1-r1,prospective_executor_labels,exclusion,b,2,-0.0,-0.0,0,MATCH,True,True,True,False,QUERY
library-R2-02-1,library-R2-02-1-r1,prospective_executor_labels,exclusion,b,3,-0.0,-0.0,0,MATCH,True,True,True,False,QUERY
library-R2-02-1,library-R2-02-1-r1,prospective_executor_labels,exclusion,b,4,-0.0,-0.0,0,MATCH,True,True,True,False,QUERY
library-DuSQL-qid000228,library-DuSQL-qid000228-r3,external_verbatim_capability_boundary,external_unsupported_sql,a,1,-0.0,-0.0,1,ACTION:CLARIFY->REJECT,False,False,False,False,REJECT
library-DuSQL-qid000228,library-DuSQL-qid000228-r3,external_verbatim_capability_boundary,external_unsupported_sql,a,2,-0.0,-0.0,2,ACTION:CLARIFY->REJECT,False,False,False,False,REJECT
library-DuSQL-qid000228,library-DuSQL-qid000228-r3,external_verbatim_capability_boundary,external_unsupported_sql,a,3,-0.0,-0.0,3,ACTION:CLARIFY->REJECT,False,False,False,False,REJECT
library-DuSQL-qid000228,library-DuSQL-qid000228-r3,external_verbatim_capability_boundary,external_unsupported_sql,a,4,-0.0,-0.0,4,ACTION:CLARIFY->REJECT,False,False,False,False,REJECT
library-DuSQL-qid000228,library-DuSQL-qid000228-r3,external_verbatim_capability_boundary,external_unsupported_sql,b,1,-0.0,-0.0,1,PROTOCOL_OR_TRANSPORT,False,False,False,False,REJECT
library-DuSQL-qid000228,library-DuSQL-qid000228-r3,external_verbatim_capability_boundary,external_unsupported_sql,b,2,-0.0,-0.0,2,PROTOCOL_OR_TRANSPORT,False,False,False,False,REJECT
library-DuSQL-qid000228,library-DuSQL-qid000228-r3,external_verbatim_capability_boundary,external_unsupported_sql,b,3,0.9182958340544896,0.9182958340544896,3,PROTOCOL_OR_TRANSPORT,False,False,False,False,REJECT
library-DuSQL-qid000228,library-DuSQL-qid000228-r3,external_verbatim_capability_boundary,external_unsupported_sql,b,4,0.8112781244591328,0.8112781244591328,4,PROTOCOL_OR_TRANSPORT,False,False,False,False,REJECT
qingye-R2-05-1,qingye-R2-05-1-r1,prospective_executor_labels,retained_actions,a,1,-0.0,-0.0,0,MATCH,True,True,False,False,CLARIFY
qingye-R2-05-1,qingye-R2-05-1-r1,prospective_executor_labels,retained_actions,a,2,-0.0,-0.0,0,MATCH,True,True,False,False,CLARIFY
qingye-R2-05-1,qingye-R2-05-1-r1,prospective_executor_labels,retained_actions,a,3,-0.0,-0.0,0,MATCH,True,True,False,False,CLARIFY
qingye-R2-05-1,qingye-R2-05-1-r1,prospective_executor_labels,retained_actions,a,4,-0.0,-0.0,0,MATCH,True,True,False,False,CLARIFY
qingye-R2-05-1,qingye-R2-05-1-r1,prospective_executor_labels,retained_actions,b,1,-0.0,-0.0,1,ACTION:CLARIFY->QUERY,False,False,False,True,QUERY
qingye-R2-05-1,qingye-R2-05-1-r1,prospective_executor_labels,retained_actions,b,2,-0.0,-0.0,2,ACTION:CLARIFY->QUERY,False,False,False,True,QUERY
qingye-R2-05-1,qingye-R2-05-1-r1,prospective_executor_labels,retained_actions,b,3,-0.0,-0.0,3,ACTION:CLARIFY->QUERY,False,False,False,True,QUERY
qingye-R2-05-1,qingye-R2-05-1-r1,prospective_executor_labels,retained_actions,b,4,-0.0,-0.0,4,ACTION:CLARIFY->QUERY,False,False,False,True,QUERY
library-R2-04-1,library-R2-04-1-r0,prospective_executor_labels,field_list,a,1,-0.0,-0.0,0,MATCH,True,True,True,False,QUERY
library-R2-04-1,library-R2-04-1-r0,prospective_executor_labels,field_list,a,2,-0.0,-0.0,0,MATCH,True,True,True,False,QUERY
library-R2-04-1,library-R2-04-1-r0,prospective_executor_labels,field_list,a,3,-0.0,-0.0,0,MATCH,True,True,True,False,QUERY
library-R2-04-1,library-R2-04-1-r0,prospective_executor_labels,field_list,a,4,-0.0,-0.0,0,MATCH,True,True,True,False,QUERY
library-R2-04-1,library-R2-04-1-r0,prospective_executor_labels,field_list,b,1,-0.0,-0.0,1,FIELDS:intent,False,False,False,True,QUERY
library-R2-04-1,library-R2-04-1-r0,prospective_executor_labels,field_list,b,2,-0.0,-0.0,2,FIELDS:intent,False,False,False,True,QUERY
library-R2-04-1,library-R2-04-1-r0,prospective_executor_labels,field_list,b,3,-0.0,-0.0,3,FIELDS:intent,False,False,False,True,QUERY
library-R2-04-1,library-R2-04-1-r0,prospective_executor_labels,field_list,b,4,-0.0,-0.0,4,FIELDS:intent,False,False,False,True,QUERY
library-R2-06-1,library-R2-06-1-r0,prospective_executor_labels,private_constraints,a,1,-0.0,-0.0,0,MATCH,True,True,False,False,CONFIRM_SCOPE
library-R2-06-1,library-R2-06-1-r0,prospective_executor_labels,private_constraints,a,2,-0.0,-0.0,0,MATCH,True,True,False,False,CONFIRM_SCOPE
library-R2-06-1,library-R2-06-1-r0,prospective_executor_labels,private_constraints,a,3,-0.0,-0.0,0,MATCH,True,True,False,False,CONFIRM_SCOPE
library-R2-06-1,library-R2-06-1-r0,prospective_executor_labels,private_constraints,a,4,-0.0,-0.0,0,MATCH,True,True,False,False,CONFIRM_SCOPE
library-R2-06-1,library-R2-06-1-r0,prospective_executor_labels,private_constraints,b,1,-0.0,-0.0,0,MATCH,True,True,False,False,CONFIRM_SCOPE
library-R2-06-1,library-R2-06-1-r0,prospective_executor_labels,private_constraints,b,2,-0.0,-0.0,0,MATCH,True,True,False,False,CONFIRM_SCOPE
library-R2-06-1,library-R2-06-1-r0,prospective_executor_labels,private_constraints,b,3,-0.0,-0.0,0,MATCH,True,True,False,False,CONFIRM_SCOPE
library-R2-06-1,library-R2-06-1-r0,prospective_executor_labels,private_constraints,b,4,-0.0,-0.0,0,MATCH,True,True,False,False,CONFIRM_SCOPE
qingye-R2-05-2,qingye-R2-05-2-r2,prospective_executor_labels,retained_actions,a,1,-0.0,-0.0,0,MATCH,True,True,False,False,CLARIFY
qingye-R2-05-2,qingye-R2-05-2-r2,prospective_executor_labels,retained_actions,a,2,-0.0,-0.0,0,MATCH,True,True,False,False,CLARIFY
qingye-R2-05-2,qingye-R2-05-2-r2,prospective_executor_labels,retained_actions,a,3,-0.0,-0.0,0,MATCH,True,True,False,False,CLARIFY
qingye-R2-05-2,qingye-R2-05-2-r2,prospective_executor_labels,retained_actions,a,4,-0.0,-0.0,0,MATCH,True,True,False,False,CLARIFY
qingye-R2-05-2,qingye-R2-05-2-r2,prospective_executor_labels,retained_actions,b,1,-0.0,-0.0,1,ACTION:CLARIFY->QUERY,False,False,False,True,QUERY
qingye-R2-05-2,qingye-R2-05-2-r2,prospective_executor_labels,retained_actions,b,2,-0.0,-0.0,2,ACTION:CLARIFY->QUERY,False,False,False,True,QUERY
qingye-R2-05-2,qingye-R2-05-2-r2,prospective_executor_labels,retained_actions,b,3,-0.0,-0.0,3,ACTION:CLARIFY->QUERY,False,False,False,True,QUERY
qingye-R2-05-2,qingye-R2-05-2-r2,prospective_executor_labels,retained_actions,b,4,-0.0,-0.0,4,ACTION:CLARIFY->QUERY,False,False,False,True,QUERY
library-R2-02-2,library-R2-02-2-r2,prospective_executor_labels,exclusion,a,1,-0.0,-0.0,0,MATCH,True,True,True,False,QUERY
library-R2-02-2,library-R2-02-2-r2,prospective_executor_labels,exclusion,a,2,-0.0,-0.0,0,MATCH,True,True,True,False,QUERY
library-R2-02-2,library-R2-02-2-r2,prospective_executor_labels,exclusion,a,3,-0.0,-0.0,0,MATCH,True,True,True,False,QUERY
library-R2-02-2,library-R2-02-2-r2,prospective_executor_labels,exclusion,a,4,-0.0,-0.0,0,MATCH,True,True,True,False,QUERY
library-R2-02-2,library-R2-02-2-r2,prospective_executor_labels,exclusion,b,1,-0.0,-0.0,0,MATCH,True,True,True,False,QUERY
library-R2-02-2,library-R2-02-2-r2,prospective_executor_labels,exclusion,b,2,-0.0,-0.0,0,MATCH,True,True,True,False,QUERY
library-R2-02-2,library-R2-02-2-r2,prospective_executor_labels,exclusion,b,3,-0.0,-0.0,0,MATCH,True,True,True,False,QUERY
library-R2-02-2,library-R2-02-2-r2,prospective_executor_labels,exclusion,b,4,-0.0,-0.0,0,MATCH,True,True,True,False,QUERY
library-R2-01-1,library-R2-01-1-r3,prospective_executor_labels,current_scope,a,1,-0.0,-0.0,0,MATCH,True,True,True,False,QUERY
library-R2-01-1,library-R2-01-1-r3,prospective_executor_labels,current_scope,a,2,-0.0,-0.0,0,MATCH,True,True,True,False,QUERY
library-R2-01-1,library-R2-01-1-r3,prospective_executor_labels,current_scope,a,3,-0.0,-0.0,0,MATCH,True,True,True,False,QUERY
library-R2-01-1,library-R2-01-1-r3,prospective_executor_labels,current_scope,a,4,-0.0,-0.0,0,MATCH,True,True,True,False,QUERY
library-R2-01-1,library-R2-01-1-r3,prospective_executor_labels,current_scope,b,1,-0.0,-0.0,0,MATCH,True,True,True,False,QUERY
library-R2-01-1,library-R2-01-1-r3,prospective_executor_labels,current_scope,b,2,-0.0,-0.0,0,MATCH,True,True,True,False,QUERY
library-R2-01-1,library-R2-01-1-r3,prospective_executor_labels,current_scope,b,3,-0.0,-0.0,0,MATCH,True,True,True,False,QUERY
library-R2-01-1,library-R2-01-1-r3,prospective_executor_labels,current_scope,b,4,-0.0,-0.0,0,MATCH,True,True,True,False,QUERY
library-R2-05-1,library-R2-05-1-r2,prospective_executor_labels,retained_actions,a,1,-0.0,-0.0,0,MATCH,True,True,False,False,CLARIFY
library-R2-05-1,library-R2-05-1-r2,prospective_executor_labels,retained_actions,a,2,-0.0,-0.0,0,MATCH,True,True,False,False,CLARIFY
library-R2-05-1,library-R2-05-1-r2,prospective_executor_labels,retained_actions,a,3,-0.0,-0.0,0,MATCH,True,True,False,False,CLARIFY
library-R2-05-1,library-R2-05-1-r2,prospective_executor_labels,retained_actions,a,4,-0.0,-0.0,0,MATCH,True,True,False,False,CLARIFY
library-R2-05-1,library-R2-05-1-r2,prospective_executor_labels,retained_actions,b,1,-0.0,-0.0,1,ACTION:CLARIFY->QUERY,False,False,False,False,REJECT
library-R2-05-1,library-R2-05-1-r2,prospective_executor_labels,retained_actions,b,2,1.0,-0.0,2,ACTION:CLARIFY->QUERY,False,True,False,False,POLICY_ABSTENTION
library-R2-05-1,library-R2-05-1-r2,prospective_executor_labels,retained_actions,b,3,0.9182958340544896,-0.0,3,ACTION:CLARIFY->QUERY,False,True,False,False,POLICY_ABSTENTION
library-R2-05-1,library-R2-05-1-r2,prospective_executor_labels,retained_actions,b,4,1.0,-0.0,4,ACTION:CLARIFY->QUERY,False,True,False,False,POLICY_ABSTENTION
qingye-R2-04-1,qingye-R2-04-1-r0,prospective_executor_labels,field_list,a,1,-0.0,-0.0,0,MATCH,True,True,True,False,QUERY
qingye-R2-04-1,qingye-R2-04-1-r0,prospective_executor_labels,field_list,a,2,-0.0,-0.0,0,MATCH,True,True,True,False,QUERY
qingye-R2-04-1,qingye-R2-04-1-r0,prospective_executor_labels,field_list,a,3,-0.0,-0.0,0,MATCH,True,True,True,False,QUERY
qingye-R2-04-1,qingye-R2-04-1-r0,prospective_executor_labels,field_list,a,4,-0.0,-0.0,0,MATCH,True,True,True,False,QUERY
qingye-R2-04-1,qingye-R2-04-1-r0,prospective_executor_labels,field_list,b,1,-0.0,-0.0,0,MATCH,True,True,True,False,QUERY
qingye-R2-04-1,qingye-R2-04-1-r0,prospective_executor_labels,field_list,b,2,-0.0,-0.0,0,MATCH,True,True,True,False,QUERY
qingye-R2-04-1,qingye-R2-04-1-r0,prospective_executor_labels,field_list,b,3,-0.0,-0.0,0,MATCH,True,True,True,False,QUERY
qingye-R2-04-1,qingye-R2-04-1-r0,prospective_executor_labels,field_list,b,4,-0.0,-0.0,0,MATCH,True,True,True,False,QUERY
library-DuSQL-qid002464,library-DuSQL-qid002464-r0,external_verbatim_capability_boundary,external_unsupported_sql,a,1,-0.0,-0.0,1,ACTION:CLARIFY->REJECT,False,False,False,False,REJECT
library-DuSQL-qid002464,library-DuSQL-qid002464-r0,external_verbatim_capability_boundary,external_unsupported_sql,a,2,-0.0,-0.0,2,ACTION:CLARIFY->REJECT,False,False,False,False,REJECT
library-DuSQL-qid002464,library-DuSQL-qid002464-r0,external_verbatim_capability_boundary,external_unsupported_sql,a,3,-0.0,-0.0,3,ACTION:CLARIFY->REJECT,False,False,False,False,REJECT
library-DuSQL-qid002464,library-DuSQL-qid002464-r0,external_verbatim_capability_boundary,external_unsupported_sql,a,4,-0.0,-0.0,4,ACTION:CLARIFY->REJECT,False,False,False,False,REJECT
library-DuSQL-qid002464,library-DuSQL-qid002464-r0,external_verbatim_capability_boundary,external_unsupported_sql,b,1,-0.0,-0.0,1,PROTOCOL_OR_TRANSPORT,False,False,False,False,REJECT
library-DuSQL-qid002464,library-DuSQL-qid002464-r0,external_verbatim_capability_boundary,external_unsupported_sql,b,2,1.0,1.0,2,PROTOCOL_OR_TRANSPORT,False,True,False,False,POLICY_ABSTENTION
library-DuSQL-qid002464,library-DuSQL-qid002464-r0,external_verbatim_capability_boundary,external_unsupported_sql,b,3,0.9182958340544896,0.9182958340544896,3,ACTION:CLARIFY->REJECT,False,False,False,False,REJECT
library-DuSQL-qid002464,library-DuSQL-qid002464-r0,external_verbatim_capability_boundary,external_unsupported_sql,b,4,0.8112781244591328,0.8112781244591328,4,ACTION:CLARIFY->REJECT,False,False,False,False,REJECT
qingye-R2-04-2,qingye-R2-04-2-r1,prospective_executor_labels,field_list,a,1,-0.0,-0.0,0,MATCH,True,True,True,False,QUERY
qingye-R2-04-2,qingye-R2-04-2-r1,prospective_executor_labels,field_list,a,2,-0.0,-0.0,0,MATCH,True,True,True,False,QUERY
qingye-R2-04-2,qingye-R2-04-2-r1,prospective_executor_labels,field_list,a,3,-0.0,-0.0,0,MATCH,True,True,True,False,QUERY
qingye-R2-04-2,qingye-R2-04-2-r1,prospective_executor_labels,field_list,a,4,-0.0,-0.0,0,MATCH,True,True,True,False,QUERY
qingye-R2-04-2,qingye-R2-04-2-r1,prospective_executor_labels,field_list,b,1,-0.0,-0.0,0,MATCH,True,True,True,False,QUERY
qingye-R2-04-2,qingye-R2-04-2-r1,prospective_executor_labels,field_list,b,2,-0.0,-0.0,0,MATCH,True,True,True,False,QUERY
qingye-R2-04-2,qingye-R2-04-2-r1,prospective_executor_labels,field_list,b,3,-0.0,-0.0,0,MATCH,True,True,True,False,QUERY
qingye-R2-04-2,qingye-R2-04-2-r1,prospective_executor_labels,field_list,b,4,-0.0,-0.0,0,MATCH,True,True,True,False,QUERY
library-R2-03-2,library-R2-03-2-r0,prospective_executor_labels,quotation,a,1,-0.0,-0.0,0,MATCH,True,True,True,False,QUERY
library-R2-03-2,library-R2-03-2-r0,prospective_executor_labels,quotation,a,2,-0.0,-0.0,0,MATCH,True,True,True,False,QUERY
library-R2-03-2,library-R2-03-2-r0,prospective_executor_labels,quotation,a,3,-0.0,-0.0,0,MATCH,True,True,True,False,QUERY
library-R2-03-2,library-R2-03-2-r0,prospective_executor_labels,quotation,a,4,-0.0,-0.0,0,MATCH,True,True,True,False,QUERY
library-R2-03-2,library-R2-03-2-r0,prospective_executor_labels,quotation,b,1,-0.0,-0.0,0,MATCH,True,True,True,False,QUERY
library-R2-03-2,library-R2-03-2-r0,prospective_executor_labels,quotation,b,2,-0.0,-0.0,0,MATCH,True,True,True,False,QUERY
library-R2-03-2,library-R2-03-2-r0,prospective_executor_labels,quotation,b,3,-0.0,-0.0,0,MATCH,True,True,True,False,QUERY
library-R2-03-2,library-R2-03-2-r0,prospective_executor_labels,quotation,b,4,-0.0,-0.0,0,MATCH,True,True,True,False,QUERY
qingye-R2-06-1,qingye-R2-06-1-r3,prospective_executor_labels,private_constraints,a,1,-0.0,-0.0,0,MATCH,True,True,False,False,CLARIFY
qingye-R2-06-1,qingye-R2-06-1-r3,prospective_executor_labels,private_constraints,a,2,-0.0,-0.0,0,MATCH,True,True,False,False,CLARIFY
qingye-R2-06-1,qingye-R2-06-1-r3,prospective_executor_labels,private_constraints,a,3,-0.0,-0.0,0,MATCH,True,True,False,False,CLARIFY
qingye-R2-06-1,qingye-R2-06-1-r3,prospective_executor_labels,private_constraints,a,4,-0.0,-0.0,0,MATCH,True,True,False,False,CLARIFY
qingye-R2-06-1,qingye-R2-06-1-r3,prospective_executor_labels,private_constraints,b,1,-0.0,-0.0,0,MATCH,False,False,False,False,REJECT
qingye-R2-06-1,qingye-R2-06-1-r3,prospective_executor_labels,private_constraints,b,2,1.0,-0.0,0,MATCH,False,True,False,False,POLICY_ABSTENTION
qingye-R2-06-1,qingye-R2-06-1-r3,prospective_executor_labels,private_constraints,b,3,0.9182958340544896,-0.0,0,MATCH,False,True,False,False,POLICY_ABSTENTION
qingye-R2-06-1,qingye-R2-06-1-r3,prospective_executor_labels,private_constraints,b,4,1.0,-0.0,0,MATCH,False,True,False,False,POLICY_ABSTENTION
qingye-R2-06-1,qingye-R2-06-1-r1,prospective_executor_labels,private_constraints,a,1,-0.0,-0.0,0,MATCH,True,True,False,False,CLARIFY
qingye-R2-06-1,qingye-R2-06-1-r1,prospective_executor_labels,private_constraints,a,2,-0.0,-0.0,0,MATCH,True,True,False,False,CLARIFY
qingye-R2-06-1,qingye-R2-06-1-r1,prospective_executor_labels,private_constraints,a,3,-0.0,-0.0,0,MATCH,True,True,False,False,CLARIFY
qingye-R2-06-1,qingye-R2-06-1-r1,prospective_executor_labels,private_constraints,a,4,-0.0,-0.0,0,MATCH,True,True,False,False,CLARIFY
qingye-R2-06-1,qingye-R2-06-1-r1,prospective_executor_labels,private_constraints,b,1,-0.0,-0.0,1,ACTION:CLARIFY->QUERY,False,False,False,False,CONFIRM_SCOPE
qingye-R2-06-1,qingye-R2-06-1-r1,prospective_executor_labels,private_constraints,b,2,1.0,1.0,1,ACTION:CLARIFY->QUERY,False,True,False,False,POLICY_ABSTENTION
qingye-R2-06-1,qingye-R2-06-1-r1,prospective_executor_labels,private_constraints,b,3,0.9182958340544896,0.9182958340544896,1,MATCH,False,True,False,False,POLICY_ABSTENTION
qingye-R2-06-1,qingye-R2-06-1-r1,prospective_executor_labels,private_constraints,b,4,0.8112781244591328,0.8112781244591328,1,MATCH,False,True,False,False,POLICY_ABSTENTION
qingye-R2-04-2,qingye-R2-04-2-r3,prospective_executor_labels,field_list,a,1,-0.0,-0.0,0,MATCH,True,True,True,False,QUERY
qingye-R2-04-2,qingye-R2-04-2-r3,prospective_executor_labels,field_list,a,2,-0.0,-0.0,0,MATCH,True,True,True,False,QUERY
qingye-R2-04-2,qingye-R2-04-2-r3,prospective_executor_labels,field_list,a,3,-0.0,-0.0,0,MATCH,True,True,True,False,QUERY
qingye-R2-04-2,qingye-R2-04-2-r3,prospective_executor_labels,field_list,a,4,-0.0,-0.0,0,MATCH,True,True,True,False,QUERY
qingye-R2-04-2,qingye-R2-04-2-r3,prospective_executor_labels,field_list,b,1,-0.0,-0.0,0,MATCH,True,True,True,False,QUERY
qingye-R2-04-2,qingye-R2-04-2-r3,prospective_executor_labels,field_list,b,2,-0.0,-0.0,0,MATCH,True,True,True,False,QUERY
qingye-R2-04-2,qingye-R2-04-2-r3,prospective_executor_labels,field_list,b,3,-0.0,-0.0,0,MATCH,True,True,True,False,QUERY
qingye-R2-04-2,qingye-R2-04-2-r3,prospective_executor_labels,field_list,b,4,-0.0,-0.0,0,MATCH,True,True,True,False,QUERY
qingye-R2-02-1,qingye-R2-02-1-r2,prospective_executor_labels,exclusion,a,1,-0.0,-0.0,0,MATCH,True,True,True,False,QUERY
qingye-R2-02-1,qingye-R2-02-1-r2,prospective_executor_labels,exclusion,a,2,-0.0,-0.0,0,MATCH,True,True,True,False,QUERY
qingye-R2-02-1,qingye-R2-02-1-r2,prospective_executor_labels,exclusion,a,3,-0.0,-0.0,0,MATCH,True,True,True,False,QUERY
qingye-R2-02-1,qingye-R2-02-1-r2,prospective_executor_labels,exclusion,a,4,-0.0,-0.0,0,MATCH,True,True,True,False,QUERY
qingye-R2-02-1,qingye-R2-02-1-r2,prospective_executor_labels,exclusion,b,1,-0.0,-0.0,0,MATCH,True,True,True,False,QUERY
qingye-R2-02-1,qingye-R2-02-1-r2,prospective_executor_labels,exclusion,b,2,-0.0,-0.0,0,MATCH,True,True,True,False,QUERY
qingye-R2-02-1,qingye-R2-02-1-r2,prospective_executor_labels,exclusion,b,3,-0.0,-0.0,0,MATCH,True,True,True,False,QUERY
qingye-R2-02-1,qingye-R2-02-1-r2,prospective_executor_labels,exclusion,b,4,-0.0,-0.0,0,MATCH,True,True,True,False,QUERY
library-R2-02-1,library-R2-02-1-r3,prospective_executor_labels,exclusion,a,1,-0.0,-0.0,0,MATCH,True,True,True,False,QUERY
library-R2-02-1,library-R2-02-1-r3,prospective_executor_labels,exclusion,a,2,-0.0,-0.0,0,MATCH,True,True,True,False,QUERY
library-R2-02-1,library-R2-02-1-r3,prospective_executor_labels,exclusion,a,3,-0.0,-0.0,0,MATCH,True,True,True,False,QUERY
library-R2-02-1,library-R2-02-1-r3,prospective_executor_labels,exclusion,a,4,-0.0,-0.0,0,MATCH,True,True,True,False,QUERY
library-R2-02-1,library-R2-02-1-r3,prospective_executor_labels,exclusion,b,1,-0.0,-0.0,0,MATCH,True,True,True,False,QUERY
library-R2-02-1,library-R2-02-1-r3,prospective_executor_labels,exclusion,b,2,-0.0,-0.0,0,MATCH,True,True,True,False,QUERY
library-R2-02-1,library-R2-02-1-r3,prospective_executor_labels,exclusion,b,3,-0.0,-0.0,0,MATCH,True,True,True,False,QUERY
library-R2-02-1,library-R2-02-1-r3,prospective_executor_labels,exclusion,b,4,-0.0,-0.0,0,MATCH,True,True,True,False,QUERY
library-R2-01-2,library-R2-01-2-r3,prospective_executor_labels,current_scope,a,1,-0.0,-0.0,0,MATCH,True,True,True,False,QUERY
library-R2-01-2,library-R2-01-2-r3,prospective_executor_labels,current_scope,a,2,-0.0,-0.0,0,MATCH,True,True,True,False,QUERY
library-R2-01-2,library-R2-01-2-r3,prospective_executor_labels,current_scope,a,3,-0.0,-0.0,0,MATCH,True,True,True,False,QUERY
library-R2-01-2,library-R2-01-2-r3,prospective_executor_labels,current_scope,a,4,-0.0,-0.0,0,MATCH,True,True,True,False,QUERY
library-R2-01-2,library-R2-01-2-r3,prospective_executor_labels,current_scope,b,1,-0.0,-0.0,0,MATCH,True,True,True,False,QUERY
library-R2-01-2,library-R2-01-2-r3,prospective_executor_labels,current_scope,b,2,-0.0,-0.0,0,MATCH,True,True,True,False,QUERY
library-R2-01-2,library-R2-01-2-r3,prospective_executor_labels,current_scope,b,3,-0.0,-0.0,0,MATCH,True,True,True,False,QUERY
library-R2-01-2,library-R2-01-2-r3,prospective_executor_labels,current_scope,b,4,-0.0,-0.0,0,MATCH,True,True,True,False,QUERY
library-R2-04-2,library-R2-04-2-r0,prospective_executor_labels,field_list,a,1,-0.0,-0.0,0,MATCH,True,True,True,False,QUERY
library-R2-04-2,library-R2-04-2-r0,prospective_executor_labels,field_list,a,2,-0.0,-0.0,0,MATCH,True,True,True,False,QUERY
library-R2-04-2,library-R2-04-2-r0,prospective_executor_labels,field_list,a,3,-0.0,-0.0,0,MATCH,True,True,True,False,QUERY
library-R2-04-2,library-R2-04-2-r0,prospective_executor_labels,field_list,a,4,-0.0,-0.0,0,MATCH,True,True,True,False,QUERY
library-R2-04-2,library-R2-04-2-r0,prospective_executor_labels,field_list,b,1,-0.0,-0.0,0,MATCH,True,True,True,False,QUERY
library-R2-04-2,library-R2-04-2-r0,prospective_executor_labels,field_list,b,2,-0.0,-0.0,0,MATCH,True,True,True,False,QUERY
library-R2-04-2,library-R2-04-2-r0,prospective_executor_labels,field_list,b,3,-0.0,-0.0,0,MATCH,True,True,True,False,QUERY
library-R2-04-2,library-R2-04-2-r0,prospective_executor_labels,field_list,b,4,-0.0,-0.0,0,MATCH,True,True,True,False,QUERY
library-R2-01-1,library-R2-01-1-r0,prospective_executor_labels,current_scope,a,1,-0.0,-0.0,0,MATCH,True,True,True,False,QUERY
library-R2-01-1,library-R2-01-1-r0,prospective_executor_labels,current_scope,a,2,-0.0,-0.0,0,MATCH,True,True,True,False,QUERY
library-R2-01-1,library-R2-01-1-r0,prospective_executor_labels,current_scope,a,3,-0.0,-0.0,0,MATCH,True,True,True,False,QUERY
library-R2-01-1,library-R2-01-1-r0,prospective_executor_labels,current_scope,a,4,-0.0,-0.0,0,MATCH,True,True,True,False,QUERY
library-R2-01-1,library-R2-01-1-r0,prospective_executor_labels,current_scope,b,1,-0.0,-0.0,0,MATCH,True,True,True,False,QUERY
library-R2-01-1,library-R2-01-1-r0,prospective_executor_labels,current_scope,b,2,-0.0,-0.0,0,MATCH,True,True,True,False,QUERY
library-R2-01-1,library-R2-01-1-r0,prospective_executor_labels,current_scope,b,3,-0.0,-0.0,0,MATCH,True,True,True,False,QUERY
library-R2-01-1,library-R2-01-1-r0,prospective_executor_labels,current_scope,b,4,-0.0,-0.0,0,MATCH,True,True,True,False,QUERY
library-R2-04-1,library-R2-04-1-r1,prospective_executor_labels,field_list,a,1,-0.0,-0.0,0,MATCH,True,True,True,False,QUERY
library-R2-04-1,library-R2-04-1-r1,prospective_executor_labels,field_list,a,2,-0.0,-0.0,0,MATCH,True,True,True,False,QUERY
library-R2-04-1,library-R2-04-1-r1,prospective_executor_labels,field_list,a,3,-0.0,-0.0,0,MATCH,True,True,True,False,QUERY
library-R2-04-1,library-R2-04-1-r1,prospective_executor_labels,field_list,a,4,-0.0,-0.0,0,MATCH,True,True,True,False,QUERY
library-R2-04-1,library-R2-04-1-r1,prospective_executor_labels,field_list,b,1,-0.0,-0.0,1,FIELDS:intent,False,False,False,True,QUERY
library-R2-04-1,library-R2-04-1-r1,prospective_executor_labels,field_list,b,2,-0.0,-0.0,2,FIELDS:intent,False,False,False,True,QUERY
library-R2-04-1,library-R2-04-1-r1,prospective_executor_labels,field_list,b,3,-0.0,-0.0,3,FIELDS:intent,False,False,False,True,QUERY
library-R2-04-1,library-R2-04-1-r1,prospective_executor_labels,field_list,b,4,-0.0,-0.0,4,FIELDS:intent,False,False,False,True,QUERY
qingye-R2-03-2,qingye-R2-03-2-r2,prospective_executor_labels,quotation,a,1,-0.0,-0.0,0,MATCH,True,True,True,False,QUERY
qingye-R2-03-2,qingye-R2-03-2-r2,prospective_executor_labels,quotation,a,2,-0.0,-0.0,0,MATCH,True,True,True,False,QUERY
qingye-R2-03-2,qingye-R2-03-2-r2,prospective_executor_labels,quotation,a,3,-0.0,-0.0,0,MATCH,True,True,True,False,QUERY
qingye-R2-03-2,qingye-R2-03-2-r2,prospective_executor_labels,quotation,a,4,-0.0,-0.0,0,MATCH,True,True,True,False,QUERY
qingye-R2-03-2,qingye-R2-03-2-r2,prospective_executor_labels,quotation,b,1,-0.0,-0.0,0,MATCH,True,True,True,False,QUERY
qingye-R2-03-2,qingye-R2-03-2-r2,prospective_executor_labels,quotation,b,2,-0.0,-0.0,0,MATCH,True,True,True,False,QUERY
qingye-R2-03-2,qingye-R2-03-2-r2,prospective_executor_labels,quotation,b,3,-0.0,-0.0,0,MATCH,True,True,True,False,QUERY
qingye-R2-03-2,qingye-R2-03-2-r2,prospective_executor_labels,quotation,b,4,-0.0,-0.0,0,MATCH,True,True,True,False,QUERY
qingye-R2-03-1,qingye-R2-03-1-r3,prospective_executor_labels,quotation,a,1,-0.0,-0.0,0,MATCH,True,True,True,False,QUERY
qingye-R2-03-1,qingye-R2-03-1-r3,prospective_executor_labels,quotation,a,2,-0.0,-0.0,0,MATCH,True,True,True,False,QUERY
qingye-R2-03-1,qingye-R2-03-1-r3,prospective_executor_labels,quotation,a,3,-0.0,-0.0,0,MATCH,True,True,True,False,QUERY
qingye-R2-03-1,qingye-R2-03-1-r3,prospective_executor_labels,quotation,a,4,-0.0,-0.0,0,MATCH,True,True,True,False,QUERY
qingye-R2-03-1,qingye-R2-03-1-r3,prospective_executor_labels,quotation,b,1,-0.0,-0.0,0,MATCH,True,True,True,False,QUERY
qingye-R2-03-1,qingye-R2-03-1-r3,prospective_executor_labels,quotation,b,2,-0.0,-0.0,0,MATCH,True,True,True,False,QUERY
qingye-R2-03-1,qingye-R2-03-1-r3,prospective_executor_labels,quotation,b,3,-0.0,-0.0,0,MATCH,True,True,True,False,QUERY
qingye-R2-03-1,qingye-R2-03-1-r3,prospective_executor_labels,quotation,b,4,-0.0,-0.0,0,MATCH,True,True,True,False,QUERY
library-R2-03-1,library-R2-03-1-r0,prospective_executor_labels,quotation,a,1,-0.0,-0.0,0,MATCH,True,True,True,False,QUERY
library-R2-03-1,library-R2-03-1-r0,prospective_executor_labels,quotation,a,2,-0.0,-0.0,0,MATCH,True,True,True,False,QUERY
library-R2-03-1,library-R2-03-1-r0,prospective_executor_labels,quotation,a,3,-0.0,-0.0,0,MATCH,True,True,True,False,QUERY
library-R2-03-1,library-R2-03-1-r0,prospective_executor_labels,quotation,a,4,-0.0,-0.0,0,MATCH,True,True,True,False,QUERY
library-R2-03-1,library-R2-03-1-r0,prospective_executor_labels,quotation,b,1,-0.0,-0.0,0,MATCH,True,True,True,False,QUERY
library-R2-03-1,library-R2-03-1-r0,prospective_executor_labels,quotation,b,2,-0.0,-0.0,0,MATCH,True,True,True,False,QUERY
library-R2-03-1,library-R2-03-1-r0,prospective_executor_labels,quotation,b,3,-0.0,-0.0,0,MATCH,True,True,True,False,QUERY
library-R2-03-1,library-R2-03-1-r0,prospective_executor_labels,quotation,b,4,-0.0,-0.0,0,MATCH,True,True,True,False,QUERY
library-DuSQL-qid001404,library-DuSQL-qid001404-r2,external_verbatim_capability_boundary,external_unsupported_sql,a,1,-0.0,-0.0,1,ACTION:CLARIFY->REJECT,False,False,False,False,REJECT
library-DuSQL-qid001404,library-DuSQL-qid001404-r2,external_verbatim_capability_boundary,external_unsupported_sql,a,2,-0.0,-0.0,2,ACTION:CLARIFY->REJECT,False,False,False,False,REJECT
library-DuSQL-qid001404,library-DuSQL-qid001404-r2,external_verbatim_capability_boundary,external_unsupported_sql,a,3,-0.0,-0.0,3,ACTION:CLARIFY->REJECT,False,False,False,False,REJECT
library-DuSQL-qid001404,library-DuSQL-qid001404-r2,external_verbatim_capability_boundary,external_unsupported_sql,a,4,-0.0,-0.0,4,ACTION:CLARIFY->REJECT,False,False,False,False,REJECT
library-DuSQL-qid001404,library-DuSQL-qid001404-r2,external_verbatim_capability_boundary,external_unsupported_sql,b,1,-0.0,-0.0,1,ACTION:CLARIFY->QUERY,False,False,False,False,REJECT
library-DuSQL-qid001404,library-DuSQL-qid001404-r2,external_verbatim_capability_boundary,external_unsupported_sql,b,2,1.0,-0.0,2,ACTION:CLARIFY->QUERY,False,False,False,False,REJECT
library-DuSQL-qid001404,library-DuSQL-qid001404-r2,external_verbatim_capability_boundary,external_unsupported_sql,b,3,0.9182958340544896,-0.0,3,ACTION:CLARIFY->QUERY,False,False,False,False,REJECT
library-DuSQL-qid001404,library-DuSQL-qid001404-r2,external_verbatim_capability_boundary,external_unsupported_sql,b,4,0.8112781244591328,-0.0,4,ACTION:CLARIFY->QUERY,False,False,False,False,REJECT
library-DuSQL-qid001628,library-DuSQL-qid001628-r2,external_verbatim_capability_boundary,external_unsupported_sql,a,1,-0.0,-0.0,1,ACTION:CLARIFY->REJECT,False,False,False,False,REJECT
library-DuSQL-qid001628,library-DuSQL-qid001628-r2,external_verbatim_capability_boundary,external_unsupported_sql,a,2,-0.0,-0.0,2,ACTION:CLARIFY->REJECT,False,False,False,False,REJECT
library-DuSQL-qid001628,library-DuSQL-qid001628-r2,external_verbatim_capability_boundary,external_unsupported_sql,a,3,-0.0,-0.0,3,ACTION:CLARIFY->REJECT,False,False,False,False,REJECT
library-DuSQL-qid001628,library-DuSQL-qid001628-r2,external_verbatim_capability_boundary,external_unsupported_sql,a,4,-0.0,-0.0,4,ACTION:CLARIFY->REJECT,False,False,False,False,REJECT
library-DuSQL-qid001628,library-DuSQL-qid001628-r2,external_verbatim_capability_boundary,external_unsupported_sql,b,1,-0.0,-0.0,1,ACTION:CLARIFY->REJECT,False,False,False,False,REJECT
library-DuSQL-qid001628,library-DuSQL-qid001628-r2,external_verbatim_capability_boundary,external_unsupported_sql,b,2,1.0,1.0,2,ACTION:CLARIFY->REJECT,False,False,False,False,REJECT
library-DuSQL-qid001628,library-DuSQL-qid001628-r2,external_verbatim_capability_boundary,external_unsupported_sql,b,3,0.9182958340544896,0.9182958340544896,3,ACTION:CLARIFY->REJECT,False,False,False,False,REJECT
library-DuSQL-qid001628,library-DuSQL-qid001628-r2,external_verbatim_capability_boundary,external_unsupported_sql,b,4,1.0,1.0,4,ACTION:CLARIFY->REJECT,False,False,False,False,REJECT
qingye-R2-03-2,qingye-R2-03-2-r1,prospective_executor_labels,quotation,a,1,-0.0,-0.0,0,MATCH,True,True,True,False,QUERY
qingye-R2-03-2,qingye-R2-03-2-r1,prospective_executor_labels,quotation,a,2,-0.0,-0.0,0,MATCH,True,True,True,False,QUERY
qingye-R2-03-2,qingye-R2-03-2-r1,prospective_executor_labels,quotation,a,3,-0.0,-0.0,0,MATCH,True,True,True,False,QUERY
qingye-R2-03-2,qingye-R2-03-2-r1,prospective_executor_labels,quotation,a,4,-0.0,-0.0,0,MATCH,True,True,True,False,QUERY
qingye-R2-03-2,qingye-R2-03-2-r1,prospective_executor_labels,quotation,b,1,-0.0,-0.0,0,MATCH,True,True,True,False,QUERY
qingye-R2-03-2,qingye-R2-03-2-r1,prospective_executor_labels,quotation,b,2,-0.0,-0.0,0,MATCH,True,True,True,False,QUERY
qingye-R2-03-2,qingye-R2-03-2-r1,prospective_executor_labels,quotation,b,3,-0.0,-0.0,0,MATCH,True,True,True,False,QUERY
qingye-R2-03-2,qingye-R2-03-2-r1,prospective_executor_labels,quotation,b,4,-0.0,-0.0,0,MATCH,True,True,True,False,QUERY
library-DuSQL-qid002464,library-DuSQL-qid002464-r3,external_verbatim_capability_boundary,external_unsupported_sql,a,1,-0.0,-0.0,1,ACTION:CLARIFY->REJECT,False,False,False,False,REJECT
library-DuSQL-qid002464,library-DuSQL-qid002464-r3,external_verbatim_capability_boundary,external_unsupported_sql,a,2,-0.0,-0.0,2,ACTION:CLARIFY->REJECT,False,False,False,False,REJECT
library-DuSQL-qid002464,library-DuSQL-qid002464-r3,external_verbatim_capability_boundary,external_unsupported_sql,a,3,-0.0,-0.0,3,ACTION:CLARIFY->REJECT,False,False,False,False,REJECT
library-DuSQL-qid002464,library-DuSQL-qid002464-r3,external_verbatim_capability_boundary,external_unsupported_sql,a,4,-0.0,-0.0,4,ACTION:CLARIFY->REJECT,False,False,False,False,REJECT
library-DuSQL-qid002464,library-DuSQL-qid002464-r3,external_verbatim_capability_boundary,external_unsupported_sql,b,1,-0.0,-0.0,1,ACTION:CLARIFY->REJECT,False,False,False,False,REJECT
library-DuSQL-qid002464,library-DuSQL-qid002464-r3,external_verbatim_capability_boundary,external_unsupported_sql,b,2,-0.0,-0.0,2,ACTION:CLARIFY->REJECT,False,False,False,False,REJECT
library-DuSQL-qid002464,library-DuSQL-qid002464-r3,external_verbatim_capability_boundary,external_unsupported_sql,b,3,-0.0,-0.0,3,ACTION:CLARIFY->REJECT,False,False,False,False,REJECT
library-DuSQL-qid002464,library-DuSQL-qid002464-r3,external_verbatim_capability_boundary,external_unsupported_sql,b,4,-0.0,-0.0,4,ACTION:CLARIFY->REJECT,False,False,False,False,REJECT
qingye-R2-06-2,qingye-R2-06-2-r1,prospective_executor_labels,private_constraints,a,1,-0.0,-0.0,0,MATCH,True,True,False,False,CLARIFY
qingye-R2-06-2,qingye-R2-06-2-r1,prospective_executor_labels,private_constraints,a,2,-0.0,-0.0,0,MATCH,True,True,False,False,CLARIFY
qingye-R2-06-2,qingye-R2-06-2-r1,prospective_executor_labels,private_constraints,a,3,-0.0,-0.0,0,MATCH,True,True,False,False,CLARIFY
qingye-R2-06-2,qingye-R2-06-2-r1,prospective_executor_labels,private_constraints,a,4,-0.0,-0.0,0,MATCH,True,True,False,False,CLARIFY
qingye-R2-06-2,qingye-R2-06-2-r1,prospective_executor_labels,private_constraints,b,1,-0.0,-0.0,0,MATCH,True,True,False,False,CLARIFY
qingye-R2-06-2,qingye-R2-06-2-r1,prospective_executor_labels,private_constraints,b,2,-0.0,-0.0,0,MATCH,True,True,False,False,CLARIFY
qingye-R2-06-2,qingye-R2-06-2-r1,prospective_executor_labels,private_constraints,b,3,0.9182958340544896,0.9182958340544896,1,MATCH,True,True,False,False,CLARIFY
qingye-R2-06-2,qingye-R2-06-2-r1,prospective_executor_labels,private_constraints,b,4,0.8112781244591328,0.8112781244591328,1,MATCH,True,True,False,False,CLARIFY
qingye-R2-01-1,qingye-R2-01-1-r3,prospective_executor_labels,current_scope,a,1,-0.0,-0.0,0,MATCH,True,True,True,False,QUERY
qingye-R2-01-1,qingye-R2-01-1-r3,prospective_executor_labels,current_scope,a,2,-0.0,-0.0,0,MATCH,True,True,True,False,QUERY
qingye-R2-01-1,qingye-R2-01-1-r3,prospective_executor_labels,current_scope,a,3,-0.0,-0.0,0,MATCH,True,True,True,False,QUERY
qingye-R2-01-1,qingye-R2-01-1-r3,prospective_executor_labels,current_scope,a,4,-0.0,-0.0,0,MATCH,True,True,True,False,QUERY
qingye-R2-01-1,qingye-R2-01-1-r3,prospective_executor_labels,current_scope,b,1,-0.0,-0.0,0,MATCH,True,True,True,False,QUERY
qingye-R2-01-1,qingye-R2-01-1-r3,prospective_executor_labels,current_scope,b,2,-0.0,-0.0,0,MATCH,True,True,True,False,QUERY
qingye-R2-01-1,qingye-R2-01-1-r3,prospective_executor_labels,current_scope,b,3,-0.0,-0.0,0,MATCH,True,True,True,False,QUERY
qingye-R2-01-1,qingye-R2-01-1-r3,prospective_executor_labels,current_scope,b,4,-0.0,-0.0,0,MATCH,True,True,True,False,QUERY
library-R2-02-2,library-R2-02-2-r0,prospective_executor_labels,exclusion,a,1,-0.0,-0.0,0,MATCH,True,True,True,False,QUERY
library-R2-02-2,library-R2-02-2-r0,prospective_executor_labels,exclusion,a,2,-0.0,-0.0,0,MATCH,True,True,True,False,QUERY
library-R2-02-2,library-R2-02-2-r0,prospective_executor_labels,exclusion,a,3,-0.0,-0.0,0,MATCH,True,True,True,False,QUERY
library-R2-02-2,library-R2-02-2-r0,prospective_executor_labels,exclusion,a,4,-0.0,-0.0,0,MATCH,True,True,True,False,QUERY
library-R2-02-2,library-R2-02-2-r0,prospective_executor_labels,exclusion,b,1,-0.0,-0.0,0,MATCH,True,True,True,False,QUERY
library-R2-02-2,library-R2-02-2-r0,prospective_executor_labels,exclusion,b,2,-0.0,-0.0,0,MATCH,True,True,True,False,QUERY
library-R2-02-2,library-R2-02-2-r0,prospective_executor_labels,exclusion,b,3,-0.0,-0.0,0,MATCH,True,True,True,False,QUERY
library-R2-02-2,library-R2-02-2-r0,prospective_executor_labels,exclusion,b,4,-0.0,-0.0,0,MATCH,True,True,True,False,QUERY
qingye-R2-05-1,qingye-R2-05-1-r0,prospective_executor_labels,retained_actions,a,1,-0.0,-0.0,0,MATCH,True,True,False,False,CLARIFY
qingye-R2-05-1,qingye-R2-05-1-r0,prospective_executor_labels,retained_actions,a,2,-0.0,-0.0,0,MATCH,True,True,False,False,CLARIFY
qingye-R2-05-1,qingye-R2-05-1-r0,prospective_executor_labels,retained_actions,a,3,-0.0,-0.0,0,MATCH,True,True,False,False,CLARIFY
qingye-R2-05-1,qingye-R2-05-1-r0,prospective_executor_labels,retained_actions,a,4,-0.0,-0.0,0,MATCH,True,True,False,False,CLARIFY
qingye-R2-05-1,qingye-R2-05-1-r0,prospective_executor_labels,retained_actions,b,1,-0.0,-0.0,1,ACTION:CLARIFY->QUERY,False,False,False,True,QUERY
qingye-R2-05-1,qingye-R2-05-1-r0,prospective_executor_labels,retained_actions,b,2,-0.0,-0.0,2,ACTION:CLARIFY->QUERY,False,False,False,True,QUERY
qingye-R2-05-1,qingye-R2-05-1-r0,prospective_executor_labels,retained_actions,b,3,-0.0,-0.0,3,ACTION:CLARIFY->QUERY,False,False,False,True,QUERY
qingye-R2-05-1,qingye-R2-05-1-r0,prospective_executor_labels,retained_actions,b,4,-0.0,-0.0,4,ACTION:CLARIFY->QUERY,False,False,False,True,QUERY
qingye-R2-03-1,qingye-R2-03-1-r2,prospective_executor_labels,quotation,a,1,-0.0,-0.0,0,MATCH,True,True,True,False,QUERY
qingye-R2-03-1,qingye-R2-03-1-r2,prospective_executor_labels,quotation,a,2,-0.0,-0.0,0,MATCH,True,True,True,False,QUERY
qingye-R2-03-1,qingye-R2-03-1-r2,prospective_executor_labels,quotation,a,3,-0.0,-0.0,0,MATCH,True,True,True,False,QUERY
qingye-R2-03-1,qingye-R2-03-1-r2,prospective_executor_labels,quotation,a,4,-0.0,-0.0,0,MATCH,True,True,True,False,QUERY
qingye-R2-03-1,qingye-R2-03-1-r2,prospective_executor_labels,quotation,b,1,-0.0,-0.0,0,MATCH,True,True,True,False,QUERY
qingye-R2-03-1,qingye-R2-03-1-r2,prospective_executor_labels,quotation,b,2,-0.0,-0.0,0,MATCH,True,True,True,False,QUERY
qingye-R2-03-1,qingye-R2-03-1-r2,prospective_executor_labels,quotation,b,3,-0.0,-0.0,0,MATCH,True,True,True,False,QUERY
qingye-R2-03-1,qingye-R2-03-1-r2,prospective_executor_labels,quotation,b,4,-0.0,-0.0,0,MATCH,True,True,True,False,QUERY
qingye-R2-03-2,qingye-R2-03-2-r0,prospective_executor_labels,quotation,a,1,-0.0,-0.0,0,MATCH,True,True,True,False,QUERY
qingye-R2-03-2,qingye-R2-03-2-r0,prospective_executor_labels,quotation,a,2,-0.0,-0.0,0,MATCH,True,True,True,False,QUERY
qingye-R2-03-2,qingye-R2-03-2-r0,prospective_executor_labels,quotation,a,3,-0.0,-0.0,0,MATCH,True,True,True,False,QUERY
qingye-R2-03-2,qingye-R2-03-2-r0,prospective_executor_labels,quotation,a,4,-0.0,-0.0,0,MATCH,True,True,True,False,QUERY
qingye-R2-03-2,qingye-R2-03-2-r0,prospective_executor_labels,quotation,b,1,-0.0,-0.0,0,MATCH,True,True,True,False,QUERY
qingye-R2-03-2,qingye-R2-03-2-r0,prospective_executor_labels,quotation,b,2,-0.0,-0.0,0,MATCH,True,True,True,False,QUERY
qingye-R2-03-2,qingye-R2-03-2-r0,prospective_executor_labels,quotation,b,3,-0.0,-0.0,0,MATCH,True,True,True,False,QUERY
qingye-R2-03-2,qingye-R2-03-2-r0,prospective_executor_labels,quotation,b,4,-0.0,-0.0,0,MATCH,True,True,True,False,QUERY
library-DuSQL-qid001332,library-DuSQL-qid001332-r2,external_verbatim_capability_boundary,external_unsupported_sql,a,1,-0.0,-0.0,1,ACTION:CLARIFY->REJECT,False,False,False,False,REJECT
library-DuSQL-qid001332,library-DuSQL-qid001332-r2,external_verbatim_capability_boundary,external_unsupported_sql,a,2,-0.0,-0.0,2,ACTION:CLARIFY->REJECT,False,False,False,False,REJECT
library-DuSQL-qid001332,library-DuSQL-qid001332-r2,external_verbatim_capability_boundary,external_unsupported_sql,a,3,-0.0,-0.0,3,ACTION:CLARIFY->REJECT,False,False,False,False,REJECT
library-DuSQL-qid001332,library-DuSQL-qid001332-r2,external_verbatim_capability_boundary,external_unsupported_sql,a,4,-0.0,-0.0,4,ACTION:CLARIFY->REJECT,False,False,False,False,REJECT
library-DuSQL-qid001332,library-DuSQL-qid001332-r2,external_verbatim_capability_boundary,external_unsupported_sql,b,1,-0.0,-0.0,1,ACTION:CLARIFY->QUERY,False,False,False,False,REJECT
library-DuSQL-qid001332,library-DuSQL-qid001332-r2,external_verbatim_capability_boundary,external_unsupported_sql,b,2,-0.0,-0.0,2,ACTION:CLARIFY->QUERY,False,True,False,False,POLICY_ABSTENTION
library-DuSQL-qid001332,library-DuSQL-qid001332-r2,external_verbatim_capability_boundary,external_unsupported_sql,b,3,-0.0,-0.0,3,ACTION:CLARIFY->QUERY,False,True,False,False,POLICY_ABSTENTION
library-DuSQL-qid001332,library-DuSQL-qid001332-r2,external_verbatim_capability_boundary,external_unsupported_sql,b,4,-0.0,-0.0,4,ACTION:CLARIFY->QUERY,False,True,False,False,POLICY_ABSTENTION
library-R2-03-1,library-R2-03-1-r1,prospective_executor_labels,quotation,a,1,-0.0,-0.0,0,MATCH,True,True,True,False,QUERY
library-R2-03-1,library-R2-03-1-r1,prospective_executor_labels,quotation,a,2,-0.0,-0.0,0,MATCH,True,True,True,False,QUERY
library-R2-03-1,library-R2-03-1-r1,prospective_executor_labels,quotation,a,3,-0.0,-0.0,0,MATCH,True,True,True,False,QUERY
library-R2-03-1,library-R2-03-1-r1,prospective_executor_labels,quotation,a,4,-0.0,-0.0,0,MATCH,True,True,True,False,QUERY
library-R2-03-1,library-R2-03-1-r1,prospective_executor_labels,quotation,b,1,-0.0,-0.0,0,MATCH,True,True,True,False,QUERY
library-R2-03-1,library-R2-03-1-r1,prospective_executor_labels,quotation,b,2,-0.0,-0.0,0,MATCH,True,True,True,False,QUERY
library-R2-03-1,library-R2-03-1-r1,prospective_executor_labels,quotation,b,3,-0.0,-0.0,0,MATCH,True,True,True,False,QUERY
library-R2-03-1,library-R2-03-1-r1,prospective_executor_labels,quotation,b,4,-0.0,-0.0,0,MATCH,True,True,True,False,QUERY
library-R2-06-2,library-R2-06-2-r2,prospective_executor_labels,private_constraints,a,1,-0.0,-0.0,0,MATCH,True,True,False,False,CLARIFY
library-R2-06-2,library-R2-06-2-r2,prospective_executor_labels,private_constraints,a,2,-0.0,-0.0,0,MATCH,True,True,False,False,CLARIFY
library-R2-06-2,library-R2-06-2-r2,prospective_executor_labels,private_constraints,a,3,-0.0,-0.0,0,MATCH,True,True,False,False,CLARIFY
library-R2-06-2,library-R2-06-2-r2,prospective_executor_labels,private_constraints,a,4,-0.0,-0.0,0,MATCH,True,True,False,False,CLARIFY
library-R2-06-2,library-R2-06-2-r2,prospective_executor_labels,private_constraints,b,1,-0.0,-0.0,1,ACTION:CLARIFY->QUERY,False,False,False,False,REJECT
library-R2-06-2,library-R2-06-2-r2,prospective_executor_labels,private_constraints,b,2,-0.0,-0.0,2,ACTION:CLARIFY->QUERY,False,True,False,False,POLICY_ABSTENTION
library-R2-06-2,library-R2-06-2-r2,prospective_executor_labels,private_constraints,b,3,-0.0,-0.0,3,ACTION:CLARIFY->QUERY,False,True,False,False,POLICY_ABSTENTION
library-R2-06-2,library-R2-06-2-r2,prospective_executor_labels,private_constraints,b,4,-0.0,-0.0,4,ACTION:CLARIFY->QUERY,False,True,False,False,POLICY_ABSTENTION
qingye-R2-04-1,qingye-R2-04-1-r3,prospective_executor_labels,field_list,a,1,-0.0,-0.0,0,MATCH,True,True,True,False,QUERY
qingye-R2-04-1,qingye-R2-04-1-r3,prospective_executor_labels,field_list,a,2,-0.0,-0.0,0,MATCH,True,True,True,False,QUERY
qingye-R2-04-1,qingye-R2-04-1-r3,prospective_executor_labels,field_list,a,3,-0.0,-0.0,0,MATCH,True,True,True,False,QUERY
qingye-R2-04-1,qingye-R2-04-1-r3,prospective_executor_labels,field_list,a,4,-0.0,-0.0,0,MATCH,True,True,True,False,QUERY
qingye-R2-04-1,qingye-R2-04-1-r3,prospective_executor_labels,field_list,b,1,-0.0,-0.0,0,MATCH,True,True,True,False,QUERY
qingye-R2-04-1,qingye-R2-04-1-r3,prospective_executor_labels,field_list,b,2,-0.0,-0.0,0,MATCH,True,True,True,False,QUERY
qingye-R2-04-1,qingye-R2-04-1-r3,prospective_executor_labels,field_list,b,3,-0.0,-0.0,0,MATCH,True,True,True,False,QUERY
qingye-R2-04-1,qingye-R2-04-1-r3,prospective_executor_labels,field_list,b,4,-0.0,-0.0,0,MATCH,True,True,True,False,QUERY
qingye-R2-06-2,qingye-R2-06-2-r0,prospective_executor_labels,private_constraints,a,1,-0.0,-0.0,0,MATCH,True,True,False,False,CLARIFY
qingye-R2-06-2,qingye-R2-06-2-r0,prospective_executor_labels,private_constraints,a,2,-0.0,-0.0,0,MATCH,True,True,False,False,CLARIFY
qingye-R2-06-2,qingye-R2-06-2-r0,prospective_executor_labels,private_constraints,a,3,-0.0,-0.0,0,MATCH,True,True,False,False,CLARIFY
qingye-R2-06-2,qingye-R2-06-2-r0,prospective_executor_labels,private_constraints,a,4,-0.0,-0.0,0,MATCH,True,True,False,False,CLARIFY
qingye-R2-06-2,qingye-R2-06-2-r0,prospective_executor_labels,private_constraints,b,1,-0.0,-0.0,1,ACTION:CLARIFY->QUERY,False,False,False,False,CLARIFY
qingye-R2-06-2,qingye-R2-06-2-r0,prospective_executor_labels,private_constraints,b,2,1.0,1.0,1,ACTION:CLARIFY->QUERY,False,True,False,False,POLICY_ABSTENTION
qingye-R2-06-2,qingye-R2-06-2-r0,prospective_executor_labels,private_constraints,b,3,0.9182958340544896,0.9182958340544896,1,MATCH,True,True,False,False,CLARIFY
qingye-R2-06-2,qingye-R2-06-2-r0,prospective_executor_labels,private_constraints,b,4,1.0,1.0,2,ACTION:CLARIFY->QUERY,False,True,False,False,POLICY_ABSTENTION
qingye-R2-04-1,qingye-R2-04-1-r2,prospective_executor_labels,field_list,a,1,-0.0,-0.0,0,MATCH,True,True,True,False,QUERY
qingye-R2-04-1,qingye-R2-04-1-r2,prospective_executor_labels,field_list,a,2,-0.0,-0.0,0,MATCH,True,True,True,False,QUERY
qingye-R2-04-1,qingye-R2-04-1-r2,prospective_executor_labels,field_list,a,3,-0.0,-0.0,0,MATCH,True,True,True,False,QUERY
qingye-R2-04-1,qingye-R2-04-1-r2,prospective_executor_labels,field_list,a,4,-0.0,-0.0,0,MATCH,True,True,True,False,QUERY
qingye-R2-04-1,qingye-R2-04-1-r2,prospective_executor_labels,field_list,b,1,-0.0,-0.0,0,MATCH,True,True,True,False,QUERY
qingye-R2-04-1,qingye-R2-04-1-r2,prospective_executor_labels,field_list,b,2,-0.0,-0.0,0,MATCH,True,True,True,False,QUERY
qingye-R2-04-1,qingye-R2-04-1-r2,prospective_executor_labels,field_list,b,3,-0.0,-0.0,0,MATCH,True,True,True,False,QUERY
qingye-R2-04-1,qingye-R2-04-1-r2,prospective_executor_labels,field_list,b,4,-0.0,-0.0,0,MATCH,True,True,True,False,QUERY
library-DuSQL-qid001332,library-DuSQL-qid001332-r0,external_verbatim_capability_boundary,external_unsupported_sql,a,1,-0.0,-0.0,1,ACTION:CLARIFY->REJECT,False,False,False,False,REJECT
library-DuSQL-qid001332,library-DuSQL-qid001332-r0,external_verbatim_capability_boundary,external_unsupported_sql,a,2,-0.0,-0.0,2,ACTION:CLARIFY->REJECT,False,False,False,False,REJECT
library-DuSQL-qid001332,library-DuSQL-qid001332-r0,external_verbatim_capability_boundary,external_unsupported_sql,a,3,-0.0,-0.0,3,ACTION:CLARIFY->REJECT,False,False,False,False,REJECT
library-DuSQL-qid001332,library-DuSQL-qid001332-r0,external_verbatim_capability_boundary,external_unsupported_sql,a,4,-0.0,-0.0,4,ACTION:CLARIFY->REJECT,False,False,False,False,REJECT
library-DuSQL-qid001332,library-DuSQL-qid001332-r0,external_verbatim_capability_boundary,external_unsupported_sql,b,1,-0.0,-0.0,1,ACTION:CLARIFY->QUERY,False,False,False,False,REJECT
library-DuSQL-qid001332,library-DuSQL-qid001332-r0,external_verbatim_capability_boundary,external_unsupported_sql,b,2,1.0,-0.0,2,ACTION:CLARIFY->QUERY,False,True,False,False,POLICY_ABSTENTION
library-DuSQL-qid001332,library-DuSQL-qid001332-r0,external_verbatim_capability_boundary,external_unsupported_sql,b,3,0.9182958340544896,-0.0,3,ACTION:CLARIFY->QUERY,False,True,False,False,POLICY_ABSTENTION
library-DuSQL-qid001332,library-DuSQL-qid001332-r0,external_verbatim_capability_boundary,external_unsupported_sql,b,4,0.8112781244591328,-0.0,4,ACTION:CLARIFY->QUERY,False,True,False,False,POLICY_ABSTENTION
library-R2-01-2,library-R2-01-2-r1,prospective_executor_labels,current_scope,a,1,-0.0,-0.0,0,MATCH,True,True,True,False,QUERY
library-R2-01-2,library-R2-01-2-r1,prospective_executor_labels,current_scope,a,2,-0.0,-0.0,0,MATCH,True,True,True,False,QUERY
library-R2-01-2,library-R2-01-2-r1,prospective_executor_labels,current_scope,a,3,-0.0,-0.0,0,MATCH,True,True,True,False,QUERY
library-R2-01-2,library-R2-01-2-r1,prospective_executor_labels,current_scope,a,4,-0.0,-0.0,0,MATCH,True,True,True,False,QUERY
library-R2-01-2,library-R2-01-2-r1,prospective_executor_labels,current_scope,b,1,-0.0,-0.0,0,MATCH,True,True,True,False,QUERY
library-R2-01-2,library-R2-01-2-r1,prospective_executor_labels,current_scope,b,2,-0.0,-0.0,0,MATCH,True,True,True,False,QUERY
library-R2-01-2,library-R2-01-2-r1,prospective_executor_labels,current_scope,b,3,-0.0,-0.0,0,MATCH,True,True,True,False,QUERY
library-R2-01-2,library-R2-01-2-r1,prospective_executor_labels,current_scope,b,4,-0.0,-0.0,0,MATCH,True,True,True,False,QUERY
library-R2-06-2,library-R2-06-2-r0,prospective_executor_labels,private_constraints,a,1,-0.0,-0.0,0,MATCH,True,True,False,False,CLARIFY
library-R2-06-2,library-R2-06-2-r0,prospective_executor_labels,private_constraints,a,2,-0.0,-0.0,0,MATCH,True,True,False,False,CLARIFY
library-R2-06-2,library-R2-06-2-r0,prospective_executor_labels,private_constraints,a,3,-0.0,-0.0,0,MATCH,True,True,False,False,CLARIFY
library-R2-06-2,library-R2-06-2-r0,prospective_executor_labels,private_constraints,a,4,-0.0,-0.0,0,MATCH,True,True,False,False,CLARIFY
library-R2-06-2,library-R2-06-2-r0,prospective_executor_labels,private_constraints,b,1,-0.0,-0.0,1,ACTION:CLARIFY->QUERY,False,False,False,False,REJECT
library-R2-06-2,library-R2-06-2-r0,prospective_executor_labels,private_constraints,b,2,-0.0,-0.0,2,ACTION:CLARIFY->QUERY,False,True,False,False,POLICY_ABSTENTION
library-R2-06-2,library-R2-06-2-r0,prospective_executor_labels,private_constraints,b,3,-0.0,-0.0,3,ACTION:CLARIFY->QUERY,False,True,False,False,POLICY_ABSTENTION
library-R2-06-2,library-R2-06-2-r0,prospective_executor_labels,private_constraints,b,4,-0.0,-0.0,4,ACTION:CLARIFY->QUERY,False,True,False,False,POLICY_ABSTENTION
qingye-R2-02-1,qingye-R2-02-1-r3,prospective_executor_labels,exclusion,a,1,-0.0,-0.0,0,MATCH,True,True,True,False,QUERY
qingye-R2-02-1,qingye-R2-02-1-r3,prospective_executor_labels,exclusion,a,2,-0.0,-0.0,0,MATCH,True,True,True,False,QUERY
qingye-R2-02-1,qingye-R2-02-1-r3,prospective_executor_labels,exclusion,a,3,-0.0,-0.0,0,MATCH,True,True,True,False,QUERY
qingye-R2-02-1,qingye-R2-02-1-r3,prospective_executor_labels,exclusion,a,4,-0.0,-0.0,0,MATCH,True,True,True,False,QUERY
qingye-R2-02-1,qingye-R2-02-1-r3,prospective_executor_labels,exclusion,b,1,-0.0,-0.0,0,MATCH,True,True,True,False,QUERY
qingye-R2-02-1,qingye-R2-02-1-r3,prospective_executor_labels,exclusion,b,2,-0.0,-0.0,0,MATCH,True,True,True,False,QUERY
qingye-R2-02-1,qingye-R2-02-1-r3,prospective_executor_labels,exclusion,b,3,-0.0,-0.0,0,MATCH,True,True,True,False,QUERY
qingye-R2-02-1,qingye-R2-02-1-r3,prospective_executor_labels,exclusion,b,4,-0.0,-0.0,0,MATCH,True,True,True,False,QUERY
library-DuSQL-qid002464,library-DuSQL-qid002464-r1,external_verbatim_capability_boundary,external_unsupported_sql,a,1,-0.0,-0.0,1,ACTION:CLARIFY->REJECT,False,False,False,False,REJECT
library-DuSQL-qid002464,library-DuSQL-qid002464-r1,external_verbatim_capability_boundary,external_unsupported_sql,a,2,-0.0,-0.0,2,ACTION:CLARIFY->REJECT,False,False,False,False,REJECT
library-DuSQL-qid002464,library-DuSQL-qid002464-r1,external_verbatim_capability_boundary,external_unsupported_sql,a,3,-0.0,-0.0,3,ACTION:CLARIFY->REJECT,False,False,False,False,REJECT
library-DuSQL-qid002464,library-DuSQL-qid002464-r1,external_verbatim_capability_boundary,external_unsupported_sql,a,4,-0.0,-0.0,4,ACTION:CLARIFY->REJECT,False,False,False,False,REJECT
library-DuSQL-qid002464,library-DuSQL-qid002464-r1,external_verbatim_capability_boundary,external_unsupported_sql,b,1,-0.0,-0.0,1,ACTION:CLARIFY->REJECT,False,False,False,False,REJECT
library-DuSQL-qid002464,library-DuSQL-qid002464-r1,external_verbatim_capability_boundary,external_unsupported_sql,b,2,-0.0,-0.0,2,ACTION:CLARIFY->REJECT,False,False,False,False,REJECT
library-DuSQL-qid002464,library-DuSQL-qid002464-r1,external_verbatim_capability_boundary,external_unsupported_sql,b,3,-0.0,-0.0,3,ACTION:CLARIFY->REJECT,False,False,False,False,REJECT
library-DuSQL-qid002464,library-DuSQL-qid002464-r1,external_verbatim_capability_boundary,external_unsupported_sql,b,4,0.8112781244591328,0.8112781244591328,4,ACTION:CLARIFY->REJECT,False,False,False,False,REJECT
library-R2-04-1,library-R2-04-1-r3,prospective_executor_labels,field_list,a,1,-0.0,-0.0,0,MATCH,True,True,True,False,QUERY
library-R2-04-1,library-R2-04-1-r3,prospective_executor_labels,field_list,a,2,-0.0,-0.0,0,MATCH,True,True,True,False,QUERY
library-R2-04-1,library-R2-04-1-r3,prospective_executor_labels,field_list,a,3,-0.0,-0.0,0,MATCH,True,True,True,False,QUERY
library-R2-04-1,library-R2-04-1-r3,prospective_executor_labels,field_list,a,4,-0.0,-0.0,0,MATCH,True,True,True,False,QUERY
library-R2-04-1,library-R2-04-1-r3,prospective_executor_labels,field_list,b,1,-0.0,-0.0,1,FIELDS:intent,False,False,False,True,QUERY
library-R2-04-1,library-R2-04-1-r3,prospective_executor_labels,field_list,b,2,-0.0,-0.0,2,FIELDS:intent,False,False,False,True,QUERY
library-R2-04-1,library-R2-04-1-r3,prospective_executor_labels,field_list,b,3,-0.0,-0.0,3,FIELDS:intent,False,False,False,True,QUERY
library-R2-04-1,library-R2-04-1-r3,prospective_executor_labels,field_list,b,4,-0.0,-0.0,4,FIELDS:intent,False,False,False,True,QUERY
qingye-R2-06-1,qingye-R2-06-1-r2,prospective_executor_labels,private_constraints,a,1,-0.0,-0.0,0,MATCH,True,True,False,False,CLARIFY
qingye-R2-06-1,qingye-R2-06-1-r2,prospective_executor_labels,private_constraints,a,2,-0.0,-0.0,0,MATCH,True,True,False,False,CLARIFY
qingye-R2-06-1,qingye-R2-06-1-r2,prospective_executor_labels,private_constraints,a,3,-0.0,-0.0,0,MATCH,True,True,False,False,CLARIFY
qingye-R2-06-1,qingye-R2-06-1-r2,prospective_executor_labels,private_constraints,a,4,-0.0,-0.0,0,MATCH,True,True,False,False,CLARIFY
qingye-R2-06-1,qingye-R2-06-1-r2,prospective_executor_labels,private_constraints,b,1,-0.0,-0.0,0,MATCH,False,False,False,False,REJECT
qingye-R2-06-1,qingye-R2-06-1-r2,prospective_executor_labels,private_constraints,b,2,1.0,-0.0,0,MATCH,False,True,False,False,POLICY_ABSTENTION
qingye-R2-06-1,qingye-R2-06-1-r2,prospective_executor_labels,private_constraints,b,3,0.9182958340544896,-0.0,0,MATCH,False,True,False,False,POLICY_ABSTENTION
qingye-R2-06-1,qingye-R2-06-1-r2,prospective_executor_labels,private_constraints,b,4,0.8112781244591328,-0.0,0,MATCH,False,True,False,False,POLICY_ABSTENTION
library-DuSQL-qid001332,library-DuSQL-qid001332-r3,external_verbatim_capability_boundary,external_unsupported_sql,a,1,-0.0,-0.0,1,ACTION:CLARIFY->REJECT,False,False,False,False,REJECT
library-DuSQL-qid001332,library-DuSQL-qid001332-r3,external_verbatim_capability_boundary,external_unsupported_sql,a,2,-0.0,-0.0,2,ACTION:CLARIFY->REJECT,False,False,False,False,REJECT
library-DuSQL-qid001332,library-DuSQL-qid001332-r3,external_verbatim_capability_boundary,external_unsupported_sql,a,3,-0.0,-0.0,3,ACTION:CLARIFY->REJECT,False,False,False,False,REJECT
library-DuSQL-qid001332,library-DuSQL-qid001332-r3,external_verbatim_capability_boundary,external_unsupported_sql,a,4,-0.0,-0.0,4,ACTION:CLARIFY->REJECT,False,False,False,False,REJECT
library-DuSQL-qid001332,library-DuSQL-qid001332-r3,external_verbatim_capability_boundary,external_unsupported_sql,b,1,-0.0,-0.0,1,ACTION:CLARIFY->QUERY,False,False,False,False,REJECT
library-DuSQL-qid001332,library-DuSQL-qid001332-r3,external_verbatim_capability_boundary,external_unsupported_sql,b,2,-0.0,-0.0,2,ACTION:CLARIFY->QUERY,False,True,False,False,POLICY_ABSTENTION
library-DuSQL-qid001332,library-DuSQL-qid001332-r3,external_verbatim_capability_boundary,external_unsupported_sql,b,3,-0.0,-0.0,3,ACTION:CLARIFY->QUERY,False,True,False,False,POLICY_ABSTENTION
library-DuSQL-qid001332,library-DuSQL-qid001332-r3,external_verbatim_capability_boundary,external_unsupported_sql,b,4,-0.0,-0.0,4,ACTION:CLARIFY->QUERY,False,True,False,False,POLICY_ABSTENTION
library-DuSQL-qid001404,library-DuSQL-qid001404-r3,external_verbatim_capability_boundary,external_unsupported_sql,a,1,-0.0,-0.0,1,ACTION:CLARIFY->REJECT,False,False,False,False,REJECT
library-DuSQL-qid001404,library-DuSQL-qid001404-r3,external_verbatim_capability_boundary,external_unsupported_sql,a,2,-0.0,-0.0,2,ACTION:CLARIFY->REJECT,False,False,False,False,REJECT
library-DuSQL-qid001404,library-DuSQL-qid001404-r3,external_verbatim_capability_boundary,external_unsupported_sql,a,3,-0.0,-0.0,3,ACTION:CLARIFY->REJECT,False,False,False,False,REJECT
library-DuSQL-qid001404,library-DuSQL-qid001404-r3,external_verbatim_capability_boundary,external_unsupported_sql,a,4,-0.0,-0.0,4,ACTION:CLARIFY->REJECT,False,False,False,False,REJECT
library-DuSQL-qid001404,library-DuSQL-qid001404-r3,external_verbatim_capability_boundary,external_unsupported_sql,b,1,-0.0,-0.0,1,ACTION:CLARIFY->QUERY,False,False,False,False,REJECT
library-DuSQL-qid001404,library-DuSQL-qid001404-r3,external_verbatim_capability_boundary,external_unsupported_sql,b,2,-0.0,-0.0,2,ACTION:CLARIFY->QUERY,False,False,False,False,REJECT
library-DuSQL-qid001404,library-DuSQL-qid001404-r3,external_verbatim_capability_boundary,external_unsupported_sql,b,3,-0.0,-0.0,3,ACTION:CLARIFY->QUERY,False,False,False,False,REJECT
library-DuSQL-qid001404,library-DuSQL-qid001404-r3,external_verbatim_capability_boundary,external_unsupported_sql,b,4,-0.0,-0.0,4,ACTION:CLARIFY->QUERY,False,False,False,False,REJECT
qingye-R2-01-1,qingye-R2-01-1-r2,prospective_executor_labels,current_scope,a,1,-0.0,-0.0,0,MATCH,True,True,True,False,QUERY
qingye-R2-01-1,qingye-R2-01-1-r2,prospective_executor_labels,current_scope,a,2,-0.0,-0.0,0,MATCH,True,True,True,False,QUERY
qingye-R2-01-1,qingye-R2-01-1-r2,prospective_executor_labels,current_scope,a,3,-0.0,-0.0,0,MATCH,True,True,True,False,QUERY
qingye-R2-01-1,qingye-R2-01-1-r2,prospective_executor_labels,current_scope,a,4,-0.0,-0.0,0,MATCH,True,True,True,False,QUERY
qingye-R2-01-1,qingye-R2-01-1-r2,prospective_executor_labels,current_scope,b,1,-0.0,-0.0,0,MATCH,True,True,True,False,QUERY
qingye-R2-01-1,qingye-R2-01-1-r2,prospective_executor_labels,current_scope,b,2,-0.0,-0.0,0,MATCH,True,True,True,False,QUERY
qingye-R2-01-1,qingye-R2-01-1-r2,prospective_executor_labels,current_scope,b,3,-0.0,-0.0,0,MATCH,True,True,True,False,QUERY
qingye-R2-01-1,qingye-R2-01-1-r2,prospective_executor_labels,current_scope,b,4,-0.0,-0.0,0,MATCH,True,True,True,False,QUERY
library-R2-05-1,library-R2-05-1-r3,prospective_executor_labels,retained_actions,a,1,-0.0,-0.0,0,MATCH,True,True,False,False,CLARIFY
library-R2-05-1,library-R2-05-1-r3,prospective_executor_labels,retained_actions,a,2,-0.0,-0.0,0,MATCH,True,True,False,False,CLARIFY
library-R2-05-1,library-R2-05-1-r3,prospective_executor_labels,retained_actions,a,3,-0.0,-0.0,0,MATCH,True,True,False,False,CLARIFY
library-R2-05-1,library-R2-05-1-r3,prospective_executor_labels,retained_actions,a,4,-0.0,-0.0,0,MATCH,True,True,False,False,CLARIFY
library-R2-05-1,library-R2-05-1-r3,prospective_executor_labels,retained_actions,b,1,-0.0,-0.0,1,ACTION:CLARIFY->QUERY,False,False,False,False,REJECT
library-R2-05-1,library-R2-05-1-r3,prospective_executor_labels,retained_actions,b,2,-0.0,-0.0,2,ACTION:CLARIFY->QUERY,False,True,False,False,POLICY_ABSTENTION
library-R2-05-1,library-R2-05-1-r3,prospective_executor_labels,retained_actions,b,3,-0.0,-0.0,3,ACTION:CLARIFY->QUERY,False,True,False,False,POLICY_ABSTENTION
library-R2-05-1,library-R2-05-1-r3,prospective_executor_labels,retained_actions,b,4,-0.0,-0.0,4,ACTION:CLARIFY->QUERY,False,True,False,False,POLICY_ABSTENTION
library-R2-01-2,library-R2-01-2-r2,prospective_executor_labels,current_scope,a,1,-0.0,-0.0,0,MATCH,True,True,True,False,QUERY
library-R2-01-2,library-R2-01-2-r2,prospective_executor_labels,current_scope,a,2,-0.0,-0.0,0,MATCH,True,True,True,False,QUERY
library-R2-01-2,library-R2-01-2-r2,prospective_executor_labels,current_scope,a,3,-0.0,-0.0,0,MATCH,True,True,True,False,QUERY
library-R2-01-2,library-R2-01-2-r2,prospective_executor_labels,current_scope,a,4,-0.0,-0.0,0,MATCH,True,True,True,False,QUERY
library-R2-01-2,library-R2-01-2-r2,prospective_executor_labels,current_scope,b,1,-0.0,-0.0,0,MATCH,True,True,True,False,QUERY
library-R2-01-2,library-R2-01-2-r2,prospective_executor_labels,current_scope,b,2,-0.0,-0.0,0,MATCH,True,True,True,False,QUERY
library-R2-01-2,library-R2-01-2-r2,prospective_executor_labels,current_scope,b,3,-0.0,-0.0,0,MATCH,True,True,True,False,QUERY
library-R2-01-2,library-R2-01-2-r2,prospective_executor_labels,current_scope,b,4,-0.0,-0.0,0,MATCH,True,True,True,False,QUERY
library-R2-02-2,library-R2-02-2-r3,prospective_executor_labels,exclusion,a,1,-0.0,-0.0,0,MATCH,True,True,True,False,QUERY
library-R2-02-2,library-R2-02-2-r3,prospective_executor_labels,exclusion,a,2,-0.0,-0.0,0,MATCH,True,True,True,False,QUERY
library-R2-02-2,library-R2-02-2-r3,prospective_executor_labels,exclusion,a,3,-0.0,-0.0,0,MATCH,True,True,True,False,QUERY
library-R2-02-2,library-R2-02-2-r3,prospective_executor_labels,exclusion,a,4,-0.0,-0.0,0,MATCH,True,True,True,False,QUERY
library-R2-02-2,library-R2-02-2-r3,prospective_executor_labels,exclusion,b,1,-0.0,-0.0,0,MATCH,True,True,True,False,QUERY
library-R2-02-2,library-R2-02-2-r3,prospective_executor_labels,exclusion,b,2,-0.0,-0.0,0,MATCH,True,True,True,False,QUERY
library-R2-02-2,library-R2-02-2-r3,prospective_executor_labels,exclusion,b,3,-0.0,-0.0,0,MATCH,True,True,True,False,QUERY
library-R2-02-2,library-R2-02-2-r3,prospective_executor_labels,exclusion,b,4,-0.0,-0.0,0,MATCH,True,True,True,False,QUERY
library-R2-05-2,library-R2-05-2-r1,prospective_executor_labels,retained_actions,a,1,-0.0,-0.0,0,MATCH,True,True,False,False,CLARIFY
library-R2-05-2,library-R2-05-2-r1,prospective_executor_labels,retained_actions,a,2,-0.0,-0.0,0,MATCH,True,True,False,False,CLARIFY
library-R2-05-2,library-R2-05-2-r1,prospective_executor_labels,retained_actions,a,3,-0.0,-0.0,0,MATCH,True,True,False,False,CLARIFY
library-R2-05-2,library-R2-05-2-r1,prospective_executor_labels,retained_actions,a,4,-0.0,-0.0,0,MATCH,True,True,False,False,CLARIFY
library-R2-05-2,library-R2-05-2-r1,prospective_executor_labels,retained_actions,b,1,-0.0,-0.0,1,ACTION:CLARIFY->QUERY,False,False,False,False,REJECT
library-R2-05-2,library-R2-05-2-r1,prospective_executor_labels,retained_actions,b,2,-0.0,-0.0,2,ACTION:CLARIFY->QUERY,False,True,False,False,POLICY_ABSTENTION
library-R2-05-2,library-R2-05-2-r1,prospective_executor_labels,retained_actions,b,3,-0.0,-0.0,3,ACTION:CLARIFY->QUERY,False,True,False,False,POLICY_ABSTENTION
library-R2-05-2,library-R2-05-2-r1,prospective_executor_labels,retained_actions,b,4,-0.0,-0.0,4,ACTION:CLARIFY->QUERY,False,True,False,False,POLICY_ABSTENTION
library-DuSQL-qid001404,library-DuSQL-qid001404-r0,external_verbatim_capability_boundary,external_unsupported_sql,a,1,-0.0,-0.0,1,ACTION:CLARIFY->REJECT,False,False,False,False,REJECT
library-DuSQL-qid001404,library-DuSQL-qid001404-r0,external_verbatim_capability_boundary,external_unsupported_sql,a,2,-0.0,-0.0,2,ACTION:CLARIFY->REJECT,False,False,False,False,REJECT
library-DuSQL-qid001404,library-DuSQL-qid001404-r0,external_verbatim_capability_boundary,external_unsupported_sql,a,3,-0.0,-0.0,3,ACTION:CLARIFY->REJECT,False,False,False,False,REJECT
library-DuSQL-qid001404,library-DuSQL-qid001404-r0,external_verbatim_capability_boundary,external_unsupported_sql,a,4,-0.0,-0.0,4,ACTION:CLARIFY->REJECT,False,False,False,False,REJECT
library-DuSQL-qid001404,library-DuSQL-qid001404-r0,external_verbatim_capability_boundary,external_unsupported_sql,b,1,-0.0,-0.0,1,ACTION:CLARIFY->QUERY,False,False,False,False,REJECT
library-DuSQL-qid001404,library-DuSQL-qid001404-r0,external_verbatim_capability_boundary,external_unsupported_sql,b,2,-0.0,-0.0,2,ACTION:CLARIFY->QUERY,False,False,False,False,REJECT
library-DuSQL-qid001404,library-DuSQL-qid001404-r0,external_verbatim_capability_boundary,external_unsupported_sql,b,3,0.9182958340544896,-0.0,3,ACTION:CLARIFY->QUERY,False,False,False,False,REJECT
library-DuSQL-qid001404,library-DuSQL-qid001404-r0,external_verbatim_capability_boundary,external_unsupported_sql,b,4,1.5,-0.0,4,ACTION:CLARIFY->QUERY,False,False,False,False,REJECT
library-R2-05-2,library-R2-05-2-r2,prospective_executor_labels,retained_actions,a,1,-0.0,-0.0,0,MATCH,True,True,False,False,CLARIFY
library-R2-05-2,library-R2-05-2-r2,prospective_executor_labels,retained_actions,a,2,-0.0,-0.0,0,MATCH,True,True,False,False,CLARIFY
library-R2-05-2,library-R2-05-2-r2,prospective_executor_labels,retained_actions,a,3,-0.0,-0.0,0,MATCH,True,True,False,False,CLARIFY
library-R2-05-2,library-R2-05-2-r2,prospective_executor_labels,retained_actions,a,4,-0.0,-0.0,0,MATCH,True,True,False,False,CLARIFY
library-R2-05-2,library-R2-05-2-r2,prospective_executor_labels,retained_actions,b,1,-0.0,-0.0,1,ACTION:CLARIFY->QUERY,False,False,False,False,REJECT
library-R2-05-2,library-R2-05-2-r2,prospective_executor_labels,retained_actions,b,2,-0.0,-0.0,2,ACTION:CLARIFY->QUERY,False,True,False,False,POLICY_ABSTENTION
library-R2-05-2,library-R2-05-2-r2,prospective_executor_labels,retained_actions,b,3,-0.0,-0.0,3,ACTION:CLARIFY->QUERY,False,True,False,False,POLICY_ABSTENTION
library-R2-05-2,library-R2-05-2-r2,prospective_executor_labels,retained_actions,b,4,-0.0,-0.0,4,ACTION:CLARIFY->QUERY,False,True,False,False,POLICY_ABSTENTION
qingye-R2-03-2,qingye-R2-03-2-r3,prospective_executor_labels,quotation,a,1,-0.0,-0.0,0,MATCH,True,True,True,False,QUERY
qingye-R2-03-2,qingye-R2-03-2-r3,prospective_executor_labels,quotation,a,2,-0.0,-0.0,0,MATCH,True,True,True,False,QUERY
qingye-R2-03-2,qingye-R2-03-2-r3,prospective_executor_labels,quotation,a,3,-0.0,-0.0,0,MATCH,True,True,True,False,QUERY
qingye-R2-03-2,qingye-R2-03-2-r3,prospective_executor_labels,quotation,a,4,-0.0,-0.0,0,MATCH,True,True,True,False,QUERY
qingye-R2-03-2,qingye-R2-03-2-r3,prospective_executor_labels,quotation,b,1,-0.0,-0.0,0,MATCH,True,True,True,False,QUERY
qingye-R2-03-2,qingye-R2-03-2-r3,prospective_executor_labels,quotation,b,2,-0.0,-0.0,0,MATCH,True,True,True,False,QUERY
qingye-R2-03-2,qingye-R2-03-2-r3,prospective_executor_labels,quotation,b,3,-0.0,-0.0,0,MATCH,True,True,True,False,QUERY
qingye-R2-03-2,qingye-R2-03-2-r3,prospective_executor_labels,quotation,b,4,-0.0,-0.0,0,MATCH,True,True,True,False,QUERY
library-R2-03-2,library-R2-03-2-r2,prospective_executor_labels,quotation,a,1,-0.0,-0.0,0,MATCH,True,True,True,False,QUERY
library-R2-03-2,library-R2-03-2-r2,prospective_executor_labels,quotation,a,2,-0.0,-0.0,0,MATCH,True,True,True,False,QUERY
library-R2-03-2,library-R2-03-2-r2,prospective_executor_labels,quotation,a,3,-0.0,-0.0,0,MATCH,True,True,True,False,QUERY
library-R2-03-2,library-R2-03-2-r2,prospective_executor_labels,quotation,a,4,-0.0,-0.0,0,MATCH,True,True,True,False,QUERY
library-R2-03-2,library-R2-03-2-r2,prospective_executor_labels,quotation,b,1,-0.0,-0.0,0,MATCH,True,True,True,False,QUERY
library-R2-03-2,library-R2-03-2-r2,prospective_executor_labels,quotation,b,2,-0.0,-0.0,0,MATCH,True,True,True,False,QUERY
library-R2-03-2,library-R2-03-2-r2,prospective_executor_labels,quotation,b,3,-0.0,-0.0,0,MATCH,True,True,True,False,QUERY
library-R2-03-2,library-R2-03-2-r2,prospective_executor_labels,quotation,b,4,-0.0,-0.0,0,MATCH,True,True,True,False,QUERY
qingye-R2-01-2,qingye-R2-01-2-r1,prospective_executor_labels,current_scope,a,1,-0.0,-0.0,0,MATCH,True,True,True,False,QUERY
qingye-R2-01-2,qingye-R2-01-2-r1,prospective_executor_labels,current_scope,a,2,-0.0,-0.0,0,MATCH,True,True,True,False,QUERY
qingye-R2-01-2,qingye-R2-01-2-r1,prospective_executor_labels,current_scope,a,3,-0.0,-0.0,0,MATCH,True,True,True,False,QUERY
qingye-R2-01-2,qingye-R2-01-2-r1,prospective_executor_labels,current_scope,a,4,-0.0,-0.0,0,MATCH,True,True,True,False,QUERY
qingye-R2-01-2,qingye-R2-01-2-r1,prospective_executor_labels,current_scope,b,1,-0.0,-0.0,0,MATCH,True,True,True,False,QUERY
qingye-R2-01-2,qingye-R2-01-2-r1,prospective_executor_labels,current_scope,b,2,-0.0,-0.0,0,MATCH,True,True,True,False,QUERY
qingye-R2-01-2,qingye-R2-01-2-r1,prospective_executor_labels,current_scope,b,3,-0.0,-0.0,0,MATCH,True,True,True,False,QUERY
qingye-R2-01-2,qingye-R2-01-2-r1,prospective_executor_labels,current_scope,b,4,-0.0,-0.0,0,MATCH,True,True,True,False,QUERY
library-R2-06-2,library-R2-06-2-r3,prospective_executor_labels,private_constraints,a,1,-0.0,-0.0,0,MATCH,True,True,False,False,CLARIFY
library-R2-06-2,library-R2-06-2-r3,prospective_executor_labels,private_constraints,a,2,-0.0,-0.0,0,MATCH,True,True,False,False,CLARIFY
library-R2-06-2,library-R2-06-2-r3,prospective_executor_labels,private_constraints,a,3,-0.0,-0.0,0,MATCH,True,True,False,False,CLARIFY
library-R2-06-2,library-R2-06-2-r3,prospective_executor_labels,private_constraints,a,4,-0.0,-0.0,0,MATCH,True,True,False,False,CLARIFY
library-R2-06-2,library-R2-06-2-r3,prospective_executor_labels,private_constraints,b,1,-0.0,-0.0,1,ACTION:CLARIFY->QUERY,False,False,False,False,REJECT
library-R2-06-2,library-R2-06-2-r3,prospective_executor_labels,private_constraints,b,2,-0.0,-0.0,2,ACTION:CLARIFY->QUERY,False,True,False,False,POLICY_ABSTENTION
library-R2-06-2,library-R2-06-2-r3,prospective_executor_labels,private_constraints,b,3,-0.0,-0.0,3,ACTION:CLARIFY->QUERY,False,True,False,False,POLICY_ABSTENTION
library-R2-06-2,library-R2-06-2-r3,prospective_executor_labels,private_constraints,b,4,-0.0,-0.0,4,ACTION:CLARIFY->QUERY,False,True,False,False,POLICY_ABSTENTION
library-R2-03-1,library-R2-03-1-r2,prospective_executor_labels,quotation,a,1,-0.0,-0.0,0,MATCH,True,True,True,False,QUERY
library-R2-03-1,library-R2-03-1-r2,prospective_executor_labels,quotation,a,2,-0.0,-0.0,0,MATCH,True,True,True,False,QUERY
library-R2-03-1,library-R2-03-1-r2,prospective_executor_labels,quotation,a,3,-0.0,-0.0,0,MATCH,True,True,True,False,QUERY
library-R2-03-1,library-R2-03-1-r2,prospective_executor_labels,quotation,a,4,-0.0,-0.0,0,MATCH,True,True,True,False,QUERY
library-R2-03-1,library-R2-03-1-r2,prospective_executor_labels,quotation,b,1,-0.0,-0.0,0,MATCH,True,True,True,False,QUERY
library-R2-03-1,library-R2-03-1-r2,prospective_executor_labels,quotation,b,2,-0.0,-0.0,0,MATCH,True,True,True,False,QUERY
library-R2-03-1,library-R2-03-1-r2,prospective_executor_labels,quotation,b,3,-0.0,-0.0,0,MATCH,True,True,True,False,QUERY
library-R2-03-1,library-R2-03-1-r2,prospective_executor_labels,quotation,b,4,-0.0,-0.0,0,MATCH,True,True,True,False,QUERY
qingye-R2-04-2,qingye-R2-04-2-r2,prospective_executor_labels,field_list,a,1,-0.0,-0.0,0,MATCH,True,True,True,False,QUERY
qingye-R2-04-2,qingye-R2-04-2-r2,prospective_executor_labels,field_list,a,2,-0.0,-0.0,0,MATCH,True,True,True,False,QUERY
qingye-R2-04-2,qingye-R2-04-2-r2,prospective_executor_labels,field_list,a,3,-0.0,-0.0,0,MATCH,True,True,True,False,QUERY
qingye-R2-04-2,qingye-R2-04-2-r2,prospective_executor_labels,field_list,a,4,-0.0,-0.0,0,MATCH,True,True,True,False,QUERY
qingye-R2-04-2,qingye-R2-04-2-r2,prospective_executor_labels,field_list,b,1,-0.0,-0.0,0,MATCH,True,True,True,False,QUERY
qingye-R2-04-2,qingye-R2-04-2-r2,prospective_executor_labels,field_list,b,2,-0.0,-0.0,0,MATCH,True,True,True,False,QUERY
qingye-R2-04-2,qingye-R2-04-2-r2,prospective_executor_labels,field_list,b,3,-0.0,-0.0,0,MATCH,True,True,True,False,QUERY
qingye-R2-04-2,qingye-R2-04-2-r2,prospective_executor_labels,field_list,b,4,-0.0,-0.0,0,MATCH,True,True,True,False,QUERY
qingye-R2-04-1,qingye-R2-04-1-r1,prospective_executor_labels,field_list,a,1,-0.0,-0.0,0,MATCH,True,True,True,False,QUERY
qingye-R2-04-1,qingye-R2-04-1-r1,prospective_executor_labels,field_list,a,2,-0.0,-0.0,0,MATCH,True,True,True,False,QUERY
qingye-R2-04-1,qingye-R2-04-1-r1,prospective_executor_labels,field_list,a,3,-0.0,-0.0,0,MATCH,True,True,True,False,QUERY
qingye-R2-04-1,qingye-R2-04-1-r1,prospective_executor_labels,field_list,a,4,-0.0,-0.0,0,MATCH,True,True,True,False,QUERY
qingye-R2-04-1,qingye-R2-04-1-r1,prospective_executor_labels,field_list,b,1,-0.0,-0.0,0,MATCH,True,True,True,False,QUERY
qingye-R2-04-1,qingye-R2-04-1-r1,prospective_executor_labels,field_list,b,2,-0.0,-0.0,0,MATCH,True,True,True,False,QUERY
qingye-R2-04-1,qingye-R2-04-1-r1,prospective_executor_labels,field_list,b,3,-0.0,-0.0,0,MATCH,True,True,True,False,QUERY
qingye-R2-04-1,qingye-R2-04-1-r1,prospective_executor_labels,field_list,b,4,-0.0,-0.0,0,MATCH,True,True,True,False,QUERY
library-R2-01-1,library-R2-01-1-r2,prospective_executor_labels,current_scope,a,1,-0.0,-0.0,0,MATCH,True,True,True,False,QUERY
library-R2-01-1,library-R2-01-1-r2,prospective_executor_labels,current_scope,a,2,-0.0,-0.0,0,MATCH,True,True,True,False,QUERY
library-R2-01-1,library-R2-01-1-r2,prospective_executor_labels,current_scope,a,3,-0.0,-0.0,0,MATCH,True,True,True,False,QUERY
library-R2-01-1,library-R2-01-1-r2,prospective_executor_labels,current_scope,a,4,-0.0,-0.0,0,MATCH,True,True,True,False,QUERY
library-R2-01-1,library-R2-01-1-r2,prospective_executor_labels,current_scope,b,1,-0.0,-0.0,0,MATCH,True,True,True,False,QUERY
library-R2-01-1,library-R2-01-1-r2,prospective_executor_labels,current_scope,b,2,-0.0,-0.0,0,MATCH,True,True,True,False,QUERY
library-R2-01-1,library-R2-01-1-r2,prospective_executor_labels,current_scope,b,3,-0.0,-0.0,0,MATCH,True,True,True,False,QUERY
library-R2-01-1,library-R2-01-1-r2,prospective_executor_labels,current_scope,b,4,-0.0,-0.0,0,MATCH,True,True,True,False,QUERY
qingye-R2-05-2,qingye-R2-05-2-r3,prospective_executor_labels,retained_actions,a,1,-0.0,-0.0,0,MATCH,True,True,False,False,CLARIFY
qingye-R2-05-2,qingye-R2-05-2-r3,prospective_executor_labels,retained_actions,a,2,-0.0,-0.0,0,MATCH,True,True,False,False,CLARIFY
qingye-R2-05-2,qingye-R2-05-2-r3,prospective_executor_labels,retained_actions,a,3,-0.0,-0.0,0,MATCH,True,True,False,False,CLARIFY
qingye-R2-05-2,qingye-R2-05-2-r3,prospective_executor_labels,retained_actions,a,4,-0.0,-0.0,0,MATCH,True,True,False,False,CLARIFY
qingye-R2-05-2,qingye-R2-05-2-r3,prospective_executor_labels,retained_actions,b,1,-0.0,-0.0,1,ACTION:CLARIFY->QUERY,False,False,False,True,QUERY
qingye-R2-05-2,qingye-R2-05-2-r3,prospective_executor_labels,retained_actions,b,2,-0.0,-0.0,2,ACTION:CLARIFY->QUERY,False,False,False,True,QUERY
qingye-R2-05-2,qingye-R2-05-2-r3,prospective_executor_labels,retained_actions,b,3,-0.0,-0.0,3,ACTION:CLARIFY->QUERY,False,False,False,True,QUERY
qingye-R2-05-2,qingye-R2-05-2-r3,prospective_executor_labels,retained_actions,b,4,-0.0,-0.0,4,ACTION:CLARIFY->QUERY,False,False,False,True,QUERY
library-R2-06-1,library-R2-06-1-r3,prospective_executor_labels,private_constraints,a,1,-0.0,-0.0,0,MATCH,True,True,False,False,CONFIRM_SCOPE
library-R2-06-1,library-R2-06-1-r3,prospective_executor_labels,private_constraints,a,2,-0.0,-0.0,0,MATCH,True,True,False,False,CONFIRM_SCOPE
library-R2-06-1,library-R2-06-1-r3,prospective_executor_labels,private_constraints,a,3,-0.0,-0.0,0,MATCH,True,True,False,False,CONFIRM_SCOPE
library-R2-06-1,library-R2-06-1-r3,prospective_executor_labels,private_constraints,a,4,-0.0,-0.0,0,MATCH,True,True,False,False,CONFIRM_SCOPE
library-R2-06-1,library-R2-06-1-r3,prospective_executor_labels,private_constraints,b,1,-0.0,-0.0,0,MATCH,True,True,False,False,CONFIRM_SCOPE
library-R2-06-1,library-R2-06-1-r3,prospective_executor_labels,private_constraints,b,2,-0.0,-0.0,0,MATCH,True,True,False,False,CONFIRM_SCOPE
library-R2-06-1,library-R2-06-1-r3,prospective_executor_labels,private_constraints,b,3,-0.0,-0.0,0,MATCH,True,True,False,False,CONFIRM_SCOPE
library-R2-06-1,library-R2-06-1-r3,prospective_executor_labels,private_constraints,b,4,-0.0,-0.0,0,MATCH,True,True,False,False,CONFIRM_SCOPE
library-R2-04-2,library-R2-04-2-r1,prospective_executor_labels,field_list,a,1,-0.0,-0.0,0,MATCH,True,True,True,False,QUERY
library-R2-04-2,library-R2-04-2-r1,prospective_executor_labels,field_list,a,2,-0.0,-0.0,0,MATCH,True,True,True,False,QUERY
library-R2-04-2,library-R2-04-2-r1,prospective_executor_labels,field_list,a,3,-0.0,-0.0,0,MATCH,True,True,True,False,QUERY
library-R2-04-2,library-R2-04-2-r1,prospective_executor_labels,field_list,a,4,-0.0,-0.0,0,MATCH,True,True,True,False,QUERY
library-R2-04-2,library-R2-04-2-r1,prospective_executor_labels,field_list,b,1,-0.0,-0.0,0,MATCH,True,True,True,False,QUERY
library-R2-04-2,library-R2-04-2-r1,prospective_executor_labels,field_list,b,2,-0.0,-0.0,0,MATCH,True,True,True,False,QUERY
library-R2-04-2,library-R2-04-2-r1,prospective_executor_labels,field_list,b,3,-0.0,-0.0,0,MATCH,True,True,True,False,QUERY
library-R2-04-2,library-R2-04-2-r1,prospective_executor_labels,field_list,b,4,-0.0,-0.0,0,MATCH,True,True,True,False,QUERY
library-DuSQL-qid000460,library-DuSQL-qid000460-r3,external_verbatim_capability_boundary,external_unsupported_sql,a,1,-0.0,-0.0,1,ACTION:CLARIFY->REJECT,False,False,False,False,REJECT
library-DuSQL-qid000460,library-DuSQL-qid000460-r3,external_verbatim_capability_boundary,external_unsupported_sql,a,2,-0.0,-0.0,2,ACTION:CLARIFY->REJECT,False,False,False,False,REJECT
library-DuSQL-qid000460,library-DuSQL-qid000460-r3,external_verbatim_capability_boundary,external_unsupported_sql,a,3,-0.0,-0.0,3,ACTION:CLARIFY->REJECT,False,False,False,False,REJECT
library-DuSQL-qid000460,library-DuSQL-qid000460-r3,external_verbatim_capability_boundary,external_unsupported_sql,a,4,-0.0,-0.0,4,ACTION:CLARIFY->REJECT,False,False,False,False,REJECT
library-DuSQL-qid000460,library-DuSQL-qid000460-r3,external_verbatim_capability_boundary,external_unsupported_sql,b,1,-0.0,-0.0,1,ACTION:CLARIFY->QUERY,False,False,False,False,REJECT
library-DuSQL-qid000460,library-DuSQL-qid000460-r3,external_verbatim_capability_boundary,external_unsupported_sql,b,2,-0.0,-0.0,2,ACTION:CLARIFY->QUERY,False,True,False,False,POLICY_ABSTENTION
library-DuSQL-qid000460,library-DuSQL-qid000460-r3,external_verbatim_capability_boundary,external_unsupported_sql,b,3,-0.0,-0.0,3,ACTION:CLARIFY->QUERY,False,True,False,False,POLICY_ABSTENTION
library-DuSQL-qid000460,library-DuSQL-qid000460-r3,external_verbatim_capability_boundary,external_unsupported_sql,b,4,-0.0,-0.0,4,ACTION:CLARIFY->QUERY,False,True,False,False,POLICY_ABSTENTION
library-DuSQL-qid000728,library-DuSQL-qid000728-r1,external_verbatim_capability_boundary,external_unsupported_sql,a,1,-0.0,-0.0,1,ACTION:CLARIFY->REJECT,False,False,False,False,REJECT
library-DuSQL-qid000728,library-DuSQL-qid000728-r1,external_verbatim_capability_boundary,external_unsupported_sql,a,2,-0.0,-0.0,2,ACTION:CLARIFY->REJECT,False,False,False,False,REJECT
library-DuSQL-qid000728,library-DuSQL-qid000728-r1,external_verbatim_capability_boundary,external_unsupported_sql,a,3,-0.0,-0.0,3,ACTION:CLARIFY->REJECT,False,False,False,False,REJECT
library-DuSQL-qid000728,library-DuSQL-qid000728-r1,external_verbatim_capability_boundary,external_unsupported_sql,a,4,-0.0,-0.0,4,ACTION:CLARIFY->REJECT,False,False,False,False,REJECT
library-DuSQL-qid000728,library-DuSQL-qid000728-r1,external_verbatim_capability_boundary,external_unsupported_sql,b,1,-0.0,-0.0,1,ACTION:CLARIFY->REJECT,False,False,False,False,REJECT
library-DuSQL-qid000728,library-DuSQL-qid000728-r1,external_verbatim_capability_boundary,external_unsupported_sql,b,2,-0.0,-0.0,2,ACTION:CLARIFY->REJECT,False,False,False,False,REJECT
library-DuSQL-qid000728,library-DuSQL-qid000728-r1,external_verbatim_capability_boundary,external_unsupported_sql,b,3,-0.0,-0.0,3,ACTION:CLARIFY->REJECT,False,False,False,False,REJECT
library-DuSQL-qid000728,library-DuSQL-qid000728-r1,external_verbatim_capability_boundary,external_unsupported_sql,b,4,-0.0,-0.0,4,ACTION:CLARIFY->REJECT,False,False,False,False,REJECT
library-DuSQL-qid000757,library-DuSQL-qid000757-r0,external_verbatim_capability_boundary,external_unsupported_sql,a,1,-0.0,-0.0,1,ACTION:CLARIFY->REJECT,False,False,False,False,REJECT
library-DuSQL-qid000757,library-DuSQL-qid000757-r0,external_verbatim_capability_boundary,external_unsupported_sql,a,2,-0.0,-0.0,2,ACTION:CLARIFY->REJECT,False,False,False,False,REJECT
library-DuSQL-qid000757,library-DuSQL-qid000757-r0,external_verbatim_capability_boundary,external_unsupported_sql,a,3,-0.0,-0.0,3,ACTION:CLARIFY->REJECT,False,False,False,False,REJECT
library-DuSQL-qid000757,library-DuSQL-qid000757-r0,external_verbatim_capability_boundary,external_unsupported_sql,a,4,-0.0,-0.0,4,ACTION:CLARIFY->REJECT,False,False,False,False,REJECT
library-DuSQL-qid000757,library-DuSQL-qid000757-r0,external_verbatim_capability_boundary,external_unsupported_sql,b,1,-0.0,-0.0,1,ACTION:CLARIFY->QUERY,False,False,False,False,REJECT
library-DuSQL-qid000757,library-DuSQL-qid000757-r0,external_verbatim_capability_boundary,external_unsupported_sql,b,2,-0.0,-0.0,2,ACTION:CLARIFY->QUERY,False,False,False,False,REJECT
library-DuSQL-qid000757,library-DuSQL-qid000757-r0,external_verbatim_capability_boundary,external_unsupported_sql,b,3,-0.0,-0.0,3,ACTION:CLARIFY->QUERY,False,False,False,False,REJECT
library-DuSQL-qid000757,library-DuSQL-qid000757-r0,external_verbatim_capability_boundary,external_unsupported_sql,b,4,-0.0,-0.0,4,ACTION:CLARIFY->QUERY,False,False,False,False,REJECT
qingye-R2-03-1,qingye-R2-03-1-r0,prospective_executor_labels,quotation,a,1,-0.0,-0.0,0,MATCH,True,True,True,False,QUERY
qingye-R2-03-1,qingye-R2-03-1-r0,prospective_executor_labels,quotation,a,2,-0.0,-0.0,0,MATCH,True,True,True,False,QUERY
qingye-R2-03-1,qingye-R2-03-1-r0,prospective_executor_labels,quotation,a,3,-0.0,-0.0,0,MATCH,True,True,True,False,QUERY
qingye-R2-03-1,qingye-R2-03-1-r0,prospective_executor_labels,quotation,a,4,-0.0,-0.0,0,MATCH,True,True,True,False,QUERY
qingye-R2-03-1,qingye-R2-03-1-r0,prospective_executor_labels,quotation,b,1,-0.0,-0.0,0,MATCH,True,True,True,False,QUERY
qingye-R2-03-1,qingye-R2-03-1-r0,prospective_executor_labels,quotation,b,2,-0.0,-0.0,0,MATCH,True,True,True,False,QUERY
qingye-R2-03-1,qingye-R2-03-1-r0,prospective_executor_labels,quotation,b,3,-0.0,-0.0,0,MATCH,True,True,True,False,QUERY
qingye-R2-03-1,qingye-R2-03-1-r0,prospective_executor_labels,quotation,b,4,-0.0,-0.0,0,MATCH,True,True,True,False,QUERY
qingye-R2-06-2,qingye-R2-06-2-r2,prospective_executor_labels,private_constraints,a,1,-0.0,-0.0,0,MATCH,True,True,False,False,CLARIFY
qingye-R2-06-2,qingye-R2-06-2-r2,prospective_executor_labels,private_constraints,a,2,-0.0,-0.0,0,MATCH,True,True,False,False,CLARIFY
qingye-R2-06-2,qingye-R2-06-2-r2,prospective_executor_labels,private_constraints,a,3,-0.0,-0.0,0,MATCH,True,True,False,False,CLARIFY
qingye-R2-06-2,qingye-R2-06-2-r2,prospective_executor_labels,private_constraints,a,4,-0.0,-0.0,0,MATCH,True,True,False,False,CLARIFY
qingye-R2-06-2,qingye-R2-06-2-r2,prospective_executor_labels,private_constraints,b,1,-0.0,-0.0,0,MATCH,True,True,False,False,CLARIFY
qingye-R2-06-2,qingye-R2-06-2-r2,prospective_executor_labels,private_constraints,b,2,-0.0,-0.0,0,MATCH,True,True,False,False,CLARIFY
qingye-R2-06-2,qingye-R2-06-2-r2,prospective_executor_labels,private_constraints,b,3,0.9182958340544896,0.9182958340544896,1,MATCH,True,True,False,False,CLARIFY
qingye-R2-06-2,qingye-R2-06-2-r2,prospective_executor_labels,private_constraints,b,4,0.8112781244591328,0.8112781244591328,1,MATCH,True,True,False,False,CLARIFY
library-R2-03-2,library-R2-03-2-r1,prospective_executor_labels,quotation,a,1,-0.0,-0.0,0,MATCH,True,True,True,False,QUERY
library-R2-03-2,library-R2-03-2-r1,prospective_executor_labels,quotation,a,2,-0.0,-0.0,0,MATCH,True,True,True,False,QUERY
library-R2-03-2,library-R2-03-2-r1,prospective_executor_labels,quotation,a,3,-0.0,-0.0,0,MATCH,True,True,True,False,QUERY
library-R2-03-2,library-R2-03-2-r1,prospective_executor_labels,quotation,a,4,-0.0,-0.0,0,MATCH,True,True,True,False,QUERY
library-R2-03-2,library-R2-03-2-r1,prospective_executor_labels,quotation,b,1,-0.0,-0.0,0,MATCH,True,True,True,False,QUERY
library-R2-03-2,library-R2-03-2-r1,prospective_executor_labels,quotation,b,2,-0.0,-0.0,0,MATCH,True,True,True,False,QUERY
library-R2-03-2,library-R2-03-2-r1,prospective_executor_labels,quotation,b,3,-0.0,-0.0,0,MATCH,True,True,True,False,QUERY
library-R2-03-2,library-R2-03-2-r1,prospective_executor_labels,quotation,b,4,-0.0,-0.0,0,MATCH,True,True,True,False,QUERY
library-DuSQL-qid001628,library-DuSQL-qid001628-r3,external_verbatim_capability_boundary,external_unsupported_sql,a,1,-0.0,-0.0,1,ACTION:CLARIFY->REJECT,False,False,False,False,REJECT
library-DuSQL-qid001628,library-DuSQL-qid001628-r3,external_verbatim_capability_boundary,external_unsupported_sql,a,2,-0.0,-0.0,2,ACTION:CLARIFY->REJECT,False,False,False,False,REJECT
library-DuSQL-qid001628,library-DuSQL-qid001628-r3,external_verbatim_capability_boundary,external_unsupported_sql,a,3,-0.0,-0.0,3,ACTION:CLARIFY->REJECT,False,False,False,False,REJECT
library-DuSQL-qid001628,library-DuSQL-qid001628-r3,external_verbatim_capability_boundary,external_unsupported_sql,a,4,-0.0,-0.0,4,ACTION:CLARIFY->REJECT,False,False,False,False,REJECT
library-DuSQL-qid001628,library-DuSQL-qid001628-r3,external_verbatim_capability_boundary,external_unsupported_sql,b,1,-0.0,-0.0,1,ACTION:CLARIFY->REJECT,False,False,False,False,REJECT
library-DuSQL-qid001628,library-DuSQL-qid001628-r3,external_verbatim_capability_boundary,external_unsupported_sql,b,2,-0.0,-0.0,2,ACTION:CLARIFY->REJECT,False,False,False,False,REJECT
library-DuSQL-qid001628,library-DuSQL-qid001628-r3,external_verbatim_capability_boundary,external_unsupported_sql,b,3,-0.0,-0.0,3,ACTION:CLARIFY->REJECT,False,False,False,False,REJECT
library-DuSQL-qid001628,library-DuSQL-qid001628-r3,external_verbatim_capability_boundary,external_unsupported_sql,b,4,0.8112781244591328,0.8112781244591328,4,ACTION:CLARIFY->REJECT,False,False,False,False,REJECT
qingye-R2-05-2,qingye-R2-05-2-r1,prospective_executor_labels,retained_actions,a,1,-0.0,-0.0,0,MATCH,True,True,False,False,CLARIFY
qingye-R2-05-2,qingye-R2-05-2-r1,prospective_executor_labels,retained_actions,a,2,-0.0,-0.0,0,MATCH,True,True,False,False,CLARIFY
qingye-R2-05-2,qingye-R2-05-2-r1,prospective_executor_labels,retained_actions,a,3,-0.0,-0.0,0,MATCH,True,True,False,False,CLARIFY
qingye-R2-05-2,qingye-R2-05-2-r1,prospective_executor_labels,retained_actions,a,4,-0.0,-0.0,0,MATCH,True,True,False,False,CLARIFY
qingye-R2-05-2,qingye-R2-05-2-r1,prospective_executor_labels,retained_actions,b,1,-0.0,-0.0,1,ACTION:CLARIFY->QUERY,False,False,False,True,QUERY
qingye-R2-05-2,qingye-R2-05-2-r1,prospective_executor_labels,retained_actions,b,2,-0.0,-0.0,2,ACTION:CLARIFY->QUERY,False,False,False,True,QUERY
qingye-R2-05-2,qingye-R2-05-2-r1,prospective_executor_labels,retained_actions,b,3,-0.0,-0.0,3,ACTION:CLARIFY->QUERY,False,False,False,True,QUERY
qingye-R2-05-2,qingye-R2-05-2-r1,prospective_executor_labels,retained_actions,b,4,-0.0,-0.0,4,ACTION:CLARIFY->QUERY,False,False,False,True,QUERY
library-DuSQL-qid000728,library-DuSQL-qid000728-r3,external_verbatim_capability_boundary,external_unsupported_sql,a,1,-0.0,-0.0,1,ACTION:CLARIFY->REJECT,False,False,False,False,REJECT
library-DuSQL-qid000728,library-DuSQL-qid000728-r3,external_verbatim_capability_boundary,external_unsupported_sql,a,2,-0.0,-0.0,2,ACTION:CLARIFY->REJECT,False,False,False,False,REJECT
library-DuSQL-qid000728,library-DuSQL-qid000728-r3,external_verbatim_capability_boundary,external_unsupported_sql,a,3,-0.0,-0.0,3,ACTION:CLARIFY->REJECT,False,False,False,False,REJECT
library-DuSQL-qid000728,library-DuSQL-qid000728-r3,external_verbatim_capability_boundary,external_unsupported_sql,a,4,-0.0,-0.0,4,ACTION:CLARIFY->REJECT,False,False,False,False,REJECT
library-DuSQL-qid000728,library-DuSQL-qid000728-r3,external_verbatim_capability_boundary,external_unsupported_sql,b,1,-0.0,-0.0,1,ACTION:CLARIFY->REJECT,False,False,False,False,REJECT
library-DuSQL-qid000728,library-DuSQL-qid000728-r3,external_verbatim_capability_boundary,external_unsupported_sql,b,2,-0.0,-0.0,2,ACTION:CLARIFY->REJECT,False,False,False,False,REJECT
library-DuSQL-qid000728,library-DuSQL-qid000728-r3,external_verbatim_capability_boundary,external_unsupported_sql,b,3,0.9182958340544896,0.9182958340544896,3,ACTION:CLARIFY->REJECT,False,False,False,False,REJECT
library-DuSQL-qid000728,library-DuSQL-qid000728-r3,external_verbatim_capability_boundary,external_unsupported_sql,b,4,1.5,0.8112781244591328,4,ACTION:CLARIFY->REJECT,False,False,False,False,REJECT
library-R2-05-1,library-R2-05-1-r1,prospective_executor_labels,retained_actions,a,1,-0.0,-0.0,0,MATCH,True,True,False,False,CLARIFY
library-R2-05-1,library-R2-05-1-r1,prospective_executor_labels,retained_actions,a,2,-0.0,-0.0,0,MATCH,True,True,False,False,CLARIFY
library-R2-05-1,library-R2-05-1-r1,prospective_executor_labels,retained_actions,a,3,-0.0,-0.0,0,MATCH,True,True,False,False,CLARIFY
library-R2-05-1,library-R2-05-1-r1,prospective_executor_labels,retained_actions,a,4,-0.0,-0.0,0,MATCH,True,True,False,False,CLARIFY
library-R2-05-1,library-R2-05-1-r1,prospective_executor_labels,retained_actions,b,1,-0.0,-0.0,1,ACTION:CLARIFY->QUERY,False,False,False,False,REJECT
library-R2-05-1,library-R2-05-1-r1,prospective_executor_labels,retained_actions,b,2,-0.0,-0.0,2,ACTION:CLARIFY->QUERY,False,True,False,False,POLICY_ABSTENTION
library-R2-05-1,library-R2-05-1-r1,prospective_executor_labels,retained_actions,b,3,-0.0,-0.0,3,ACTION:CLARIFY->QUERY,False,True,False,False,POLICY_ABSTENTION
library-R2-05-1,library-R2-05-1-r1,prospective_executor_labels,retained_actions,b,4,-0.0,-0.0,4,ACTION:CLARIFY->QUERY,False,True,False,False,POLICY_ABSTENTION
library-R2-05-1,library-R2-05-1-r0,prospective_executor_labels,retained_actions,a,1,-0.0,-0.0,0,MATCH,True,True,False,False,CLARIFY
library-R2-05-1,library-R2-05-1-r0,prospective_executor_labels,retained_actions,a,2,-0.0,-0.0,0,MATCH,True,True,False,False,CLARIFY
library-R2-05-1,library-R2-05-1-r0,prospective_executor_labels,retained_actions,a,3,-0.0,-0.0,0,MATCH,True,True,False,False,CLARIFY
library-R2-05-1,library-R2-05-1-r0,prospective_executor_labels,retained_actions,a,4,-0.0,-0.0,0,MATCH,True,True,False,False,CLARIFY
library-R2-05-1,library-R2-05-1-r0,prospective_executor_labels,retained_actions,b,1,-0.0,-0.0,1,ACTION:CLARIFY->QUERY,False,False,False,False,REJECT
library-R2-05-1,library-R2-05-1-r0,prospective_executor_labels,retained_actions,b,2,-0.0,-0.0,2,ACTION:CLARIFY->QUERY,False,True,False,False,POLICY_ABSTENTION
library-R2-05-1,library-R2-05-1-r0,prospective_executor_labels,retained_actions,b,3,0.9182958340544896,-0.0,3,ACTION:CLARIFY->QUERY,False,True,False,False,POLICY_ABSTENTION
library-R2-05-1,library-R2-05-1-r0,prospective_executor_labels,retained_actions,b,4,1.0,-0.0,4,ACTION:CLARIFY->QUERY,False,True,False,False,POLICY_ABSTENTION
library-R2-06-2,library-R2-06-2-r1,prospective_executor_labels,private_constraints,a,1,-0.0,-0.0,0,MATCH,True,True,False,False,CLARIFY
library-R2-06-2,library-R2-06-2-r1,prospective_executor_labels,private_constraints,a,2,-0.0,-0.0,0,MATCH,True,True,False,False,CLARIFY
library-R2-06-2,library-R2-06-2-r1,prospective_executor_labels,private_constraints,a,3,-0.0,-0.0,0,MATCH,True,True,False,False,CLARIFY
library-R2-06-2,library-R2-06-2-r1,prospective_executor_labels,private_constraints,a,4,-0.0,-0.0,0,MATCH,True,True,False,False,CLARIFY
library-R2-06-2,library-R2-06-2-r1,prospective_executor_labels,private_constraints,b,1,-0.0,-0.0,1,ACTION:CLARIFY->QUERY,False,False,False,False,REJECT
library-R2-06-2,library-R2-06-2-r1,prospective_executor_labels,private_constraints,b,2,-0.0,-0.0,2,ACTION:CLARIFY->QUERY,False,True,False,False,POLICY_ABSTENTION
library-R2-06-2,library-R2-06-2-r1,prospective_executor_labels,private_constraints,b,3,-0.0,-0.0,3,ACTION:CLARIFY->QUERY,False,True,False,False,POLICY_ABSTENTION
library-R2-06-2,library-R2-06-2-r1,prospective_executor_labels,private_constraints,b,4,-0.0,-0.0,4,ACTION:CLARIFY->QUERY,False,True,False,False,POLICY_ABSTENTION
library-R2-01-2,library-R2-01-2-r0,prospective_executor_labels,current_scope,a,1,-0.0,-0.0,0,MATCH,True,True,True,False,QUERY
library-R2-01-2,library-R2-01-2-r0,prospective_executor_labels,current_scope,a,2,-0.0,-0.0,0,MATCH,True,True,True,False,QUERY
library-R2-01-2,library-R2-01-2-r0,prospective_executor_labels,current_scope,a,3,-0.0,-0.0,0,MATCH,True,True,True,False,QUERY
library-R2-01-2,library-R2-01-2-r0,prospective_executor_labels,current_scope,a,4,-0.0,-0.0,0,MATCH,True,True,True,False,QUERY
library-R2-01-2,library-R2-01-2-r0,prospective_executor_labels,current_scope,b,1,-0.0,-0.0,0,MATCH,True,True,True,False,QUERY
library-R2-01-2,library-R2-01-2-r0,prospective_executor_labels,current_scope,b,2,-0.0,-0.0,0,MATCH,True,True,True,False,QUERY
library-R2-01-2,library-R2-01-2-r0,prospective_executor_labels,current_scope,b,3,-0.0,-0.0,0,MATCH,True,True,True,False,QUERY
library-R2-01-2,library-R2-01-2-r0,prospective_executor_labels,current_scope,b,4,-0.0,-0.0,0,MATCH,True,True,True,False,QUERY
library-DuSQL-qid000757,library-DuSQL-qid000757-r2,external_verbatim_capability_boundary,external_unsupported_sql,a,1,-0.0,-0.0,1,ACTION:CLARIFY->REJECT,False,False,False,False,REJECT
library-DuSQL-qid000757,library-DuSQL-qid000757-r2,external_verbatim_capability_boundary,external_unsupported_sql,a,2,-0.0,-0.0,2,ACTION:CLARIFY->REJECT,False,False,False,False,REJECT
library-DuSQL-qid000757,library-DuSQL-qid000757-r2,external_verbatim_capability_boundary,external_unsupported_sql,a,3,-0.0,-0.0,3,ACTION:CLARIFY->REJECT,False,False,False,False,REJECT
library-DuSQL-qid000757,library-DuSQL-qid000757-r2,external_verbatim_capability_boundary,external_unsupported_sql,a,4,-0.0,-0.0,4,ACTION:CLARIFY->REJECT,False,False,False,False,REJECT
library-DuSQL-qid000757,library-DuSQL-qid000757-r2,external_verbatim_capability_boundary,external_unsupported_sql,b,1,-0.0,-0.0,1,ACTION:CLARIFY->QUERY,False,False,False,False,REJECT
library-DuSQL-qid000757,library-DuSQL-qid000757-r2,external_verbatim_capability_boundary,external_unsupported_sql,b,2,-0.0,-0.0,2,ACTION:CLARIFY->QUERY,False,False,False,False,REJECT
library-DuSQL-qid000757,library-DuSQL-qid000757-r2,external_verbatim_capability_boundary,external_unsupported_sql,b,3,-0.0,-0.0,3,ACTION:CLARIFY->QUERY,False,False,False,False,REJECT
library-DuSQL-qid000757,library-DuSQL-qid000757-r2,external_verbatim_capability_boundary,external_unsupported_sql,b,4,-0.0,-0.0,4,ACTION:CLARIFY->QUERY,False,False,False,False,REJECT
qingye-R2-02-1,qingye-R2-02-1-r0,prospective_executor_labels,exclusion,a,1,-0.0,-0.0,0,MATCH,True,True,True,False,QUERY
qingye-R2-02-1,qingye-R2-02-1-r0,prospective_executor_labels,exclusion,a,2,-0.0,-0.0,0,MATCH,True,True,True,False,QUERY
qingye-R2-02-1,qingye-R2-02-1-r0,prospective_executor_labels,exclusion,a,3,-0.0,-0.0,0,MATCH,True,True,True,False,QUERY
qingye-R2-02-1,qingye-R2-02-1-r0,prospective_executor_labels,exclusion,a,4,-0.0,-0.0,0,MATCH,True,True,True,False,QUERY
qingye-R2-02-1,qingye-R2-02-1-r0,prospective_executor_labels,exclusion,b,1,-0.0,-0.0,0,MATCH,True,True,True,False,QUERY
qingye-R2-02-1,qingye-R2-02-1-r0,prospective_executor_labels,exclusion,b,2,-0.0,-0.0,0,MATCH,True,True,True,False,QUERY
qingye-R2-02-1,qingye-R2-02-1-r0,prospective_executor_labels,exclusion,b,3,-0.0,-0.0,0,MATCH,True,True,True,False,QUERY
qingye-R2-02-1,qingye-R2-02-1-r0,prospective_executor_labels,exclusion,b,4,-0.0,-0.0,0,MATCH,True,True,True,False,QUERY
library-DuSQL-qid001628,library-DuSQL-qid001628-r1,external_verbatim_capability_boundary,external_unsupported_sql,a,1,-0.0,-0.0,1,ACTION:CLARIFY->REJECT,False,False,False,False,REJECT
library-DuSQL-qid001628,library-DuSQL-qid001628-r1,external_verbatim_capability_boundary,external_unsupported_sql,a,2,-0.0,-0.0,2,ACTION:CLARIFY->REJECT,False,False,False,False,REJECT
library-DuSQL-qid001628,library-DuSQL-qid001628-r1,external_verbatim_capability_boundary,external_unsupported_sql,a,3,-0.0,-0.0,3,ACTION:CLARIFY->REJECT,False,False,False,False,REJECT
library-DuSQL-qid001628,library-DuSQL-qid001628-r1,external_verbatim_capability_boundary,external_unsupported_sql,a,4,-0.0,-0.0,4,ACTION:CLARIFY->REJECT,False,False,False,False,REJECT
library-DuSQL-qid001628,library-DuSQL-qid001628-r1,external_verbatim_capability_boundary,external_unsupported_sql,b,1,-0.0,-0.0,1,PROTOCOL_OR_TRANSPORT,False,False,False,False,REJECT
library-DuSQL-qid001628,library-DuSQL-qid001628-r1,external_verbatim_capability_boundary,external_unsupported_sql,b,2,1.0,1.0,2,PROTOCOL_OR_TRANSPORT,False,False,False,False,REJECT
library-DuSQL-qid001628,library-DuSQL-qid001628-r1,external_verbatim_capability_boundary,external_unsupported_sql,b,3,0.9182958340544896,0.9182958340544896,3,ACTION:CLARIFY->REJECT,False,False,False,False,REJECT
library-DuSQL-qid001628,library-DuSQL-qid001628-r1,external_verbatim_capability_boundary,external_unsupported_sql,b,4,1.0,1.0,4,PROTOCOL_OR_TRANSPORT,False,False,False,False,REJECT
qingye-R2-02-2,qingye-R2-02-2-r0,prospective_executor_labels,exclusion,a,1,-0.0,-0.0,0,MATCH,True,True,True,False,QUERY
qingye-R2-02-2,qingye-R2-02-2-r0,prospective_executor_labels,exclusion,a,2,-0.0,-0.0,0,MATCH,True,True,True,False,QUERY
qingye-R2-02-2,qingye-R2-02-2-r0,prospective_executor_labels,exclusion,a,3,-0.0,-0.0,0,MATCH,True,True,True,False,QUERY
qingye-R2-02-2,qingye-R2-02-2-r0,prospective_executor_labels,exclusion,a,4,-0.0,-0.0,0,MATCH,True,True,True,False,QUERY
qingye-R2-02-2,qingye-R2-02-2-r0,prospective_executor_labels,exclusion,b,1,-0.0,-0.0,0,MATCH,True,True,True,False,QUERY
qingye-R2-02-2,qingye-R2-02-2-r0,prospective_executor_labels,exclusion,b,2,-0.0,-0.0,0,MATCH,True,True,True,False,QUERY
qingye-R2-02-2,qingye-R2-02-2-r0,prospective_executor_labels,exclusion,b,3,-0.0,-0.0,0,MATCH,True,True,True,False,QUERY
qingye-R2-02-2,qingye-R2-02-2-r0,prospective_executor_labels,exclusion,b,4,-0.0,-0.0,0,MATCH,True,True,True,False,QUERY
